14:04:22.071 [tomcat-handler-11] ERROR ServiceExceptionHandler - No static resource .
org.springframework.web.servlet.resource.NoResourceFoundException: No static resource .
	at org.springframework.web.servlet.resource.ResourceHttpRequestHandler.handleRequest(ResourceHttpRequestHandler.java:585) ~[spring-webmvc-6.2.14.jar:6.2.14]
	at org.springframework.web.servlet.mvc.HttpRequestHandlerAdapter.handle(HttpRequestHandlerAdapter.java:52) ~[spring-webmvc-6.2.14.jar:6.2.14]
	at org.springframework.web.servlet.DispatcherServlet.doDispatch(DispatcherServlet.java:1089) ~[spring-webmvc-6.2.14.jar:6.2.14]
	at org.springframework.web.servlet.DispatcherServlet.doService(DispatcherServlet.java:979) ~[spring-webmvc-6.2.14.jar:6.2.14]
	at org.springframework.web.servlet.FrameworkServlet.processRequest(FrameworkServlet.java:1014) ~[spring-webmvc-6.2.14.jar:6.2.14]
	at org.springframework.web.servlet.FrameworkServlet.doGet(FrameworkServlet.java:903) ~[spring-webmvc-6.2.14.jar:6.2.14]
	at jakarta.servlet.http.HttpServlet.service(HttpServlet.java:564) ~[tomcat-embed-core-10.1.49.jar:6.0]
	at org.springframework.web.servlet.FrameworkServlet.service(FrameworkServlet.java:885) ~[spring-webmvc-6.2.14.jar:6.2.14]
	at jakarta.servlet.http.HttpServlet.service(HttpServlet.java:658) ~[tomcat-embed-core-10.1.49.jar:6.0]
	at org.apache.catalina.core.ApplicationFilterChain.internalDoFilter(ApplicationFilterChain.java:193) ~[tomcat-embed-core-10.1.49.jar:10.1.49]
	at org.apache.catalina.core.ApplicationFilterChain.doFilter(ApplicationFilterChain.java:138) ~[tomcat-embed-core-10.1.49.jar:10.1.49]
	at org.apache.tomcat.websocket.server.WsFilter.doFilter(WsFilter.java:51) ~[tomcat-embed-websocket-10.1.49.jar:10.1.49]
	at org.apache.catalina.core.ApplicationFilterChain.internalDoFilter(ApplicationFilterChain.java:162) ~[tomcat-embed-core-10.1.49.jar:10.1.49]
	at org.apache.catalina.core.ApplicationFilterChain.doFilter(ApplicationFilterChain.java:138) ~[tomcat-embed-core-10.1.49.jar:10.1.49]
	at org.springframework.web.filter.CompositeFilter$VirtualFilterChain.doFilter(CompositeFilter.java:108) ~[spring-web-6.2.14.jar:6.2.14]
	at org.springframework.web.filter.CompositeFilter$VirtualFilterChain.doFilter(CompositeFilter.java:108) ~[spring-web-6.2.14.jar:6.2.14]
	at org.springframework.security.web.FilterChainProxy.lambda$doFilterInternal$3(FilterChainProxy.java:231) ~[spring-security-web-6.5.7.jar:6.5.7]
	at org.springframework.security.web.FilterChainProxy$VirtualFilterChain.doFilter(FilterChainProxy.java:365) ~[spring-security-web-6.5.7.jar:6.5.7]
	at org.springframework.security.web.access.intercept.AuthorizationFilter.doFilter(AuthorizationFilter.java:101) ~[spring-security-web-6.5.7.jar:6.5.7]
	at org.springframework.security.web.FilterChainProxy$VirtualFilterChain.doFilter(FilterChainProxy.java:374) ~[spring-security-web-6.5.7.jar:6.5.7]
	at org.springframework.security.web.access.ExceptionTranslationFilter.doFilter(ExceptionTranslationFilter.java:125) ~[spring-security-web-6.5.7.jar:6.5.7]
	at org.springframework.security.web.access.ExceptionTranslationFilter.doFilter(ExceptionTranslationFilter.java:119) ~[spring-security-web-6.5.7.jar:6.5.7]
	at org.springframework.security.web.FilterChainProxy$VirtualFilterChain.doFilter(FilterChainProxy.java:374) ~[spring-security-web-6.5.7.jar:6.5.7]
	at org.springframework.security.web.authentication.AnonymousAuthenticationFilter.doFilter(AnonymousAuthenticationFilter.java:100) ~[spring-security-web-6.5.7.jar:6.5.7]
	at org.springframework.security.web.FilterChainProxy$VirtualFilterChain.doFilter(FilterChainProxy.java:374) ~[spring-security-web-6.5.7.jar:6.5.7]
	at org.springframework.security.web.servletapi.SecurityContextHolderAwareRequestFilter.doFilter(SecurityContextHolderAwareRequestFilter.java:179) ~[spring-security-web-6.5.7.jar:6.5.7]
	at org.springframework.security.web.FilterChainProxy$VirtualFilterChain.doFilter(FilterChainProxy.java:374) ~[spring-security-web-6.5.7.jar:6.5.7]
	at org.springframework.security.web.savedrequest.RequestCacheAwareFilter.doFilter(RequestCacheAwareFilter.java:63) ~[spring-security-web-6.5.7.jar:6.5.7]
	at org.springframework.security.web.FilterChainProxy$VirtualFilterChain.doFilter(FilterChainProxy.java:374) ~[spring-security-web-6.5.7.jar:6.5.7]
	at org.springframework.security.web.authentication.AuthenticationFilter.doFilterInternal(AuthenticationFilter.java:177) ~[spring-security-web-6.5.7.jar:6.5.7]
	at org.springframework.web.filter.OncePerRequestFilter.doFilter(OncePerRequestFilter.java:116) ~[spring-web-6.2.14.jar:6.2.14]
	at org.springframework.security.web.FilterChainProxy$VirtualFilterChain.doFilter(FilterChainProxy.java:374) ~[spring-security-web-6.5.7.jar:6.5.7]
	at org.springframework.security.oauth2.server.resource.web.authentication.BearerTokenAuthenticationFilter.doFilterInternal(BearerTokenAuthenticationFilter.java:158) ~[spring-security-oauth2-resource-server-6.5.7.jar:6.5.7]
	at org.springframework.web.filter.OncePerRequestFilter.doFilter(OncePerRequestFilter.java:116) ~[spring-web-6.2.14.jar:6.2.14]
	at org.springframework.security.web.FilterChainProxy$VirtualFilterChain.doFilter(FilterChainProxy.java:374) ~[spring-security-web-6.5.7.jar:6.5.7]
	at org.springframework.security.web.authentication.logout.LogoutFilter.doFilter(LogoutFilter.java:107) ~[spring-security-web-6.5.7.jar:6.5.7]
	at org.springframework.security.web.authentication.logout.LogoutFilter.doFilter(LogoutFilter.java:93) ~[spring-security-web-6.5.7.jar:6.5.7]
	at org.springframework.security.web.FilterChainProxy$VirtualFilterChain.doFilter(FilterChainProxy.java:374) ~[spring-security-web-6.5.7.jar:6.5.7]
	at org.springframework.security.web.csrf.CsrfFilter.doFilterInternal(CsrfFilter.java:117) ~[spring-security-web-6.5.7.jar:6.5.7]
	at org.springframework.web.filter.OncePerRequestFilter.doFilter(OncePerRequestFilter.java:116) ~[spring-web-6.2.14.jar:6.2.14]
	at org.springframework.security.web.FilterChainProxy$VirtualFilterChain.doFilter(FilterChainProxy.java:374) ~[spring-security-web-6.5.7.jar:6.5.7]
	at org.springframework.security.web.header.HeaderWriterFilter.doHeadersAfter(HeaderWriterFilter.java:90) ~[spring-security-web-6.5.7.jar:6.5.7]
	at org.springframework.security.web.header.HeaderWriterFilter.doFilterInternal(HeaderWriterFilter.java:75) ~[spring-security-web-6.5.7.jar:6.5.7]
	at org.springframework.web.filter.OncePerRequestFilter.doFilter(OncePerRequestFilter.java:116) ~[spring-web-6.2.14.jar:6.2.14]
	at org.springframework.security.web.FilterChainProxy$VirtualFilterChain.doFilter(FilterChainProxy.java:374) ~[spring-security-web-6.5.7.jar:6.5.7]
	at org.springframework.security.web.context.SecurityContextHolderFilter.doFilter(SecurityContextHolderFilter.java:82) ~[spring-security-web-6.5.7.jar:6.5.7]
	at org.springframework.security.web.context.SecurityContextHolderFilter.doFilter(SecurityContextHolderFilter.java:69) ~[spring-security-web-6.5.7.jar:6.5.7]
	at org.springframework.security.web.FilterChainProxy$VirtualFilterChain.doFilter(FilterChainProxy.java:374) ~[spring-security-web-6.5.7.jar:6.5.7]
	at org.springframework.security.web.context.request.async.WebAsyncManagerIntegrationFilter.doFilterInternal(WebAsyncManagerIntegrationFilter.java:62) ~[spring-security-web-6.5.7.jar:6.5.7]
	at org.springframework.web.filter.OncePerRequestFilter.doFilter(OncePerRequestFilter.java:116) ~[spring-web-6.2.14.jar:6.2.14]
	at org.springframework.security.web.FilterChainProxy$VirtualFilterChain.doFilter(FilterChainProxy.java:374) ~[spring-security-web-6.5.7.jar:6.5.7]
	at org.springframework.security.web.session.DisableEncodeUrlFilter.doFilterInternal(DisableEncodeUrlFilter.java:42) ~[spring-security-web-6.5.7.jar:6.5.7]
	at org.springframework.web.filter.OncePerRequestFilter.doFilter(OncePerRequestFilter.java:116) ~[spring-web-6.2.14.jar:6.2.14]
	at org.springframework.security.web.FilterChainProxy$VirtualFilterChain.doFilter(FilterChainProxy.java:374) ~[spring-security-web-6.5.7.jar:6.5.7]
	at org.springframework.security.web.FilterChainProxy.doFilterInternal(FilterChainProxy.java:233) ~[spring-security-web-6.5.7.jar:6.5.7]
	at org.springframework.security.web.FilterChainProxy.doFilter(FilterChainProxy.java:191) ~[spring-security-web-6.5.7.jar:6.5.7]
	at org.springframework.web.filter.CompositeFilter$VirtualFilterChain.doFilter(CompositeFilter.java:113) ~[spring-web-6.2.14.jar:6.2.14]
	at org.springframework.web.filter.ServletRequestPathFilter.doFilter(ServletRequestPathFilter.java:52) ~[spring-web-6.2.14.jar:6.2.14]
	at org.springframework.web.filter.CompositeFilter$VirtualFilterChain.doFilter(CompositeFilter.java:113) ~[spring-web-6.2.14.jar:6.2.14]
	at org.springframework.web.filter.CompositeFilter.doFilter(CompositeFilter.java:74) ~[spring-web-6.2.14.jar:6.2.14]
	at org.springframework.security.config.annotation.web.configuration.WebSecurityConfiguration$CompositeFilterChainProxy.doFilter(WebSecurityConfiguration.java:319) ~[spring-security-config-6.5.7.jar:6.5.7]
	at org.springframework.web.filter.CompositeFilter$VirtualFilterChain.doFilter(CompositeFilter.java:113) ~[spring-web-6.2.14.jar:6.2.14]
	at org.springframework.web.servlet.handler.HandlerMappingIntrospector.lambda$createCacheFilter$4(HandlerMappingIntrospector.java:267) ~[spring-webmvc-6.2.14.jar:6.2.14]
	at org.springframework.web.filter.CompositeFilter$VirtualFilterChain.doFilter(CompositeFilter.java:113) ~[spring-web-6.2.14.jar:6.2.14]
	at org.springframework.web.filter.CompositeFilter.doFilter(CompositeFilter.java:74) ~[spring-web-6.2.14.jar:6.2.14]
	at org.springframework.security.config.annotation.web.configuration.WebMvcSecurityConfiguration$CompositeFilterChainProxy.doFilter(WebMvcSecurityConfiguration.java:240) ~[spring-security-config-6.5.7.jar:6.5.7]
	at org.springframework.web.filter.DelegatingFilterProxy.invokeDelegate(DelegatingFilterProxy.java:362) ~[spring-web-6.2.14.jar:6.2.14]
	at org.springframework.web.filter.DelegatingFilterProxy.doFilter(DelegatingFilterProxy.java:278) ~[spring-web-6.2.14.jar:6.2.14]
	at org.apache.catalina.core.ApplicationFilterChain.internalDoFilter(ApplicationFilterChain.java:162) ~[tomcat-embed-core-10.1.49.jar:10.1.49]
	at org.apache.catalina.core.ApplicationFilterChain.doFilter(ApplicationFilterChain.java:138) ~[tomcat-embed-core-10.1.49.jar:10.1.49]
	at org.springframework.web.filter.RequestContextFilter.doFilterInternal(RequestContextFilter.java:100) ~[spring-web-6.2.14.jar:6.2.14]
	at org.springframework.web.filter.OncePerRequestFilter.doFilter(OncePerRequestFilter.java:116) ~[spring-web-6.2.14.jar:6.2.14]
	at org.apache.catalina.core.ApplicationFilterChain.internalDoFilter(ApplicationFilterChain.java:162) ~[tomcat-embed-core-10.1.49.jar:10.1.49]
	at org.apache.catalina.core.ApplicationFilterChain.doFilter(ApplicationFilterChain.java:138) ~[tomcat-embed-core-10.1.49.jar:10.1.49]
	at org.springframework.web.filter.FormContentFilter.doFilterInternal(FormContentFilter.java:93) ~[spring-web-6.2.14.jar:6.2.14]
	at org.springframework.web.filter.OncePerRequestFilter.doFilter(OncePerRequestFilter.java:116) ~[spring-web-6.2.14.jar:6.2.14]
	at org.apache.catalina.core.ApplicationFilterChain.internalDoFilter(ApplicationFilterChain.java:162) ~[tomcat-embed-core-10.1.49.jar:10.1.49]
	at org.apache.catalina.core.ApplicationFilterChain.doFilter(ApplicationFilterChain.java:138) ~[tomcat-embed-core-10.1.49.jar:10.1.49]
	at org.springframework.web.filter.CharacterEncodingFilter.doFilterInternal(CharacterEncodingFilter.java:201) ~[spring-web-6.2.14.jar:6.2.14]
	at org.springframework.web.filter.OncePerRequestFilter.doFilter(OncePerRequestFilter.java:116) ~[spring-web-6.2.14.jar:6.2.14]
	at org.apache.catalina.core.ApplicationFilterChain.internalDoFilter(ApplicationFilterChain.java:162) ~[tomcat-embed-core-10.1.49.jar:10.1.49]
	at org.apache.catalina.core.ApplicationFilterChain.doFilter(ApplicationFilterChain.java:138) ~[tomcat-embed-core-10.1.49.jar:10.1.49]
	at org.apache.catalina.core.StandardWrapperValve.invoke(StandardWrapperValve.java:165) ~[tomcat-embed-core-10.1.49.jar:10.1.49]
	at org.apache.catalina.core.StandardContextValve.invoke(StandardContextValve.java:88) ~[tomcat-embed-core-10.1.49.jar:10.1.49]
	at org.apache.catalina.authenticator.AuthenticatorBase.invoke(AuthenticatorBase.java:482) ~[tomcat-embed-core-10.1.49.jar:10.1.49]
	at org.apache.catalina.core.StandardHostValve.invoke(StandardHostValve.java:113) ~[tomcat-embed-core-10.1.49.jar:10.1.49]
	at org.apache.catalina.valves.ErrorReportValve.invoke(ErrorReportValve.java:83) ~[tomcat-embed-core-10.1.49.jar:10.1.49]
	at org.apache.catalina.core.StandardEngineValve.invoke(StandardEngineValve.java:72) ~[tomcat-embed-core-10.1.49.jar:10.1.49]
	at org.apache.catalina.connector.CoyoteAdapter.service(CoyoteAdapter.java:342) ~[tomcat-embed-core-10.1.49.jar:10.1.49]
	at org.apache.coyote.http11.Http11Processor.service(Http11Processor.java:399) ~[tomcat-embed-core-10.1.49.jar:10.1.49]
	at org.apache.coyote.AbstractProcessorLight.process(AbstractProcessorLight.java:63) ~[tomcat-embed-core-10.1.49.jar:10.1.49]
	at org.apache.coyote.AbstractProtocol$ConnectionHandler.process(AbstractProtocol.java:903) ~[tomcat-embed-core-10.1.49.jar:10.1.49]
	at org.apache.tomcat.util.net.NioEndpoint$SocketProcessor.doRun(NioEndpoint.java:1774) ~[tomcat-embed-core-10.1.49.jar:10.1.49]
	at org.apache.tomcat.util.net.SocketProcessorBase.run(SocketProcessorBase.java:52) ~[tomcat-embed-core-10.1.49.jar:10.1.49]
	at java.base/java.lang.VirtualThread.run(VirtualThread.java:329) ~[?:?]
14:04:44.580 [tomcat-handler-12] ERROR ServiceExceptionHandler - No static resource api/clients/createid.
org.springframework.web.servlet.resource.NoResourceFoundException: No static resource api/clients/createid.
	at org.springframework.web.servlet.resource.ResourceHttpRequestHandler.handleRequest(ResourceHttpRequestHandler.java:585) ~[spring-webmvc-6.2.14.jar:6.2.14]
	at org.springframework.web.servlet.mvc.HttpRequestHandlerAdapter.handle(HttpRequestHandlerAdapter.java:52) ~[spring-webmvc-6.2.14.jar:6.2.14]
	at org.springframework.web.servlet.DispatcherServlet.doDispatch(DispatcherServlet.java:1089) ~[spring-webmvc-6.2.14.jar:6.2.14]
	at org.springframework.web.servlet.DispatcherServlet.doService(DispatcherServlet.java:979) ~[spring-webmvc-6.2.14.jar:6.2.14]
	at org.springframework.web.servlet.FrameworkServlet.processRequest(FrameworkServlet.java:1014) ~[spring-webmvc-6.2.14.jar:6.2.14]
	at org.springframework.web.servlet.FrameworkServlet.doPost(FrameworkServlet.java:914) ~[spring-webmvc-6.2.14.jar:6.2.14]
	at jakarta.servlet.http.HttpServlet.service(HttpServlet.java:590) ~[tomcat-embed-core-10.1.49.jar:6.0]
	at org.springframework.web.servlet.FrameworkServlet.service(FrameworkServlet.java:885) ~[spring-webmvc-6.2.14.jar:6.2.14]
	at jakarta.servlet.http.HttpServlet.service(HttpServlet.java:658) ~[tomcat-embed-core-10.1.49.jar:6.0]
	at org.apache.catalina.core.ApplicationFilterChain.internalDoFilter(ApplicationFilterChain.java:193) ~[tomcat-embed-core-10.1.49.jar:10.1.49]
	at org.apache.catalina.core.ApplicationFilterChain.doFilter(ApplicationFilterChain.java:138) ~[tomcat-embed-core-10.1.49.jar:10.1.49]
	at org.apache.tomcat.websocket.server.WsFilter.doFilter(WsFilter.java:51) ~[tomcat-embed-websocket-10.1.49.jar:10.1.49]
	at org.apache.catalina.core.ApplicationFilterChain.internalDoFilter(ApplicationFilterChain.java:162) ~[tomcat-embed-core-10.1.49.jar:10.1.49]
	at org.apache.catalina.core.ApplicationFilterChain.doFilter(ApplicationFilterChain.java:138) ~[tomcat-embed-core-10.1.49.jar:10.1.49]
	at org.springframework.web.filter.CompositeFilter$VirtualFilterChain.doFilter(CompositeFilter.java:108) ~[spring-web-6.2.14.jar:6.2.14]
	at org.springframework.web.filter.CompositeFilter$VirtualFilterChain.doFilter(CompositeFilter.java:108) ~[spring-web-6.2.14.jar:6.2.14]
	at org.springframework.security.web.FilterChainProxy.lambda$doFilterInternal$3(FilterChainProxy.java:231) ~[spring-security-web-6.5.7.jar:6.5.7]
	at org.springframework.security.web.FilterChainProxy$VirtualFilterChain.doFilter(FilterChainProxy.java:365) ~[spring-security-web-6.5.7.jar:6.5.7]
	at org.springframework.security.web.access.intercept.AuthorizationFilter.doFilter(AuthorizationFilter.java:101) ~[spring-security-web-6.5.7.jar:6.5.7]
	at org.springframework.security.web.FilterChainProxy$VirtualFilterChain.doFilter(FilterChainProxy.java:374) ~[spring-security-web-6.5.7.jar:6.5.7]
	at org.springframework.security.web.access.ExceptionTranslationFilter.doFilter(ExceptionTranslationFilter.java:125) ~[spring-security-web-6.5.7.jar:6.5.7]
	at org.springframework.security.web.access.ExceptionTranslationFilter.doFilter(ExceptionTranslationFilter.java:119) ~[spring-security-web-6.5.7.jar:6.5.7]
	at org.springframework.security.web.FilterChainProxy$VirtualFilterChain.doFilter(FilterChainProxy.java:374) ~[spring-security-web-6.5.7.jar:6.5.7]
	at org.springframework.security.web.authentication.AnonymousAuthenticationFilter.doFilter(AnonymousAuthenticationFilter.java:100) ~[spring-security-web-6.5.7.jar:6.5.7]
	at org.springframework.security.web.FilterChainProxy$VirtualFilterChain.doFilter(FilterChainProxy.java:374) ~[spring-security-web-6.5.7.jar:6.5.7]
	at org.springframework.security.web.servletapi.SecurityContextHolderAwareRequestFilter.doFilter(SecurityContextHolderAwareRequestFilter.java:179) ~[spring-security-web-6.5.7.jar:6.5.7]
	at org.springframework.security.web.FilterChainProxy$VirtualFilterChain.doFilter(FilterChainProxy.java:374) ~[spring-security-web-6.5.7.jar:6.5.7]
	at org.springframework.security.web.savedrequest.RequestCacheAwareFilter.doFilter(RequestCacheAwareFilter.java:63) ~[spring-security-web-6.5.7.jar:6.5.7]
	at org.springframework.security.web.FilterChainProxy$VirtualFilterChain.doFilter(FilterChainProxy.java:374) ~[spring-security-web-6.5.7.jar:6.5.7]
	at org.springframework.security.web.authentication.AuthenticationFilter.doFilterInternal(AuthenticationFilter.java:177) ~[spring-security-web-6.5.7.jar:6.5.7]
	at org.springframework.web.filter.OncePerRequestFilter.doFilter(OncePerRequestFilter.java:116) ~[spring-web-6.2.14.jar:6.2.14]
	at org.springframework.security.web.FilterChainProxy$VirtualFilterChain.doFilter(FilterChainProxy.java:374) ~[spring-security-web-6.5.7.jar:6.5.7]
	at org.springframework.security.oauth2.server.resource.web.authentication.BearerTokenAuthenticationFilter.doFilterInternal(BearerTokenAuthenticationFilter.java:158) ~[spring-security-oauth2-resource-server-6.5.7.jar:6.5.7]
	at org.springframework.web.filter.OncePerRequestFilter.doFilter(OncePerRequestFilter.java:116) ~[spring-web-6.2.14.jar:6.2.14]
	at org.springframework.security.web.FilterChainProxy$VirtualFilterChain.doFilter(FilterChainProxy.java:374) ~[spring-security-web-6.5.7.jar:6.5.7]
	at org.springframework.security.web.authentication.logout.LogoutFilter.doFilter(LogoutFilter.java:107) ~[spring-security-web-6.5.7.jar:6.5.7]
	at org.springframework.security.web.authentication.logout.LogoutFilter.doFilter(LogoutFilter.java:93) ~[spring-security-web-6.5.7.jar:6.5.7]
	at org.springframework.security.web.FilterChainProxy$VirtualFilterChain.doFilter(FilterChainProxy.java:374) ~[spring-security-web-6.5.7.jar:6.5.7]
	at org.springframework.security.web.csrf.CsrfFilter.doFilterInternal(CsrfFilter.java:117) ~[spring-security-web-6.5.7.jar:6.5.7]
	at org.springframework.web.filter.OncePerRequestFilter.doFilter(OncePerRequestFilter.java:116) ~[spring-web-6.2.14.jar:6.2.14]
	at org.springframework.security.web.FilterChainProxy$VirtualFilterChain.doFilter(FilterChainProxy.java:374) ~[spring-security-web-6.5.7.jar:6.5.7]
	at org.springframework.security.web.header.HeaderWriterFilter.doHeadersAfter(HeaderWriterFilter.java:90) ~[spring-security-web-6.5.7.jar:6.5.7]
	at org.springframework.security.web.header.HeaderWriterFilter.doFilterInternal(HeaderWriterFilter.java:75) ~[spring-security-web-6.5.7.jar:6.5.7]
	at org.springframework.web.filter.OncePerRequestFilter.doFilter(OncePerRequestFilter.java:116) ~[spring-web-6.2.14.jar:6.2.14]
	at org.springframework.security.web.FilterChainProxy$VirtualFilterChain.doFilter(FilterChainProxy.java:374) ~[spring-security-web-6.5.7.jar:6.5.7]
	at org.springframework.security.web.context.SecurityContextHolderFilter.doFilter(SecurityContextHolderFilter.java:82) ~[spring-security-web-6.5.7.jar:6.5.7]
	at org.springframework.security.web.context.SecurityContextHolderFilter.doFilter(SecurityContextHolderFilter.java:69) ~[spring-security-web-6.5.7.jar:6.5.7]
	at org.springframework.security.web.FilterChainProxy$VirtualFilterChain.doFilter(FilterChainProxy.java:374) ~[spring-security-web-6.5.7.jar:6.5.7]
	at org.springframework.security.web.context.request.async.WebAsyncManagerIntegrationFilter.doFilterInternal(WebAsyncManagerIntegrationFilter.java:62) ~[spring-security-web-6.5.7.jar:6.5.7]
	at org.springframework.web.filter.OncePerRequestFilter.doFilter(OncePerRequestFilter.java:116) ~[spring-web-6.2.14.jar:6.2.14]
	at org.springframework.security.web.FilterChainProxy$VirtualFilterChain.doFilter(FilterChainProxy.java:374) ~[spring-security-web-6.5.7.jar:6.5.7]
	at org.springframework.security.web.session.DisableEncodeUrlFilter.doFilterInternal(DisableEncodeUrlFilter.java:42) ~[spring-security-web-6.5.7.jar:6.5.7]
	at org.springframework.web.filter.OncePerRequestFilter.doFilter(OncePerRequestFilter.java:116) ~[spring-web-6.2.14.jar:6.2.14]
	at org.springframework.security.web.FilterChainProxy$VirtualFilterChain.doFilter(FilterChainProxy.java:374) ~[spring-security-web-6.5.7.jar:6.5.7]
	at org.springframework.security.web.FilterChainProxy.doFilterInternal(FilterChainProxy.java:233) ~[spring-security-web-6.5.7.jar:6.5.7]
	at org.springframework.security.web.FilterChainProxy.doFilter(FilterChainProxy.java:191) ~[spring-security-web-6.5.7.jar:6.5.7]
	at org.springframework.web.filter.CompositeFilter$VirtualFilterChain.doFilter(CompositeFilter.java:113) ~[spring-web-6.2.14.jar:6.2.14]
	at org.springframework.web.filter.ServletRequestPathFilter.doFilter(ServletRequestPathFilter.java:52) ~[spring-web-6.2.14.jar:6.2.14]
	at org.springframework.web.filter.CompositeFilter$VirtualFilterChain.doFilter(CompositeFilter.java:113) ~[spring-web-6.2.14.jar:6.2.14]
	at org.springframework.web.filter.CompositeFilter.doFilter(CompositeFilter.java:74) ~[spring-web-6.2.14.jar:6.2.14]
	at org.springframework.security.config.annotation.web.configuration.WebSecurityConfiguration$CompositeFilterChainProxy.doFilter(WebSecurityConfiguration.java:319) ~[spring-security-config-6.5.7.jar:6.5.7]
	at org.springframework.web.filter.CompositeFilter$VirtualFilterChain.doFilter(CompositeFilter.java:113) ~[spring-web-6.2.14.jar:6.2.14]
	at org.springframework.web.servlet.handler.HandlerMappingIntrospector.lambda$createCacheFilter$4(HandlerMappingIntrospector.java:267) ~[spring-webmvc-6.2.14.jar:6.2.14]
	at org.springframework.web.filter.CompositeFilter$VirtualFilterChain.doFilter(CompositeFilter.java:113) ~[spring-web-6.2.14.jar:6.2.14]
	at org.springframework.web.filter.CompositeFilter.doFilter(CompositeFilter.java:74) ~[spring-web-6.2.14.jar:6.2.14]
	at org.springframework.security.config.annotation.web.configuration.WebMvcSecurityConfiguration$CompositeFilterChainProxy.doFilter(WebMvcSecurityConfiguration.java:240) ~[spring-security-config-6.5.7.jar:6.5.7]
	at org.springframework.web.filter.DelegatingFilterProxy.invokeDelegate(DelegatingFilterProxy.java:362) ~[spring-web-6.2.14.jar:6.2.14]
	at org.springframework.web.filter.DelegatingFilterProxy.doFilter(DelegatingFilterProxy.java:278) ~[spring-web-6.2.14.jar:6.2.14]
	at org.apache.catalina.core.ApplicationFilterChain.internalDoFilter(ApplicationFilterChain.java:162) ~[tomcat-embed-core-10.1.49.jar:10.1.49]
	at org.apache.catalina.core.ApplicationFilterChain.doFilter(ApplicationFilterChain.java:138) ~[tomcat-embed-core-10.1.49.jar:10.1.49]
	at org.springframework.web.filter.RequestContextFilter.doFilterInternal(RequestContextFilter.java:100) ~[spring-web-6.2.14.jar:6.2.14]
	at org.springframework.web.filter.OncePerRequestFilter.doFilter(OncePerRequestFilter.java:116) ~[spring-web-6.2.14.jar:6.2.14]
	at org.apache.catalina.core.ApplicationFilterChain.internalDoFilter(ApplicationFilterChain.java:162) ~[tomcat-embed-core-10.1.49.jar:10.1.49]
	at org.apache.catalina.core.ApplicationFilterChain.doFilter(ApplicationFilterChain.java:138) ~[tomcat-embed-core-10.1.49.jar:10.1.49]
	at org.springframework.web.filter.FormContentFilter.doFilterInternal(FormContentFilter.java:93) ~[spring-web-6.2.14.jar:6.2.14]
	at org.springframework.web.filter.OncePerRequestFilter.doFilter(OncePerRequestFilter.java:116) ~[spring-web-6.2.14.jar:6.2.14]
	at org.apache.catalina.core.ApplicationFilterChain.internalDoFilter(ApplicationFilterChain.java:162) ~[tomcat-embed-core-10.1.49.jar:10.1.49]
	at org.apache.catalina.core.ApplicationFilterChain.doFilter(ApplicationFilterChain.java:138) ~[tomcat-embed-core-10.1.49.jar:10.1.49]
	at org.springframework.web.filter.CharacterEncodingFilter.doFilterInternal(CharacterEncodingFilter.java:201) ~[spring-web-6.2.14.jar:6.2.14]
	at org.springframework.web.filter.OncePerRequestFilter.doFilter(OncePerRequestFilter.java:116) ~[spring-web-6.2.14.jar:6.2.14]
	at org.apache.catalina.core.ApplicationFilterChain.internalDoFilter(ApplicationFilterChain.java:162) ~[tomcat-embed-core-10.1.49.jar:10.1.49]
	at org.apache.catalina.core.ApplicationFilterChain.doFilter(ApplicationFilterChain.java:138) ~[tomcat-embed-core-10.1.49.jar:10.1.49]
	at org.apache.catalina.core.StandardWrapperValve.invoke(StandardWrapperValve.java:165) ~[tomcat-embed-core-10.1.49.jar:10.1.49]
	at org.apache.catalina.core.StandardContextValve.invoke(StandardContextValve.java:88) ~[tomcat-embed-core-10.1.49.jar:10.1.49]
	at org.apache.catalina.authenticator.AuthenticatorBase.invoke(AuthenticatorBase.java:482) ~[tomcat-embed-core-10.1.49.jar:10.1.49]
	at org.apache.catalina.core.StandardHostValve.invoke(StandardHostValve.java:113) ~[tomcat-embed-core-10.1.49.jar:10.1.49]
	at org.apache.catalina.valves.ErrorReportValve.invoke(ErrorReportValve.java:83) ~[tomcat-embed-core-10.1.49.jar:10.1.49]
	at org.apache.catalina.core.StandardEngineValve.invoke(StandardEngineValve.java:72) ~[tomcat-embed-core-10.1.49.jar:10.1.49]
	at org.apache.catalina.connector.CoyoteAdapter.service(CoyoteAdapter.java:342) ~[tomcat-embed-core-10.1.49.jar:10.1.49]
	at org.apache.coyote.http11.Http11Processor.service(Http11Processor.java:399) ~[tomcat-embed-core-10.1.49.jar:10.1.49]
	at org.apache.coyote.AbstractProcessorLight.process(AbstractProcessorLight.java:63) ~[tomcat-embed-core-10.1.49.jar:10.1.49]
	at org.apache.coyote.AbstractProtocol$ConnectionHandler.process(AbstractProtocol.java:903) ~[tomcat-embed-core-10.1.49.jar:10.1.49]
	at org.apache.tomcat.util.net.NioEndpoint$SocketProcessor.doRun(NioEndpoint.java:1774) ~[tomcat-embed-core-10.1.49.jar:10.1.49]
	at org.apache.tomcat.util.net.SocketProcessorBase.run(SocketProcessorBase.java:52) ~[tomcat-embed-core-10.1.49.jar:10.1.49]
	at java.base/java.lang.VirtualThread.run(VirtualThread.java:329) ~[?:?]
14:05:35.038 [tomcat-handler-1] ERROR ServiceExceptionHandler - No static resource api/clients.
org.springframework.web.servlet.resource.NoResourceFoundException: No static resource api/clients.
	at org.springframework.web.servlet.resource.ResourceHttpRequestHandler.handleRequest(ResourceHttpRequestHandler.java:585) ~[spring-webmvc-6.2.14.jar:6.2.14]
	at org.springframework.web.servlet.mvc.HttpRequestHandlerAdapter.handle(HttpRequestHandlerAdapter.java:52) ~[spring-webmvc-6.2.14.jar:6.2.14]
	at org.springframework.web.servlet.DispatcherServlet.doDispatch(DispatcherServlet.java:1089) ~[spring-webmvc-6.2.14.jar:6.2.14]
	at org.springframework.web.servlet.DispatcherServlet.doService(DispatcherServlet.java:979) ~[spring-webmvc-6.2.14.jar:6.2.14]
	at org.springframework.web.servlet.FrameworkServlet.processRequest(FrameworkServlet.java:1014) ~[spring-webmvc-6.2.14.jar:6.2.14]
	at org.springframework.web.servlet.FrameworkServlet.doPost(FrameworkServlet.java:914) ~[spring-webmvc-6.2.14.jar:6.2.14]
	at jakarta.servlet.http.HttpServlet.service(HttpServlet.java:590) ~[tomcat-embed-core-10.1.49.jar:6.0]
	at org.springframework.web.servlet.FrameworkServlet.service(FrameworkServlet.java:885) ~[spring-webmvc-6.2.14.jar:6.2.14]
	at jakarta.servlet.http.HttpServlet.service(HttpServlet.java:658) ~[tomcat-embed-core-10.1.49.jar:6.0]
	at org.apache.catalina.core.ApplicationFilterChain.internalDoFilter(ApplicationFilterChain.java:193) ~[tomcat-embed-core-10.1.49.jar:10.1.49]
	at org.apache.catalina.core.ApplicationFilterChain.doFilter(ApplicationFilterChain.java:138) ~[tomcat-embed-core-10.1.49.jar:10.1.49]
	at org.apache.tomcat.websocket.server.WsFilter.doFilter(WsFilter.java:51) ~[tomcat-embed-websocket-10.1.49.jar:10.1.49]
	at org.apache.catalina.core.ApplicationFilterChain.internalDoFilter(ApplicationFilterChain.java:162) ~[tomcat-embed-core-10.1.49.jar:10.1.49]
	at org.apache.catalina.core.ApplicationFilterChain.doFilter(ApplicationFilterChain.java:138) ~[tomcat-embed-core-10.1.49.jar:10.1.49]
	at org.springframework.web.filter.CompositeFilter$VirtualFilterChain.doFilter(CompositeFilter.java:108) ~[spring-web-6.2.14.jar:6.2.14]
	at org.springframework.web.filter.CompositeFilter$VirtualFilterChain.doFilter(CompositeFilter.java:108) ~[spring-web-6.2.14.jar:6.2.14]
	at org.springframework.security.web.FilterChainProxy.lambda$doFilterInternal$3(FilterChainProxy.java:231) ~[spring-security-web-6.5.7.jar:6.5.7]
	at org.springframework.security.web.FilterChainProxy$VirtualFilterChain.doFilter(FilterChainProxy.java:365) ~[spring-security-web-6.5.7.jar:6.5.7]
	at org.springframework.security.web.access.intercept.AuthorizationFilter.doFilter(AuthorizationFilter.java:101) ~[spring-security-web-6.5.7.jar:6.5.7]
	at org.springframework.security.web.FilterChainProxy$VirtualFilterChain.doFilter(FilterChainProxy.java:374) ~[spring-security-web-6.5.7.jar:6.5.7]
	at org.springframework.security.web.access.ExceptionTranslationFilter.doFilter(ExceptionTranslationFilter.java:125) ~[spring-security-web-6.5.7.jar:6.5.7]
	at org.springframework.security.web.access.ExceptionTranslationFilter.doFilter(ExceptionTranslationFilter.java:119) ~[spring-security-web-6.5.7.jar:6.5.7]
	at org.springframework.security.web.FilterChainProxy$VirtualFilterChain.doFilter(FilterChainProxy.java:374) ~[spring-security-web-6.5.7.jar:6.5.7]
	at org.springframework.security.web.authentication.AnonymousAuthenticationFilter.doFilter(AnonymousAuthenticationFilter.java:100) ~[spring-security-web-6.5.7.jar:6.5.7]
	at org.springframework.security.web.FilterChainProxy$VirtualFilterChain.doFilter(FilterChainProxy.java:374) ~[spring-security-web-6.5.7.jar:6.5.7]
	at org.springframework.security.web.servletapi.SecurityContextHolderAwareRequestFilter.doFilter(SecurityContextHolderAwareRequestFilter.java:179) ~[spring-security-web-6.5.7.jar:6.5.7]
	at org.springframework.security.web.FilterChainProxy$VirtualFilterChain.doFilter(FilterChainProxy.java:374) ~[spring-security-web-6.5.7.jar:6.5.7]
	at org.springframework.security.web.savedrequest.RequestCacheAwareFilter.doFilter(RequestCacheAwareFilter.java:63) ~[spring-security-web-6.5.7.jar:6.5.7]
	at org.springframework.security.web.FilterChainProxy$VirtualFilterChain.doFilter(FilterChainProxy.java:374) ~[spring-security-web-6.5.7.jar:6.5.7]
	at org.springframework.security.web.authentication.AuthenticationFilter.doFilterInternal(AuthenticationFilter.java:177) ~[spring-security-web-6.5.7.jar:6.5.7]
	at org.springframework.web.filter.OncePerRequestFilter.doFilter(OncePerRequestFilter.java:116) ~[spring-web-6.2.14.jar:6.2.14]
	at org.springframework.security.web.FilterChainProxy$VirtualFilterChain.doFilter(FilterChainProxy.java:374) ~[spring-security-web-6.5.7.jar:6.5.7]
	at org.springframework.security.oauth2.server.resource.web.authentication.BearerTokenAuthenticationFilter.doFilterInternal(BearerTokenAuthenticationFilter.java:158) ~[spring-security-oauth2-resource-server-6.5.7.jar:6.5.7]
	at org.springframework.web.filter.OncePerRequestFilter.doFilter(OncePerRequestFilter.java:116) ~[spring-web-6.2.14.jar:6.2.14]
	at org.springframework.security.web.FilterChainProxy$VirtualFilterChain.doFilter(FilterChainProxy.java:374) ~[spring-security-web-6.5.7.jar:6.5.7]
	at org.springframework.security.web.authentication.logout.LogoutFilter.doFilter(LogoutFilter.java:107) ~[spring-security-web-6.5.7.jar:6.5.7]
	at org.springframework.security.web.authentication.logout.LogoutFilter.doFilter(LogoutFilter.java:93) ~[spring-security-web-6.5.7.jar:6.5.7]
	at org.springframework.security.web.FilterChainProxy$VirtualFilterChain.doFilter(FilterChainProxy.java:374) ~[spring-security-web-6.5.7.jar:6.5.7]
	at org.springframework.security.web.csrf.CsrfFilter.doFilterInternal(CsrfFilter.java:117) ~[spring-security-web-6.5.7.jar:6.5.7]
	at org.springframework.web.filter.OncePerRequestFilter.doFilter(OncePerRequestFilter.java:116) ~[spring-web-6.2.14.jar:6.2.14]
	at org.springframework.security.web.FilterChainProxy$VirtualFilterChain.doFilter(FilterChainProxy.java:374) ~[spring-security-web-6.5.7.jar:6.5.7]
	at org.springframework.security.web.header.HeaderWriterFilter.doHeadersAfter(HeaderWriterFilter.java:90) ~[spring-security-web-6.5.7.jar:6.5.7]
	at org.springframework.security.web.header.HeaderWriterFilter.doFilterInternal(HeaderWriterFilter.java:75) ~[spring-security-web-6.5.7.jar:6.5.7]
	at org.springframework.web.filter.OncePerRequestFilter.doFilter(OncePerRequestFilter.java:116) ~[spring-web-6.2.14.jar:6.2.14]
	at org.springframework.security.web.FilterChainProxy$VirtualFilterChain.doFilter(FilterChainProxy.java:374) ~[spring-security-web-6.5.7.jar:6.5.7]
	at org.springframework.security.web.context.SecurityContextHolderFilter.doFilter(SecurityContextHolderFilter.java:82) ~[spring-security-web-6.5.7.jar:6.5.7]
	at org.springframework.security.web.context.SecurityContextHolderFilter.doFilter(SecurityContextHolderFilter.java:69) ~[spring-security-web-6.5.7.jar:6.5.7]
	at org.springframework.security.web.FilterChainProxy$VirtualFilterChain.doFilter(FilterChainProxy.java:374) ~[spring-security-web-6.5.7.jar:6.5.7]
	at org.springframework.security.web.context.request.async.WebAsyncManagerIntegrationFilter.doFilterInternal(WebAsyncManagerIntegrationFilter.java:62) ~[spring-security-web-6.5.7.jar:6.5.7]
	at org.springframework.web.filter.OncePerRequestFilter.doFilter(OncePerRequestFilter.java:116) ~[spring-web-6.2.14.jar:6.2.14]
	at org.springframework.security.web.FilterChainProxy$VirtualFilterChain.doFilter(FilterChainProxy.java:374) ~[spring-security-web-6.5.7.jar:6.5.7]
	at org.springframework.security.web.session.DisableEncodeUrlFilter.doFilterInternal(DisableEncodeUrlFilter.java:42) ~[spring-security-web-6.5.7.jar:6.5.7]
	at org.springframework.web.filter.OncePerRequestFilter.doFilter(OncePerRequestFilter.java:116) ~[spring-web-6.2.14.jar:6.2.14]
	at org.springframework.security.web.FilterChainProxy$VirtualFilterChain.doFilter(FilterChainProxy.java:374) ~[spring-security-web-6.5.7.jar:6.5.7]
	at org.springframework.security.web.FilterChainProxy.doFilterInternal(FilterChainProxy.java:233) ~[spring-security-web-6.5.7.jar:6.5.7]
	at org.springframework.security.web.FilterChainProxy.doFilter(FilterChainProxy.java:191) ~[spring-security-web-6.5.7.jar:6.5.7]
	at org.springframework.web.filter.CompositeFilter$VirtualFilterChain.doFilter(CompositeFilter.java:113) ~[spring-web-6.2.14.jar:6.2.14]
	at org.springframework.web.filter.ServletRequestPathFilter.doFilter(ServletRequestPathFilter.java:52) ~[spring-web-6.2.14.jar:6.2.14]
	at org.springframework.web.filter.CompositeFilter$VirtualFilterChain.doFilter(CompositeFilter.java:113) ~[spring-web-6.2.14.jar:6.2.14]
	at org.springframework.web.filter.CompositeFilter.doFilter(CompositeFilter.java:74) ~[spring-web-6.2.14.jar:6.2.14]
	at org.springframework.security.config.annotation.web.configuration.WebSecurityConfiguration$CompositeFilterChainProxy.doFilter(WebSecurityConfiguration.java:319) ~[spring-security-config-6.5.7.jar:6.5.7]
	at org.springframework.web.filter.CompositeFilter$VirtualFilterChain.doFilter(CompositeFilter.java:113) ~[spring-web-6.2.14.jar:6.2.14]
	at org.springframework.web.servlet.handler.HandlerMappingIntrospector.lambda$createCacheFilter$4(HandlerMappingIntrospector.java:267) ~[spring-webmvc-6.2.14.jar:6.2.14]
	at org.springframework.web.filter.CompositeFilter$VirtualFilterChain.doFilter(CompositeFilter.java:113) ~[spring-web-6.2.14.jar:6.2.14]
	at org.springframework.web.filter.CompositeFilter.doFilter(CompositeFilter.java:74) ~[spring-web-6.2.14.jar:6.2.14]
	at org.springframework.security.config.annotation.web.configuration.WebMvcSecurityConfiguration$CompositeFilterChainProxy.doFilter(WebMvcSecurityConfiguration.java:240) ~[spring-security-config-6.5.7.jar:6.5.7]
	at org.springframework.web.filter.DelegatingFilterProxy.invokeDelegate(DelegatingFilterProxy.java:362) ~[spring-web-6.2.14.jar:6.2.14]
	at org.springframework.web.filter.DelegatingFilterProxy.doFilter(DelegatingFilterProxy.java:278) ~[spring-web-6.2.14.jar:6.2.14]
	at org.apache.catalina.core.ApplicationFilterChain.internalDoFilter(ApplicationFilterChain.java:162) ~[tomcat-embed-core-10.1.49.jar:10.1.49]
	at org.apache.catalina.core.ApplicationFilterChain.doFilter(ApplicationFilterChain.java:138) ~[tomcat-embed-core-10.1.49.jar:10.1.49]
	at org.springframework.web.filter.RequestContextFilter.doFilterInternal(RequestContextFilter.java:100) ~[spring-web-6.2.14.jar:6.2.14]
	at org.springframework.web.filter.OncePerRequestFilter.doFilter(OncePerRequestFilter.java:116) ~[spring-web-6.2.14.jar:6.2.14]
	at org.apache.catalina.core.ApplicationFilterChain.internalDoFilter(ApplicationFilterChain.java:162) ~[tomcat-embed-core-10.1.49.jar:10.1.49]
	at org.apache.catalina.core.ApplicationFilterChain.doFilter(ApplicationFilterChain.java:138) ~[tomcat-embed-core-10.1.49.jar:10.1.49]
	at org.springframework.web.filter.FormContentFilter.doFilterInternal(FormContentFilter.java:93) ~[spring-web-6.2.14.jar:6.2.14]
	at org.springframework.web.filter.OncePerRequestFilter.doFilter(OncePerRequestFilter.java:116) ~[spring-web-6.2.14.jar:6.2.14]
	at org.apache.catalina.core.ApplicationFilterChain.internalDoFilter(ApplicationFilterChain.java:162) ~[tomcat-embed-core-10.1.49.jar:10.1.49]
	at org.apache.catalina.core.ApplicationFilterChain.doFilter(ApplicationFilterChain.java:138) ~[tomcat-embed-core-10.1.49.jar:10.1.49]
	at org.springframework.web.filter.CharacterEncodingFilter.doFilterInternal(CharacterEncodingFilter.java:201) ~[spring-web-6.2.14.jar:6.2.14]
	at org.springframework.web.filter.OncePerRequestFilter.doFilter(OncePerRequestFilter.java:116) ~[spring-web-6.2.14.jar:6.2.14]
	at org.apache.catalina.core.ApplicationFilterChain.internalDoFilter(ApplicationFilterChain.java:162) ~[tomcat-embed-core-10.1.49.jar:10.1.49]
	at org.apache.catalina.core.ApplicationFilterChain.doFilter(ApplicationFilterChain.java:138) ~[tomcat-embed-core-10.1.49.jar:10.1.49]
	at org.apache.catalina.core.StandardWrapperValve.invoke(StandardWrapperValve.java:165) ~[tomcat-embed-core-10.1.49.jar:10.1.49]
	at org.apache.catalina.core.StandardContextValve.invoke(StandardContextValve.java:88) ~[tomcat-embed-core-10.1.49.jar:10.1.49]
	at org.apache.catalina.authenticator.AuthenticatorBase.invoke(AuthenticatorBase.java:482) ~[tomcat-embed-core-10.1.49.jar:10.1.49]
	at org.apache.catalina.core.StandardHostValve.invoke(StandardHostValve.java:113) ~[tomcat-embed-core-10.1.49.jar:10.1.49]
	at org.apache.catalina.valves.ErrorReportValve.invoke(ErrorReportValve.java:83) ~[tomcat-embed-core-10.1.49.jar:10.1.49]
	at org.apache.catalina.core.StandardEngineValve.invoke(StandardEngineValve.java:72) ~[tomcat-embed-core-10.1.49.jar:10.1.49]
	at org.apache.catalina.connector.CoyoteAdapter.service(CoyoteAdapter.java:342) ~[tomcat-embed-core-10.1.49.jar:10.1.49]
	at org.apache.coyote.http11.Http11Processor.service(Http11Processor.java:399) ~[tomcat-embed-core-10.1.49.jar:10.1.49]
	at org.apache.coyote.AbstractProcessorLight.process(AbstractProcessorLight.java:63) ~[tomcat-embed-core-10.1.49.jar:10.1.49]
	at org.apache.coyote.AbstractProtocol$ConnectionHandler.process(AbstractProtocol.java:903) ~[tomcat-embed-core-10.1.49.jar:10.1.49]
	at org.apache.tomcat.util.net.NioEndpoint$SocketProcessor.doRun(NioEndpoint.java:1774) ~[tomcat-embed-core-10.1.49.jar:10.1.49]
	at org.apache.tomcat.util.net.SocketProcessorBase.run(SocketProcessorBase.java:52) ~[tomcat-embed-core-10.1.49.jar:10.1.49]
	at java.base/java.lang.VirtualThread.run(VirtualThread.java:329) ~[?:?]
14:05:36.506 [tomcat-handler-3] ERROR ServiceExceptionHandler - No static resource api/clients.
org.springframework.web.servlet.resource.NoResourceFoundException: No static resource api/clients.
	at org.springframework.web.servlet.resource.ResourceHttpRequestHandler.handleRequest(ResourceHttpRequestHandler.java:585) ~[spring-webmvc-6.2.14.jar:6.2.14]
	at org.springframework.web.servlet.mvc.HttpRequestHandlerAdapter.handle(HttpRequestHandlerAdapter.java:52) ~[spring-webmvc-6.2.14.jar:6.2.14]
	at org.springframework.web.servlet.DispatcherServlet.doDispatch(DispatcherServlet.java:1089) ~[spring-webmvc-6.2.14.jar:6.2.14]
	at org.springframework.web.servlet.DispatcherServlet.doService(DispatcherServlet.java:979) ~[spring-webmvc-6.2.14.jar:6.2.14]
	at org.springframework.web.servlet.FrameworkServlet.processRequest(FrameworkServlet.java:1014) ~[spring-webmvc-6.2.14.jar:6.2.14]
	at org.springframework.web.servlet.FrameworkServlet.doPost(FrameworkServlet.java:914) ~[spring-webmvc-6.2.14.jar:6.2.14]
	at jakarta.servlet.http.HttpServlet.service(HttpServlet.java:590) ~[tomcat-embed-core-10.1.49.jar:6.0]
	at org.springframework.web.servlet.FrameworkServlet.service(FrameworkServlet.java:885) ~[spring-webmvc-6.2.14.jar:6.2.14]
	at jakarta.servlet.http.HttpServlet.service(HttpServlet.java:658) ~[tomcat-embed-core-10.1.49.jar:6.0]
	at org.apache.catalina.core.ApplicationFilterChain.internalDoFilter(ApplicationFilterChain.java:193) ~[tomcat-embed-core-10.1.49.jar:10.1.49]
	at org.apache.catalina.core.ApplicationFilterChain.doFilter(ApplicationFilterChain.java:138) ~[tomcat-embed-core-10.1.49.jar:10.1.49]
	at org.apache.tomcat.websocket.server.WsFilter.doFilter(WsFilter.java:51) ~[tomcat-embed-websocket-10.1.49.jar:10.1.49]
	at org.apache.catalina.core.ApplicationFilterChain.internalDoFilter(ApplicationFilterChain.java:162) ~[tomcat-embed-core-10.1.49.jar:10.1.49]
	at org.apache.catalina.core.ApplicationFilterChain.doFilter(ApplicationFilterChain.java:138) ~[tomcat-embed-core-10.1.49.jar:10.1.49]
	at org.springframework.web.filter.CompositeFilter$VirtualFilterChain.doFilter(CompositeFilter.java:108) ~[spring-web-6.2.14.jar:6.2.14]
	at org.springframework.web.filter.CompositeFilter$VirtualFilterChain.doFilter(CompositeFilter.java:108) ~[spring-web-6.2.14.jar:6.2.14]
	at org.springframework.security.web.FilterChainProxy.lambda$doFilterInternal$3(FilterChainProxy.java:231) ~[spring-security-web-6.5.7.jar:6.5.7]
	at org.springframework.security.web.FilterChainProxy$VirtualFilterChain.doFilter(FilterChainProxy.java:365) ~[spring-security-web-6.5.7.jar:6.5.7]
	at org.springframework.security.web.access.intercept.AuthorizationFilter.doFilter(AuthorizationFilter.java:101) ~[spring-security-web-6.5.7.jar:6.5.7]
	at org.springframework.security.web.FilterChainProxy$VirtualFilterChain.doFilter(FilterChainProxy.java:374) ~[spring-security-web-6.5.7.jar:6.5.7]
	at org.springframework.security.web.access.ExceptionTranslationFilter.doFilter(ExceptionTranslationFilter.java:125) ~[spring-security-web-6.5.7.jar:6.5.7]
	at org.springframework.security.web.access.ExceptionTranslationFilter.doFilter(ExceptionTranslationFilter.java:119) ~[spring-security-web-6.5.7.jar:6.5.7]
	at org.springframework.security.web.FilterChainProxy$VirtualFilterChain.doFilter(FilterChainProxy.java:374) ~[spring-security-web-6.5.7.jar:6.5.7]
	at org.springframework.security.web.authentication.AnonymousAuthenticationFilter.doFilter(AnonymousAuthenticationFilter.java:100) ~[spring-security-web-6.5.7.jar:6.5.7]
	at org.springframework.security.web.FilterChainProxy$VirtualFilterChain.doFilter(FilterChainProxy.java:374) ~[spring-security-web-6.5.7.jar:6.5.7]
	at org.springframework.security.web.servletapi.SecurityContextHolderAwareRequestFilter.doFilter(SecurityContextHolderAwareRequestFilter.java:179) ~[spring-security-web-6.5.7.jar:6.5.7]
	at org.springframework.security.web.FilterChainProxy$VirtualFilterChain.doFilter(FilterChainProxy.java:374) ~[spring-security-web-6.5.7.jar:6.5.7]
	at org.springframework.security.web.savedrequest.RequestCacheAwareFilter.doFilter(RequestCacheAwareFilter.java:63) ~[spring-security-web-6.5.7.jar:6.5.7]
	at org.springframework.security.web.FilterChainProxy$VirtualFilterChain.doFilter(FilterChainProxy.java:374) ~[spring-security-web-6.5.7.jar:6.5.7]
	at org.springframework.security.web.authentication.AuthenticationFilter.doFilterInternal(AuthenticationFilter.java:177) ~[spring-security-web-6.5.7.jar:6.5.7]
	at org.springframework.web.filter.OncePerRequestFilter.doFilter(OncePerRequestFilter.java:116) ~[spring-web-6.2.14.jar:6.2.14]
	at org.springframework.security.web.FilterChainProxy$VirtualFilterChain.doFilter(FilterChainProxy.java:374) ~[spring-security-web-6.5.7.jar:6.5.7]
	at org.springframework.security.oauth2.server.resource.web.authentication.BearerTokenAuthenticationFilter.doFilterInternal(BearerTokenAuthenticationFilter.java:158) ~[spring-security-oauth2-resource-server-6.5.7.jar:6.5.7]
	at org.springframework.web.filter.OncePerRequestFilter.doFilter(OncePerRequestFilter.java:116) ~[spring-web-6.2.14.jar:6.2.14]
	at org.springframework.security.web.FilterChainProxy$VirtualFilterChain.doFilter(FilterChainProxy.java:374) ~[spring-security-web-6.5.7.jar:6.5.7]
	at org.springframework.security.web.authentication.logout.LogoutFilter.doFilter(LogoutFilter.java:107) ~[spring-security-web-6.5.7.jar:6.5.7]
	at org.springframework.security.web.authentication.logout.LogoutFilter.doFilter(LogoutFilter.java:93) ~[spring-security-web-6.5.7.jar:6.5.7]
	at org.springframework.security.web.FilterChainProxy$VirtualFilterChain.doFilter(FilterChainProxy.java:374) ~[spring-security-web-6.5.7.jar:6.5.7]
	at org.springframework.security.web.csrf.CsrfFilter.doFilterInternal(CsrfFilter.java:117) ~[spring-security-web-6.5.7.jar:6.5.7]
	at org.springframework.web.filter.OncePerRequestFilter.doFilter(OncePerRequestFilter.java:116) ~[spring-web-6.2.14.jar:6.2.14]
	at org.springframework.security.web.FilterChainProxy$VirtualFilterChain.doFilter(FilterChainProxy.java:374) ~[spring-security-web-6.5.7.jar:6.5.7]
	at org.springframework.security.web.header.HeaderWriterFilter.doHeadersAfter(HeaderWriterFilter.java:90) ~[spring-security-web-6.5.7.jar:6.5.7]
	at org.springframework.security.web.header.HeaderWriterFilter.doFilterInternal(HeaderWriterFilter.java:75) ~[spring-security-web-6.5.7.jar:6.5.7]
	at org.springframework.web.filter.OncePerRequestFilter.doFilter(OncePerRequestFilter.java:116) ~[spring-web-6.2.14.jar:6.2.14]
	at org.springframework.security.web.FilterChainProxy$VirtualFilterChain.doFilter(FilterChainProxy.java:374) ~[spring-security-web-6.5.7.jar:6.5.7]
	at org.springframework.security.web.context.SecurityContextHolderFilter.doFilter(SecurityContextHolderFilter.java:82) ~[spring-security-web-6.5.7.jar:6.5.7]
	at org.springframework.security.web.context.SecurityContextHolderFilter.doFilter(SecurityContextHolderFilter.java:69) ~[spring-security-web-6.5.7.jar:6.5.7]
	at org.springframework.security.web.FilterChainProxy$VirtualFilterChain.doFilter(FilterChainProxy.java:374) ~[spring-security-web-6.5.7.jar:6.5.7]
	at org.springframework.security.web.context.request.async.WebAsyncManagerIntegrationFilter.doFilterInternal(WebAsyncManagerIntegrationFilter.java:62) ~[spring-security-web-6.5.7.jar:6.5.7]
	at org.springframework.web.filter.OncePerRequestFilter.doFilter(OncePerRequestFilter.java:116) ~[spring-web-6.2.14.jar:6.2.14]
	at org.springframework.security.web.FilterChainProxy$VirtualFilterChain.doFilter(FilterChainProxy.java:374) ~[spring-security-web-6.5.7.jar:6.5.7]
	at org.springframework.security.web.session.DisableEncodeUrlFilter.doFilterInternal(DisableEncodeUrlFilter.java:42) ~[spring-security-web-6.5.7.jar:6.5.7]
	at org.springframework.web.filter.OncePerRequestFilter.doFilter(OncePerRequestFilter.java:116) ~[spring-web-6.2.14.jar:6.2.14]
	at org.springframework.security.web.FilterChainProxy$VirtualFilterChain.doFilter(FilterChainProxy.java:374) ~[spring-security-web-6.5.7.jar:6.5.7]
	at org.springframework.security.web.FilterChainProxy.doFilterInternal(FilterChainProxy.java:233) ~[spring-security-web-6.5.7.jar:6.5.7]
	at org.springframework.security.web.FilterChainProxy.doFilter(FilterChainProxy.java:191) ~[spring-security-web-6.5.7.jar:6.5.7]
	at org.springframework.web.filter.CompositeFilter$VirtualFilterChain.doFilter(CompositeFilter.java:113) ~[spring-web-6.2.14.jar:6.2.14]
	at org.springframework.web.filter.ServletRequestPathFilter.doFilter(ServletRequestPathFilter.java:52) ~[spring-web-6.2.14.jar:6.2.14]
	at org.springframework.web.filter.CompositeFilter$VirtualFilterChain.doFilter(CompositeFilter.java:113) ~[spring-web-6.2.14.jar:6.2.14]
	at org.springframework.web.filter.CompositeFilter.doFilter(CompositeFilter.java:74) ~[spring-web-6.2.14.jar:6.2.14]
	at org.springframework.security.config.annotation.web.configuration.WebSecurityConfiguration$CompositeFilterChainProxy.doFilter(WebSecurityConfiguration.java:319) ~[spring-security-config-6.5.7.jar:6.5.7]
	at org.springframework.web.filter.CompositeFilter$VirtualFilterChain.doFilter(CompositeFilter.java:113) ~[spring-web-6.2.14.jar:6.2.14]
	at org.springframework.web.servlet.handler.HandlerMappingIntrospector.lambda$createCacheFilter$4(HandlerMappingIntrospector.java:267) ~[spring-webmvc-6.2.14.jar:6.2.14]
	at org.springframework.web.filter.CompositeFilter$VirtualFilterChain.doFilter(CompositeFilter.java:113) ~[spring-web-6.2.14.jar:6.2.14]
	at org.springframework.web.filter.CompositeFilter.doFilter(CompositeFilter.java:74) ~[spring-web-6.2.14.jar:6.2.14]
	at org.springframework.security.config.annotation.web.configuration.WebMvcSecurityConfiguration$CompositeFilterChainProxy.doFilter(WebMvcSecurityConfiguration.java:240) ~[spring-security-config-6.5.7.jar:6.5.7]
	at org.springframework.web.filter.DelegatingFilterProxy.invokeDelegate(DelegatingFilterProxy.java:362) ~[spring-web-6.2.14.jar:6.2.14]
	at org.springframework.web.filter.DelegatingFilterProxy.doFilter(DelegatingFilterProxy.java:278) ~[spring-web-6.2.14.jar:6.2.14]
	at org.apache.catalina.core.ApplicationFilterChain.internalDoFilter(ApplicationFilterChain.java:162) ~[tomcat-embed-core-10.1.49.jar:10.1.49]
	at org.apache.catalina.core.ApplicationFilterChain.doFilter(ApplicationFilterChain.java:138) ~[tomcat-embed-core-10.1.49.jar:10.1.49]
	at org.springframework.web.filter.RequestContextFilter.doFilterInternal(RequestContextFilter.java:100) ~[spring-web-6.2.14.jar:6.2.14]
	at org.springframework.web.filter.OncePerRequestFilter.doFilter(OncePerRequestFilter.java:116) ~[spring-web-6.2.14.jar:6.2.14]
	at org.apache.catalina.core.ApplicationFilterChain.internalDoFilter(ApplicationFilterChain.java:162) ~[tomcat-embed-core-10.1.49.jar:10.1.49]
	at org.apache.catalina.core.ApplicationFilterChain.doFilter(ApplicationFilterChain.java:138) ~[tomcat-embed-core-10.1.49.jar:10.1.49]
	at org.springframework.web.filter.FormContentFilter.doFilterInternal(FormContentFilter.java:93) ~[spring-web-6.2.14.jar:6.2.14]
	at org.springframework.web.filter.OncePerRequestFilter.doFilter(OncePerRequestFilter.java:116) ~[spring-web-6.2.14.jar:6.2.14]
	at org.apache.catalina.core.ApplicationFilterChain.internalDoFilter(ApplicationFilterChain.java:162) ~[tomcat-embed-core-10.1.49.jar:10.1.49]
	at org.apache.catalina.core.ApplicationFilterChain.doFilter(ApplicationFilterChain.java:138) ~[tomcat-embed-core-10.1.49.jar:10.1.49]
	at org.springframework.web.filter.CharacterEncodingFilter.doFilterInternal(CharacterEncodingFilter.java:201) ~[spring-web-6.2.14.jar:6.2.14]
	at org.springframework.web.filter.OncePerRequestFilter.doFilter(OncePerRequestFilter.java:116) ~[spring-web-6.2.14.jar:6.2.14]
	at org.apache.catalina.core.ApplicationFilterChain.internalDoFilter(ApplicationFilterChain.java:162) ~[tomcat-embed-core-10.1.49.jar:10.1.49]
	at org.apache.catalina.core.ApplicationFilterChain.doFilter(ApplicationFilterChain.java:138) ~[tomcat-embed-core-10.1.49.jar:10.1.49]
	at org.apache.catalina.core.StandardWrapperValve.invoke(StandardWrapperValve.java:165) ~[tomcat-embed-core-10.1.49.jar:10.1.49]
	at org.apache.catalina.core.StandardContextValve.invoke(StandardContextValve.java:88) ~[tomcat-embed-core-10.1.49.jar:10.1.49]
	at org.apache.catalina.authenticator.AuthenticatorBase.invoke(AuthenticatorBase.java:482) ~[tomcat-embed-core-10.1.49.jar:10.1.49]
	at org.apache.catalina.core.StandardHostValve.invoke(StandardHostValve.java:113) ~[tomcat-embed-core-10.1.49.jar:10.1.49]
	at org.apache.catalina.valves.ErrorReportValve.invoke(ErrorReportValve.java:83) ~[tomcat-embed-core-10.1.49.jar:10.1.49]
	at org.apache.catalina.core.StandardEngineValve.invoke(StandardEngineValve.java:72) ~[tomcat-embed-core-10.1.49.jar:10.1.49]
	at org.apache.catalina.connector.CoyoteAdapter.service(CoyoteAdapter.java:342) ~[tomcat-embed-core-10.1.49.jar:10.1.49]
	at org.apache.coyote.http11.Http11Processor.service(Http11Processor.java:399) ~[tomcat-embed-core-10.1.49.jar:10.1.49]
	at org.apache.coyote.AbstractProcessorLight.process(AbstractProcessorLight.java:63) ~[tomcat-embed-core-10.1.49.jar:10.1.49]
	at org.apache.coyote.AbstractProtocol$ConnectionHandler.process(AbstractProtocol.java:903) ~[tomcat-embed-core-10.1.49.jar:10.1.49]
	at org.apache.tomcat.util.net.NioEndpoint$SocketProcessor.doRun(NioEndpoint.java:1774) ~[tomcat-embed-core-10.1.49.jar:10.1.49]
	at org.apache.tomcat.util.net.SocketProcessorBase.run(SocketProcessorBase.java:52) ~[tomcat-embed-core-10.1.49.jar:10.1.49]
	at java.base/java.lang.VirtualThread.run(VirtualThread.java:329) ~[?:?]
14:14:43.767 [tomcat-handler-1] ERROR ServiceExceptionHandler - No static resource api/clients.
org.springframework.web.servlet.resource.NoResourceFoundException: No static resource api/clients.
	at org.springframework.web.servlet.resource.ResourceHttpRequestHandler.handleRequest(ResourceHttpRequestHandler.java:585) ~[spring-webmvc-6.2.14.jar:6.2.14]
	at org.springframework.web.servlet.mvc.HttpRequestHandlerAdapter.handle(HttpRequestHandlerAdapter.java:52) ~[spring-webmvc-6.2.14.jar:6.2.14]
	at org.springframework.web.servlet.DispatcherServlet.doDispatch(DispatcherServlet.java:1089) ~[spring-webmvc-6.2.14.jar:6.2.14]
	at org.springframework.web.servlet.DispatcherServlet.doService(DispatcherServlet.java:979) ~[spring-webmvc-6.2.14.jar:6.2.14]
	at org.springframework.web.servlet.FrameworkServlet.processRequest(FrameworkServlet.java:1014) ~[spring-webmvc-6.2.14.jar:6.2.14]
	at org.springframework.web.servlet.FrameworkServlet.doPost(FrameworkServlet.java:914) ~[spring-webmvc-6.2.14.jar:6.2.14]
	at jakarta.servlet.http.HttpServlet.service(HttpServlet.java:590) ~[tomcat-embed-core-10.1.49.jar:6.0]
	at org.springframework.web.servlet.FrameworkServlet.service(FrameworkServlet.java:885) ~[spring-webmvc-6.2.14.jar:6.2.14]
	at jakarta.servlet.http.HttpServlet.service(HttpServlet.java:658) ~[tomcat-embed-core-10.1.49.jar:6.0]
	at org.apache.catalina.core.ApplicationFilterChain.internalDoFilter(ApplicationFilterChain.java:193) ~[tomcat-embed-core-10.1.49.jar:10.1.49]
	at org.apache.catalina.core.ApplicationFilterChain.doFilter(ApplicationFilterChain.java:138) ~[tomcat-embed-core-10.1.49.jar:10.1.49]
	at org.apache.tomcat.websocket.server.WsFilter.doFilter(WsFilter.java:51) ~[tomcat-embed-websocket-10.1.49.jar:10.1.49]
	at org.apache.catalina.core.ApplicationFilterChain.internalDoFilter(ApplicationFilterChain.java:162) ~[tomcat-embed-core-10.1.49.jar:10.1.49]
	at org.apache.catalina.core.ApplicationFilterChain.doFilter(ApplicationFilterChain.java:138) ~[tomcat-embed-core-10.1.49.jar:10.1.49]
	at org.springframework.web.filter.CompositeFilter$VirtualFilterChain.doFilter(CompositeFilter.java:108) ~[spring-web-6.2.14.jar:6.2.14]
	at org.springframework.web.filter.CompositeFilter$VirtualFilterChain.doFilter(CompositeFilter.java:108) ~[spring-web-6.2.14.jar:6.2.14]
	at org.springframework.security.web.FilterChainProxy.lambda$doFilterInternal$3(FilterChainProxy.java:231) ~[spring-security-web-6.5.7.jar:6.5.7]
	at org.springframework.security.web.FilterChainProxy$VirtualFilterChain.doFilter(FilterChainProxy.java:365) ~[spring-security-web-6.5.7.jar:6.5.7]
	at org.springframework.security.web.access.intercept.AuthorizationFilter.doFilter(AuthorizationFilter.java:101) ~[spring-security-web-6.5.7.jar:6.5.7]
	at org.springframework.security.web.FilterChainProxy$VirtualFilterChain.doFilter(FilterChainProxy.java:374) ~[spring-security-web-6.5.7.jar:6.5.7]
	at org.springframework.security.web.access.ExceptionTranslationFilter.doFilter(ExceptionTranslationFilter.java:125) ~[spring-security-web-6.5.7.jar:6.5.7]
	at org.springframework.security.web.access.ExceptionTranslationFilter.doFilter(ExceptionTranslationFilter.java:119) ~[spring-security-web-6.5.7.jar:6.5.7]
	at org.springframework.security.web.FilterChainProxy$VirtualFilterChain.doFilter(FilterChainProxy.java:374) ~[spring-security-web-6.5.7.jar:6.5.7]
	at org.springframework.security.web.authentication.AnonymousAuthenticationFilter.doFilter(AnonymousAuthenticationFilter.java:100) ~[spring-security-web-6.5.7.jar:6.5.7]
	at org.springframework.security.web.FilterChainProxy$VirtualFilterChain.doFilter(FilterChainProxy.java:374) ~[spring-security-web-6.5.7.jar:6.5.7]
	at org.springframework.security.web.servletapi.SecurityContextHolderAwareRequestFilter.doFilter(SecurityContextHolderAwareRequestFilter.java:179) ~[spring-security-web-6.5.7.jar:6.5.7]
	at org.springframework.security.web.FilterChainProxy$VirtualFilterChain.doFilter(FilterChainProxy.java:374) ~[spring-security-web-6.5.7.jar:6.5.7]
	at org.springframework.security.web.savedrequest.RequestCacheAwareFilter.doFilter(RequestCacheAwareFilter.java:63) ~[spring-security-web-6.5.7.jar:6.5.7]
	at org.springframework.security.web.FilterChainProxy$VirtualFilterChain.doFilter(FilterChainProxy.java:374) ~[spring-security-web-6.5.7.jar:6.5.7]
	at org.springframework.security.web.authentication.AuthenticationFilter.doFilterInternal(AuthenticationFilter.java:177) ~[spring-security-web-6.5.7.jar:6.5.7]
	at org.springframework.web.filter.OncePerRequestFilter.doFilter(OncePerRequestFilter.java:116) ~[spring-web-6.2.14.jar:6.2.14]
	at org.springframework.security.web.FilterChainProxy$VirtualFilterChain.doFilter(FilterChainProxy.java:374) ~[spring-security-web-6.5.7.jar:6.5.7]
	at org.springframework.security.oauth2.server.resource.web.authentication.BearerTokenAuthenticationFilter.doFilterInternal(BearerTokenAuthenticationFilter.java:158) ~[spring-security-oauth2-resource-server-6.5.7.jar:6.5.7]
	at org.springframework.web.filter.OncePerRequestFilter.doFilter(OncePerRequestFilter.java:116) ~[spring-web-6.2.14.jar:6.2.14]
	at org.springframework.security.web.FilterChainProxy$VirtualFilterChain.doFilter(FilterChainProxy.java:374) ~[spring-security-web-6.5.7.jar:6.5.7]
	at org.springframework.security.web.authentication.logout.LogoutFilter.doFilter(LogoutFilter.java:107) ~[spring-security-web-6.5.7.jar:6.5.7]
	at org.springframework.security.web.authentication.logout.LogoutFilter.doFilter(LogoutFilter.java:93) ~[spring-security-web-6.5.7.jar:6.5.7]
	at org.springframework.security.web.FilterChainProxy$VirtualFilterChain.doFilter(FilterChainProxy.java:374) ~[spring-security-web-6.5.7.jar:6.5.7]
	at org.springframework.security.web.csrf.CsrfFilter.doFilterInternal(CsrfFilter.java:117) ~[spring-security-web-6.5.7.jar:6.5.7]
	at org.springframework.web.filter.OncePerRequestFilter.doFilter(OncePerRequestFilter.java:116) ~[spring-web-6.2.14.jar:6.2.14]
	at org.springframework.security.web.FilterChainProxy$VirtualFilterChain.doFilter(FilterChainProxy.java:374) ~[spring-security-web-6.5.7.jar:6.5.7]
	at org.springframework.security.web.header.HeaderWriterFilter.doHeadersAfter(HeaderWriterFilter.java:90) ~[spring-security-web-6.5.7.jar:6.5.7]
	at org.springframework.security.web.header.HeaderWriterFilter.doFilterInternal(HeaderWriterFilter.java:75) ~[spring-security-web-6.5.7.jar:6.5.7]
	at org.springframework.web.filter.OncePerRequestFilter.doFilter(OncePerRequestFilter.java:116) ~[spring-web-6.2.14.jar:6.2.14]
	at org.springframework.security.web.FilterChainProxy$VirtualFilterChain.doFilter(FilterChainProxy.java:374) ~[spring-security-web-6.5.7.jar:6.5.7]
	at org.springframework.security.web.context.SecurityContextHolderFilter.doFilter(SecurityContextHolderFilter.java:82) ~[spring-security-web-6.5.7.jar:6.5.7]
	at org.springframework.security.web.context.SecurityContextHolderFilter.doFilter(SecurityContextHolderFilter.java:69) ~[spring-security-web-6.5.7.jar:6.5.7]
	at org.springframework.security.web.FilterChainProxy$VirtualFilterChain.doFilter(FilterChainProxy.java:374) ~[spring-security-web-6.5.7.jar:6.5.7]
	at org.springframework.security.web.context.request.async.WebAsyncManagerIntegrationFilter.doFilterInternal(WebAsyncManagerIntegrationFilter.java:62) ~[spring-security-web-6.5.7.jar:6.5.7]
	at org.springframework.web.filter.OncePerRequestFilter.doFilter(OncePerRequestFilter.java:116) ~[spring-web-6.2.14.jar:6.2.14]
	at org.springframework.security.web.FilterChainProxy$VirtualFilterChain.doFilter(FilterChainProxy.java:374) ~[spring-security-web-6.5.7.jar:6.5.7]
	at org.springframework.security.web.session.DisableEncodeUrlFilter.doFilterInternal(DisableEncodeUrlFilter.java:42) ~[spring-security-web-6.5.7.jar:6.5.7]
	at org.springframework.web.filter.OncePerRequestFilter.doFilter(OncePerRequestFilter.java:116) ~[spring-web-6.2.14.jar:6.2.14]
	at org.springframework.security.web.FilterChainProxy$VirtualFilterChain.doFilter(FilterChainProxy.java:374) ~[spring-security-web-6.5.7.jar:6.5.7]
	at org.springframework.security.web.FilterChainProxy.doFilterInternal(FilterChainProxy.java:233) ~[spring-security-web-6.5.7.jar:6.5.7]
	at org.springframework.security.web.FilterChainProxy.doFilter(FilterChainProxy.java:191) ~[spring-security-web-6.5.7.jar:6.5.7]
	at org.springframework.web.filter.CompositeFilter$VirtualFilterChain.doFilter(CompositeFilter.java:113) ~[spring-web-6.2.14.jar:6.2.14]
	at org.springframework.web.filter.ServletRequestPathFilter.doFilter(ServletRequestPathFilter.java:52) ~[spring-web-6.2.14.jar:6.2.14]
	at org.springframework.web.filter.CompositeFilter$VirtualFilterChain.doFilter(CompositeFilter.java:113) ~[spring-web-6.2.14.jar:6.2.14]
	at org.springframework.web.filter.CompositeFilter.doFilter(CompositeFilter.java:74) ~[spring-web-6.2.14.jar:6.2.14]
	at org.springframework.security.config.annotation.web.configuration.WebSecurityConfiguration$CompositeFilterChainProxy.doFilter(WebSecurityConfiguration.java:319) ~[spring-security-config-6.5.7.jar:6.5.7]
	at org.springframework.web.filter.CompositeFilter$VirtualFilterChain.doFilter(CompositeFilter.java:113) ~[spring-web-6.2.14.jar:6.2.14]
	at org.springframework.web.servlet.handler.HandlerMappingIntrospector.lambda$createCacheFilter$4(HandlerMappingIntrospector.java:267) ~[spring-webmvc-6.2.14.jar:6.2.14]
	at org.springframework.web.filter.CompositeFilter$VirtualFilterChain.doFilter(CompositeFilter.java:113) ~[spring-web-6.2.14.jar:6.2.14]
	at org.springframework.web.filter.CompositeFilter.doFilter(CompositeFilter.java:74) ~[spring-web-6.2.14.jar:6.2.14]
	at org.springframework.security.config.annotation.web.configuration.WebMvcSecurityConfiguration$CompositeFilterChainProxy.doFilter(WebMvcSecurityConfiguration.java:240) ~[spring-security-config-6.5.7.jar:6.5.7]
	at org.springframework.web.filter.DelegatingFilterProxy.invokeDelegate(DelegatingFilterProxy.java:362) ~[spring-web-6.2.14.jar:6.2.14]
	at org.springframework.web.filter.DelegatingFilterProxy.doFilter(DelegatingFilterProxy.java:278) ~[spring-web-6.2.14.jar:6.2.14]
	at org.apache.catalina.core.ApplicationFilterChain.internalDoFilter(ApplicationFilterChain.java:162) ~[tomcat-embed-core-10.1.49.jar:10.1.49]
	at org.apache.catalina.core.ApplicationFilterChain.doFilter(ApplicationFilterChain.java:138) ~[tomcat-embed-core-10.1.49.jar:10.1.49]
	at org.springframework.web.filter.RequestContextFilter.doFilterInternal(RequestContextFilter.java:100) ~[spring-web-6.2.14.jar:6.2.14]
	at org.springframework.web.filter.OncePerRequestFilter.doFilter(OncePerRequestFilter.java:116) ~[spring-web-6.2.14.jar:6.2.14]
	at org.apache.catalina.core.ApplicationFilterChain.internalDoFilter(ApplicationFilterChain.java:162) ~[tomcat-embed-core-10.1.49.jar:10.1.49]
	at org.apache.catalina.core.ApplicationFilterChain.doFilter(ApplicationFilterChain.java:138) ~[tomcat-embed-core-10.1.49.jar:10.1.49]
	at org.springframework.web.filter.FormContentFilter.doFilterInternal(FormContentFilter.java:93) ~[spring-web-6.2.14.jar:6.2.14]
	at org.springframework.web.filter.OncePerRequestFilter.doFilter(OncePerRequestFilter.java:116) ~[spring-web-6.2.14.jar:6.2.14]
	at org.apache.catalina.core.ApplicationFilterChain.internalDoFilter(ApplicationFilterChain.java:162) ~[tomcat-embed-core-10.1.49.jar:10.1.49]
	at org.apache.catalina.core.ApplicationFilterChain.doFilter(ApplicationFilterChain.java:138) ~[tomcat-embed-core-10.1.49.jar:10.1.49]
	at org.springframework.web.filter.CharacterEncodingFilter.doFilterInternal(CharacterEncodingFilter.java:201) ~[spring-web-6.2.14.jar:6.2.14]
	at org.springframework.web.filter.OncePerRequestFilter.doFilter(OncePerRequestFilter.java:116) ~[spring-web-6.2.14.jar:6.2.14]
	at org.apache.catalina.core.ApplicationFilterChain.internalDoFilter(ApplicationFilterChain.java:162) ~[tomcat-embed-core-10.1.49.jar:10.1.49]
	at org.apache.catalina.core.ApplicationFilterChain.doFilter(ApplicationFilterChain.java:138) ~[tomcat-embed-core-10.1.49.jar:10.1.49]
	at org.apache.catalina.core.StandardWrapperValve.invoke(StandardWrapperValve.java:165) ~[tomcat-embed-core-10.1.49.jar:10.1.49]
	at org.apache.catalina.core.StandardContextValve.invoke(StandardContextValve.java:88) ~[tomcat-embed-core-10.1.49.jar:10.1.49]
	at org.apache.catalina.authenticator.AuthenticatorBase.invoke(AuthenticatorBase.java:482) ~[tomcat-embed-core-10.1.49.jar:10.1.49]
	at org.apache.catalina.core.StandardHostValve.invoke(StandardHostValve.java:113) ~[tomcat-embed-core-10.1.49.jar:10.1.49]
	at org.apache.catalina.valves.ErrorReportValve.invoke(ErrorReportValve.java:83) ~[tomcat-embed-core-10.1.49.jar:10.1.49]
	at org.apache.catalina.core.StandardEngineValve.invoke(StandardEngineValve.java:72) ~[tomcat-embed-core-10.1.49.jar:10.1.49]
	at org.apache.catalina.connector.CoyoteAdapter.service(CoyoteAdapter.java:342) ~[tomcat-embed-core-10.1.49.jar:10.1.49]
	at org.apache.coyote.http11.Http11Processor.service(Http11Processor.java:399) ~[tomcat-embed-core-10.1.49.jar:10.1.49]
	at org.apache.coyote.AbstractProcessorLight.process(AbstractProcessorLight.java:63) ~[tomcat-embed-core-10.1.49.jar:10.1.49]
	at org.apache.coyote.AbstractProtocol$ConnectionHandler.process(AbstractProtocol.java:903) ~[tomcat-embed-core-10.1.49.jar:10.1.49]
	at org.apache.tomcat.util.net.NioEndpoint$SocketProcessor.doRun(NioEndpoint.java:1774) ~[tomcat-embed-core-10.1.49.jar:10.1.49]
	at org.apache.tomcat.util.net.SocketProcessorBase.run(SocketProcessorBase.java:52) ~[tomcat-embed-core-10.1.49.jar:10.1.49]
	at java.base/java.lang.VirtualThread.run(VirtualThread.java:329) ~[?:?]
14:14:58.803 [tomcat-handler-3] ERROR ServiceExceptionHandler - No static resource api/clients.
org.springframework.web.servlet.resource.NoResourceFoundException: No static resource api/clients.
	at org.springframework.web.servlet.resource.ResourceHttpRequestHandler.handleRequest(ResourceHttpRequestHandler.java:585) ~[spring-webmvc-6.2.14.jar:6.2.14]
	at org.springframework.web.servlet.mvc.HttpRequestHandlerAdapter.handle(HttpRequestHandlerAdapter.java:52) ~[spring-webmvc-6.2.14.jar:6.2.14]
	at org.springframework.web.servlet.DispatcherServlet.doDispatch(DispatcherServlet.java:1089) ~[spring-webmvc-6.2.14.jar:6.2.14]
	at org.springframework.web.servlet.DispatcherServlet.doService(DispatcherServlet.java:979) ~[spring-webmvc-6.2.14.jar:6.2.14]
	at org.springframework.web.servlet.FrameworkServlet.processRequest(FrameworkServlet.java:1014) ~[spring-webmvc-6.2.14.jar:6.2.14]
	at org.springframework.web.servlet.FrameworkServlet.doPost(FrameworkServlet.java:914) ~[spring-webmvc-6.2.14.jar:6.2.14]
	at jakarta.servlet.http.HttpServlet.service(HttpServlet.java:590) ~[tomcat-embed-core-10.1.49.jar:6.0]
	at org.springframework.web.servlet.FrameworkServlet.service(FrameworkServlet.java:885) ~[spring-webmvc-6.2.14.jar:6.2.14]
	at jakarta.servlet.http.HttpServlet.service(HttpServlet.java:658) ~[tomcat-embed-core-10.1.49.jar:6.0]
	at org.apache.catalina.core.ApplicationFilterChain.internalDoFilter(ApplicationFilterChain.java:193) ~[tomcat-embed-core-10.1.49.jar:10.1.49]
	at org.apache.catalina.core.ApplicationFilterChain.doFilter(ApplicationFilterChain.java:138) ~[tomcat-embed-core-10.1.49.jar:10.1.49]
	at org.apache.tomcat.websocket.server.WsFilter.doFilter(WsFilter.java:51) ~[tomcat-embed-websocket-10.1.49.jar:10.1.49]
	at org.apache.catalina.core.ApplicationFilterChain.internalDoFilter(ApplicationFilterChain.java:162) ~[tomcat-embed-core-10.1.49.jar:10.1.49]
	at org.apache.catalina.core.ApplicationFilterChain.doFilter(ApplicationFilterChain.java:138) ~[tomcat-embed-core-10.1.49.jar:10.1.49]
	at org.springframework.web.filter.CompositeFilter$VirtualFilterChain.doFilter(CompositeFilter.java:108) ~[spring-web-6.2.14.jar:6.2.14]
	at org.springframework.web.filter.CompositeFilter$VirtualFilterChain.doFilter(CompositeFilter.java:108) ~[spring-web-6.2.14.jar:6.2.14]
	at org.springframework.security.web.FilterChainProxy.lambda$doFilterInternal$3(FilterChainProxy.java:231) ~[spring-security-web-6.5.7.jar:6.5.7]
	at org.springframework.security.web.FilterChainProxy$VirtualFilterChain.doFilter(FilterChainProxy.java:365) ~[spring-security-web-6.5.7.jar:6.5.7]
	at org.springframework.security.web.access.intercept.AuthorizationFilter.doFilter(AuthorizationFilter.java:101) ~[spring-security-web-6.5.7.jar:6.5.7]
	at org.springframework.security.web.FilterChainProxy$VirtualFilterChain.doFilter(FilterChainProxy.java:374) ~[spring-security-web-6.5.7.jar:6.5.7]
	at org.springframework.security.web.access.ExceptionTranslationFilter.doFilter(ExceptionTranslationFilter.java:125) ~[spring-security-web-6.5.7.jar:6.5.7]
	at org.springframework.security.web.access.ExceptionTranslationFilter.doFilter(ExceptionTranslationFilter.java:119) ~[spring-security-web-6.5.7.jar:6.5.7]
	at org.springframework.security.web.FilterChainProxy$VirtualFilterChain.doFilter(FilterChainProxy.java:374) ~[spring-security-web-6.5.7.jar:6.5.7]
	at org.springframework.security.web.authentication.AnonymousAuthenticationFilter.doFilter(AnonymousAuthenticationFilter.java:100) ~[spring-security-web-6.5.7.jar:6.5.7]
	at org.springframework.security.web.FilterChainProxy$VirtualFilterChain.doFilter(FilterChainProxy.java:374) ~[spring-security-web-6.5.7.jar:6.5.7]
	at org.springframework.security.web.servletapi.SecurityContextHolderAwareRequestFilter.doFilter(SecurityContextHolderAwareRequestFilter.java:179) ~[spring-security-web-6.5.7.jar:6.5.7]
	at org.springframework.security.web.FilterChainProxy$VirtualFilterChain.doFilter(FilterChainProxy.java:374) ~[spring-security-web-6.5.7.jar:6.5.7]
	at org.springframework.security.web.savedrequest.RequestCacheAwareFilter.doFilter(RequestCacheAwareFilter.java:63) ~[spring-security-web-6.5.7.jar:6.5.7]
	at org.springframework.security.web.FilterChainProxy$VirtualFilterChain.doFilter(FilterChainProxy.java:374) ~[spring-security-web-6.5.7.jar:6.5.7]
	at org.springframework.security.web.authentication.AuthenticationFilter.doFilterInternal(AuthenticationFilter.java:177) ~[spring-security-web-6.5.7.jar:6.5.7]
	at org.springframework.web.filter.OncePerRequestFilter.doFilter(OncePerRequestFilter.java:116) ~[spring-web-6.2.14.jar:6.2.14]
	at org.springframework.security.web.FilterChainProxy$VirtualFilterChain.doFilter(FilterChainProxy.java:374) ~[spring-security-web-6.5.7.jar:6.5.7]
	at org.springframework.security.oauth2.server.resource.web.authentication.BearerTokenAuthenticationFilter.doFilterInternal(BearerTokenAuthenticationFilter.java:158) ~[spring-security-oauth2-resource-server-6.5.7.jar:6.5.7]
	at org.springframework.web.filter.OncePerRequestFilter.doFilter(OncePerRequestFilter.java:116) ~[spring-web-6.2.14.jar:6.2.14]
	at org.springframework.security.web.FilterChainProxy$VirtualFilterChain.doFilter(FilterChainProxy.java:374) ~[spring-security-web-6.5.7.jar:6.5.7]
	at org.springframework.security.web.authentication.logout.LogoutFilter.doFilter(LogoutFilter.java:107) ~[spring-security-web-6.5.7.jar:6.5.7]
	at org.springframework.security.web.authentication.logout.LogoutFilter.doFilter(LogoutFilter.java:93) ~[spring-security-web-6.5.7.jar:6.5.7]
	at org.springframework.security.web.FilterChainProxy$VirtualFilterChain.doFilter(FilterChainProxy.java:374) ~[spring-security-web-6.5.7.jar:6.5.7]
	at org.springframework.security.web.csrf.CsrfFilter.doFilterInternal(CsrfFilter.java:117) ~[spring-security-web-6.5.7.jar:6.5.7]
	at org.springframework.web.filter.OncePerRequestFilter.doFilter(OncePerRequestFilter.java:116) ~[spring-web-6.2.14.jar:6.2.14]
	at org.springframework.security.web.FilterChainProxy$VirtualFilterChain.doFilter(FilterChainProxy.java:374) ~[spring-security-web-6.5.7.jar:6.5.7]
	at org.springframework.security.web.header.HeaderWriterFilter.doHeadersAfter(HeaderWriterFilter.java:90) ~[spring-security-web-6.5.7.jar:6.5.7]
	at org.springframework.security.web.header.HeaderWriterFilter.doFilterInternal(HeaderWriterFilter.java:75) ~[spring-security-web-6.5.7.jar:6.5.7]
	at org.springframework.web.filter.OncePerRequestFilter.doFilter(OncePerRequestFilter.java:116) ~[spring-web-6.2.14.jar:6.2.14]
	at org.springframework.security.web.FilterChainProxy$VirtualFilterChain.doFilter(FilterChainProxy.java:374) ~[spring-security-web-6.5.7.jar:6.5.7]
	at org.springframework.security.web.context.SecurityContextHolderFilter.doFilter(SecurityContextHolderFilter.java:82) ~[spring-security-web-6.5.7.jar:6.5.7]
	at org.springframework.security.web.context.SecurityContextHolderFilter.doFilter(SecurityContextHolderFilter.java:69) ~[spring-security-web-6.5.7.jar:6.5.7]
	at org.springframework.security.web.FilterChainProxy$VirtualFilterChain.doFilter(FilterChainProxy.java:374) ~[spring-security-web-6.5.7.jar:6.5.7]
	at org.springframework.security.web.context.request.async.WebAsyncManagerIntegrationFilter.doFilterInternal(WebAsyncManagerIntegrationFilter.java:62) ~[spring-security-web-6.5.7.jar:6.5.7]
	at org.springframework.web.filter.OncePerRequestFilter.doFilter(OncePerRequestFilter.java:116) ~[spring-web-6.2.14.jar:6.2.14]
	at org.springframework.security.web.FilterChainProxy$VirtualFilterChain.doFilter(FilterChainProxy.java:374) ~[spring-security-web-6.5.7.jar:6.5.7]
	at org.springframework.security.web.session.DisableEncodeUrlFilter.doFilterInternal(DisableEncodeUrlFilter.java:42) ~[spring-security-web-6.5.7.jar:6.5.7]
	at org.springframework.web.filter.OncePerRequestFilter.doFilter(OncePerRequestFilter.java:116) ~[spring-web-6.2.14.jar:6.2.14]
	at org.springframework.security.web.FilterChainProxy$VirtualFilterChain.doFilter(FilterChainProxy.java:374) ~[spring-security-web-6.5.7.jar:6.5.7]
	at org.springframework.security.web.FilterChainProxy.doFilterInternal(FilterChainProxy.java:233) ~[spring-security-web-6.5.7.jar:6.5.7]
	at org.springframework.security.web.FilterChainProxy.doFilter(FilterChainProxy.java:191) ~[spring-security-web-6.5.7.jar:6.5.7]
	at org.springframework.web.filter.CompositeFilter$VirtualFilterChain.doFilter(CompositeFilter.java:113) ~[spring-web-6.2.14.jar:6.2.14]
	at org.springframework.web.filter.ServletRequestPathFilter.doFilter(ServletRequestPathFilter.java:52) ~[spring-web-6.2.14.jar:6.2.14]
	at org.springframework.web.filter.CompositeFilter$VirtualFilterChain.doFilter(CompositeFilter.java:113) ~[spring-web-6.2.14.jar:6.2.14]
	at org.springframework.web.filter.CompositeFilter.doFilter(CompositeFilter.java:74) ~[spring-web-6.2.14.jar:6.2.14]
	at org.springframework.security.config.annotation.web.configuration.WebSecurityConfiguration$CompositeFilterChainProxy.doFilter(WebSecurityConfiguration.java:319) ~[spring-security-config-6.5.7.jar:6.5.7]
	at org.springframework.web.filter.CompositeFilter$VirtualFilterChain.doFilter(CompositeFilter.java:113) ~[spring-web-6.2.14.jar:6.2.14]
	at org.springframework.web.servlet.handler.HandlerMappingIntrospector.lambda$createCacheFilter$4(HandlerMappingIntrospector.java:267) ~[spring-webmvc-6.2.14.jar:6.2.14]
	at org.springframework.web.filter.CompositeFilter$VirtualFilterChain.doFilter(CompositeFilter.java:113) ~[spring-web-6.2.14.jar:6.2.14]
	at org.springframework.web.filter.CompositeFilter.doFilter(CompositeFilter.java:74) ~[spring-web-6.2.14.jar:6.2.14]
	at org.springframework.security.config.annotation.web.configuration.WebMvcSecurityConfiguration$CompositeFilterChainProxy.doFilter(WebMvcSecurityConfiguration.java:240) ~[spring-security-config-6.5.7.jar:6.5.7]
	at org.springframework.web.filter.DelegatingFilterProxy.invokeDelegate(DelegatingFilterProxy.java:362) ~[spring-web-6.2.14.jar:6.2.14]
	at org.springframework.web.filter.DelegatingFilterProxy.doFilter(DelegatingFilterProxy.java:278) ~[spring-web-6.2.14.jar:6.2.14]
	at org.apache.catalina.core.ApplicationFilterChain.internalDoFilter(ApplicationFilterChain.java:162) ~[tomcat-embed-core-10.1.49.jar:10.1.49]
	at org.apache.catalina.core.ApplicationFilterChain.doFilter(ApplicationFilterChain.java:138) ~[tomcat-embed-core-10.1.49.jar:10.1.49]
	at org.springframework.web.filter.RequestContextFilter.doFilterInternal(RequestContextFilter.java:100) ~[spring-web-6.2.14.jar:6.2.14]
	at org.springframework.web.filter.OncePerRequestFilter.doFilter(OncePerRequestFilter.java:116) ~[spring-web-6.2.14.jar:6.2.14]
	at org.apache.catalina.core.ApplicationFilterChain.internalDoFilter(ApplicationFilterChain.java:162) ~[tomcat-embed-core-10.1.49.jar:10.1.49]
	at org.apache.catalina.core.ApplicationFilterChain.doFilter(ApplicationFilterChain.java:138) ~[tomcat-embed-core-10.1.49.jar:10.1.49]
	at org.springframework.web.filter.FormContentFilter.doFilterInternal(FormContentFilter.java:93) ~[spring-web-6.2.14.jar:6.2.14]
	at org.springframework.web.filter.OncePerRequestFilter.doFilter(OncePerRequestFilter.java:116) ~[spring-web-6.2.14.jar:6.2.14]
	at org.apache.catalina.core.ApplicationFilterChain.internalDoFilter(ApplicationFilterChain.java:162) ~[tomcat-embed-core-10.1.49.jar:10.1.49]
	at org.apache.catalina.core.ApplicationFilterChain.doFilter(ApplicationFilterChain.java:138) ~[tomcat-embed-core-10.1.49.jar:10.1.49]
	at org.springframework.web.filter.CharacterEncodingFilter.doFilterInternal(CharacterEncodingFilter.java:201) ~[spring-web-6.2.14.jar:6.2.14]
	at org.springframework.web.filter.OncePerRequestFilter.doFilter(OncePerRequestFilter.java:116) ~[spring-web-6.2.14.jar:6.2.14]
	at org.apache.catalina.core.ApplicationFilterChain.internalDoFilter(ApplicationFilterChain.java:162) ~[tomcat-embed-core-10.1.49.jar:10.1.49]
	at org.apache.catalina.core.ApplicationFilterChain.doFilter(ApplicationFilterChain.java:138) ~[tomcat-embed-core-10.1.49.jar:10.1.49]
	at org.apache.catalina.core.StandardWrapperValve.invoke(StandardWrapperValve.java:165) ~[tomcat-embed-core-10.1.49.jar:10.1.49]
	at org.apache.catalina.core.StandardContextValve.invoke(StandardContextValve.java:88) ~[tomcat-embed-core-10.1.49.jar:10.1.49]
	at org.apache.catalina.authenticator.AuthenticatorBase.invoke(AuthenticatorBase.java:482) ~[tomcat-embed-core-10.1.49.jar:10.1.49]
	at org.apache.catalina.core.StandardHostValve.invoke(StandardHostValve.java:113) ~[tomcat-embed-core-10.1.49.jar:10.1.49]
	at org.apache.catalina.valves.ErrorReportValve.invoke(ErrorReportValve.java:83) ~[tomcat-embed-core-10.1.49.jar:10.1.49]
	at org.apache.catalina.core.StandardEngineValve.invoke(StandardEngineValve.java:72) ~[tomcat-embed-core-10.1.49.jar:10.1.49]
	at org.apache.catalina.connector.CoyoteAdapter.service(CoyoteAdapter.java:342) ~[tomcat-embed-core-10.1.49.jar:10.1.49]
	at org.apache.coyote.http11.Http11Processor.service(Http11Processor.java:399) ~[tomcat-embed-core-10.1.49.jar:10.1.49]
	at org.apache.coyote.AbstractProcessorLight.process(AbstractProcessorLight.java:63) ~[tomcat-embed-core-10.1.49.jar:10.1.49]
	at org.apache.coyote.AbstractProtocol$ConnectionHandler.process(AbstractProtocol.java:903) ~[tomcat-embed-core-10.1.49.jar:10.1.49]
	at org.apache.tomcat.util.net.NioEndpoint$SocketProcessor.doRun(NioEndpoint.java:1774) ~[tomcat-embed-core-10.1.49.jar:10.1.49]
	at org.apache.tomcat.util.net.SocketProcessorBase.run(SocketProcessorBase.java:52) ~[tomcat-embed-core-10.1.49.jar:10.1.49]
	at java.base/java.lang.VirtualThread.run(VirtualThread.java:329) ~[?:?]
14:15:03.739 [tomcat-handler-1] ERROR ServiceExceptionHandler - No static resource clients.
org.springframework.web.servlet.resource.NoResourceFoundException: No static resource clients.
	at org.springframework.web.servlet.resource.ResourceHttpRequestHandler.handleRequest(ResourceHttpRequestHandler.java:585) ~[spring-webmvc-6.2.14.jar:6.2.14]
	at org.springframework.web.servlet.mvc.HttpRequestHandlerAdapter.handle(HttpRequestHandlerAdapter.java:52) ~[spring-webmvc-6.2.14.jar:6.2.14]
	at org.springframework.web.servlet.DispatcherServlet.doDispatch(DispatcherServlet.java:1089) ~[spring-webmvc-6.2.14.jar:6.2.14]
	at org.springframework.web.servlet.DispatcherServlet.doService(DispatcherServlet.java:979) ~[spring-webmvc-6.2.14.jar:6.2.14]
	at org.springframework.web.servlet.FrameworkServlet.processRequest(FrameworkServlet.java:1014) ~[spring-webmvc-6.2.14.jar:6.2.14]
	at org.springframework.web.servlet.FrameworkServlet.doPost(FrameworkServlet.java:914) ~[spring-webmvc-6.2.14.jar:6.2.14]
	at jakarta.servlet.http.HttpServlet.service(HttpServlet.java:590) ~[tomcat-embed-core-10.1.49.jar:6.0]
	at org.springframework.web.servlet.FrameworkServlet.service(FrameworkServlet.java:885) ~[spring-webmvc-6.2.14.jar:6.2.14]
	at jakarta.servlet.http.HttpServlet.service(HttpServlet.java:658) ~[tomcat-embed-core-10.1.49.jar:6.0]
	at org.apache.catalina.core.ApplicationFilterChain.internalDoFilter(ApplicationFilterChain.java:193) ~[tomcat-embed-core-10.1.49.jar:10.1.49]
	at org.apache.catalina.core.ApplicationFilterChain.doFilter(ApplicationFilterChain.java:138) ~[tomcat-embed-core-10.1.49.jar:10.1.49]
	at org.apache.tomcat.websocket.server.WsFilter.doFilter(WsFilter.java:51) ~[tomcat-embed-websocket-10.1.49.jar:10.1.49]
	at org.apache.catalina.core.ApplicationFilterChain.internalDoFilter(ApplicationFilterChain.java:162) ~[tomcat-embed-core-10.1.49.jar:10.1.49]
	at org.apache.catalina.core.ApplicationFilterChain.doFilter(ApplicationFilterChain.java:138) ~[tomcat-embed-core-10.1.49.jar:10.1.49]
	at org.springframework.web.filter.CompositeFilter$VirtualFilterChain.doFilter(CompositeFilter.java:108) ~[spring-web-6.2.14.jar:6.2.14]
	at org.springframework.web.filter.CompositeFilter$VirtualFilterChain.doFilter(CompositeFilter.java:108) ~[spring-web-6.2.14.jar:6.2.14]
	at org.springframework.security.web.FilterChainProxy.lambda$doFilterInternal$3(FilterChainProxy.java:231) ~[spring-security-web-6.5.7.jar:6.5.7]
	at org.springframework.security.web.FilterChainProxy$VirtualFilterChain.doFilter(FilterChainProxy.java:365) ~[spring-security-web-6.5.7.jar:6.5.7]
	at org.springframework.security.web.access.intercept.AuthorizationFilter.doFilter(AuthorizationFilter.java:101) ~[spring-security-web-6.5.7.jar:6.5.7]
	at org.springframework.security.web.FilterChainProxy$VirtualFilterChain.doFilter(FilterChainProxy.java:374) ~[spring-security-web-6.5.7.jar:6.5.7]
	at org.springframework.security.web.access.ExceptionTranslationFilter.doFilter(ExceptionTranslationFilter.java:125) ~[spring-security-web-6.5.7.jar:6.5.7]
	at org.springframework.security.web.access.ExceptionTranslationFilter.doFilter(ExceptionTranslationFilter.java:119) ~[spring-security-web-6.5.7.jar:6.5.7]
	at org.springframework.security.web.FilterChainProxy$VirtualFilterChain.doFilter(FilterChainProxy.java:374) ~[spring-security-web-6.5.7.jar:6.5.7]
	at org.springframework.security.web.authentication.AnonymousAuthenticationFilter.doFilter(AnonymousAuthenticationFilter.java:100) ~[spring-security-web-6.5.7.jar:6.5.7]
	at org.springframework.security.web.FilterChainProxy$VirtualFilterChain.doFilter(FilterChainProxy.java:374) ~[spring-security-web-6.5.7.jar:6.5.7]
	at org.springframework.security.web.servletapi.SecurityContextHolderAwareRequestFilter.doFilter(SecurityContextHolderAwareRequestFilter.java:179) ~[spring-security-web-6.5.7.jar:6.5.7]
	at org.springframework.security.web.FilterChainProxy$VirtualFilterChain.doFilter(FilterChainProxy.java:374) ~[spring-security-web-6.5.7.jar:6.5.7]
	at org.springframework.security.web.savedrequest.RequestCacheAwareFilter.doFilter(RequestCacheAwareFilter.java:63) ~[spring-security-web-6.5.7.jar:6.5.7]
	at org.springframework.security.web.FilterChainProxy$VirtualFilterChain.doFilter(FilterChainProxy.java:374) ~[spring-security-web-6.5.7.jar:6.5.7]
	at org.springframework.security.web.authentication.AuthenticationFilter.doFilterInternal(AuthenticationFilter.java:177) ~[spring-security-web-6.5.7.jar:6.5.7]
	at org.springframework.web.filter.OncePerRequestFilter.doFilter(OncePerRequestFilter.java:116) ~[spring-web-6.2.14.jar:6.2.14]
	at org.springframework.security.web.FilterChainProxy$VirtualFilterChain.doFilter(FilterChainProxy.java:374) ~[spring-security-web-6.5.7.jar:6.5.7]
	at org.springframework.security.oauth2.server.resource.web.authentication.BearerTokenAuthenticationFilter.doFilterInternal(BearerTokenAuthenticationFilter.java:158) ~[spring-security-oauth2-resource-server-6.5.7.jar:6.5.7]
	at org.springframework.web.filter.OncePerRequestFilter.doFilter(OncePerRequestFilter.java:116) ~[spring-web-6.2.14.jar:6.2.14]
	at org.springframework.security.web.FilterChainProxy$VirtualFilterChain.doFilter(FilterChainProxy.java:374) ~[spring-security-web-6.5.7.jar:6.5.7]
	at org.springframework.security.web.authentication.logout.LogoutFilter.doFilter(LogoutFilter.java:107) ~[spring-security-web-6.5.7.jar:6.5.7]
	at org.springframework.security.web.authentication.logout.LogoutFilter.doFilter(LogoutFilter.java:93) ~[spring-security-web-6.5.7.jar:6.5.7]
	at org.springframework.security.web.FilterChainProxy$VirtualFilterChain.doFilter(FilterChainProxy.java:374) ~[spring-security-web-6.5.7.jar:6.5.7]
	at org.springframework.security.web.csrf.CsrfFilter.doFilterInternal(CsrfFilter.java:117) ~[spring-security-web-6.5.7.jar:6.5.7]
	at org.springframework.web.filter.OncePerRequestFilter.doFilter(OncePerRequestFilter.java:116) ~[spring-web-6.2.14.jar:6.2.14]
	at org.springframework.security.web.FilterChainProxy$VirtualFilterChain.doFilter(FilterChainProxy.java:374) ~[spring-security-web-6.5.7.jar:6.5.7]
	at org.springframework.security.web.header.HeaderWriterFilter.doHeadersAfter(HeaderWriterFilter.java:90) ~[spring-security-web-6.5.7.jar:6.5.7]
	at org.springframework.security.web.header.HeaderWriterFilter.doFilterInternal(HeaderWriterFilter.java:75) ~[spring-security-web-6.5.7.jar:6.5.7]
	at org.springframework.web.filter.OncePerRequestFilter.doFilter(OncePerRequestFilter.java:116) ~[spring-web-6.2.14.jar:6.2.14]
	at org.springframework.security.web.FilterChainProxy$VirtualFilterChain.doFilter(FilterChainProxy.java:374) ~[spring-security-web-6.5.7.jar:6.5.7]
	at org.springframework.security.web.context.SecurityContextHolderFilter.doFilter(SecurityContextHolderFilter.java:82) ~[spring-security-web-6.5.7.jar:6.5.7]
	at org.springframework.security.web.context.SecurityContextHolderFilter.doFilter(SecurityContextHolderFilter.java:69) ~[spring-security-web-6.5.7.jar:6.5.7]
	at org.springframework.security.web.FilterChainProxy$VirtualFilterChain.doFilter(FilterChainProxy.java:374) ~[spring-security-web-6.5.7.jar:6.5.7]
	at org.springframework.security.web.context.request.async.WebAsyncManagerIntegrationFilter.doFilterInternal(WebAsyncManagerIntegrationFilter.java:62) ~[spring-security-web-6.5.7.jar:6.5.7]
	at org.springframework.web.filter.OncePerRequestFilter.doFilter(OncePerRequestFilter.java:116) ~[spring-web-6.2.14.jar:6.2.14]
	at org.springframework.security.web.FilterChainProxy$VirtualFilterChain.doFilter(FilterChainProxy.java:374) ~[spring-security-web-6.5.7.jar:6.5.7]
	at org.springframework.security.web.session.DisableEncodeUrlFilter.doFilterInternal(DisableEncodeUrlFilter.java:42) ~[spring-security-web-6.5.7.jar:6.5.7]
	at org.springframework.web.filter.OncePerRequestFilter.doFilter(OncePerRequestFilter.java:116) ~[spring-web-6.2.14.jar:6.2.14]
	at org.springframework.security.web.FilterChainProxy$VirtualFilterChain.doFilter(FilterChainProxy.java:374) ~[spring-security-web-6.5.7.jar:6.5.7]
	at org.springframework.security.web.FilterChainProxy.doFilterInternal(FilterChainProxy.java:233) ~[spring-security-web-6.5.7.jar:6.5.7]
	at org.springframework.security.web.FilterChainProxy.doFilter(FilterChainProxy.java:191) ~[spring-security-web-6.5.7.jar:6.5.7]
	at org.springframework.web.filter.CompositeFilter$VirtualFilterChain.doFilter(CompositeFilter.java:113) ~[spring-web-6.2.14.jar:6.2.14]
	at org.springframework.web.filter.ServletRequestPathFilter.doFilter(ServletRequestPathFilter.java:52) ~[spring-web-6.2.14.jar:6.2.14]
	at org.springframework.web.filter.CompositeFilter$VirtualFilterChain.doFilter(CompositeFilter.java:113) ~[spring-web-6.2.14.jar:6.2.14]
	at org.springframework.web.filter.CompositeFilter.doFilter(CompositeFilter.java:74) ~[spring-web-6.2.14.jar:6.2.14]
	at org.springframework.security.config.annotation.web.configuration.WebSecurityConfiguration$CompositeFilterChainProxy.doFilter(WebSecurityConfiguration.java:319) ~[spring-security-config-6.5.7.jar:6.5.7]
	at org.springframework.web.filter.CompositeFilter$VirtualFilterChain.doFilter(CompositeFilter.java:113) ~[spring-web-6.2.14.jar:6.2.14]
	at org.springframework.web.servlet.handler.HandlerMappingIntrospector.lambda$createCacheFilter$4(HandlerMappingIntrospector.java:267) ~[spring-webmvc-6.2.14.jar:6.2.14]
	at org.springframework.web.filter.CompositeFilter$VirtualFilterChain.doFilter(CompositeFilter.java:113) ~[spring-web-6.2.14.jar:6.2.14]
	at org.springframework.web.filter.CompositeFilter.doFilter(CompositeFilter.java:74) ~[spring-web-6.2.14.jar:6.2.14]
	at org.springframework.security.config.annotation.web.configuration.WebMvcSecurityConfiguration$CompositeFilterChainProxy.doFilter(WebMvcSecurityConfiguration.java:240) ~[spring-security-config-6.5.7.jar:6.5.7]
	at org.springframework.web.filter.DelegatingFilterProxy.invokeDelegate(DelegatingFilterProxy.java:362) ~[spring-web-6.2.14.jar:6.2.14]
	at org.springframework.web.filter.DelegatingFilterProxy.doFilter(DelegatingFilterProxy.java:278) ~[spring-web-6.2.14.jar:6.2.14]
	at org.apache.catalina.core.ApplicationFilterChain.internalDoFilter(ApplicationFilterChain.java:162) ~[tomcat-embed-core-10.1.49.jar:10.1.49]
	at org.apache.catalina.core.ApplicationFilterChain.doFilter(ApplicationFilterChain.java:138) ~[tomcat-embed-core-10.1.49.jar:10.1.49]
	at org.springframework.web.filter.RequestContextFilter.doFilterInternal(RequestContextFilter.java:100) ~[spring-web-6.2.14.jar:6.2.14]
	at org.springframework.web.filter.OncePerRequestFilter.doFilter(OncePerRequestFilter.java:116) ~[spring-web-6.2.14.jar:6.2.14]
	at org.apache.catalina.core.ApplicationFilterChain.internalDoFilter(ApplicationFilterChain.java:162) ~[tomcat-embed-core-10.1.49.jar:10.1.49]
	at org.apache.catalina.core.ApplicationFilterChain.doFilter(ApplicationFilterChain.java:138) ~[tomcat-embed-core-10.1.49.jar:10.1.49]
	at org.springframework.web.filter.FormContentFilter.doFilterInternal(FormContentFilter.java:93) ~[spring-web-6.2.14.jar:6.2.14]
	at org.springframework.web.filter.OncePerRequestFilter.doFilter(OncePerRequestFilter.java:116) ~[spring-web-6.2.14.jar:6.2.14]
	at org.apache.catalina.core.ApplicationFilterChain.internalDoFilter(ApplicationFilterChain.java:162) ~[tomcat-embed-core-10.1.49.jar:10.1.49]
	at org.apache.catalina.core.ApplicationFilterChain.doFilter(ApplicationFilterChain.java:138) ~[tomcat-embed-core-10.1.49.jar:10.1.49]
	at org.springframework.web.filter.CharacterEncodingFilter.doFilterInternal(CharacterEncodingFilter.java:201) ~[spring-web-6.2.14.jar:6.2.14]
	at org.springframework.web.filter.OncePerRequestFilter.doFilter(OncePerRequestFilter.java:116) ~[spring-web-6.2.14.jar:6.2.14]
	at org.apache.catalina.core.ApplicationFilterChain.internalDoFilter(ApplicationFilterChain.java:162) ~[tomcat-embed-core-10.1.49.jar:10.1.49]
	at org.apache.catalina.core.ApplicationFilterChain.doFilter(ApplicationFilterChain.java:138) ~[tomcat-embed-core-10.1.49.jar:10.1.49]
	at org.apache.catalina.core.StandardWrapperValve.invoke(StandardWrapperValve.java:165) ~[tomcat-embed-core-10.1.49.jar:10.1.49]
	at org.apache.catalina.core.StandardContextValve.invoke(StandardContextValve.java:88) ~[tomcat-embed-core-10.1.49.jar:10.1.49]
	at org.apache.catalina.authenticator.AuthenticatorBase.invoke(AuthenticatorBase.java:482) ~[tomcat-embed-core-10.1.49.jar:10.1.49]
	at org.apache.catalina.core.StandardHostValve.invoke(StandardHostValve.java:113) ~[tomcat-embed-core-10.1.49.jar:10.1.49]
	at org.apache.catalina.valves.ErrorReportValve.invoke(ErrorReportValve.java:83) ~[tomcat-embed-core-10.1.49.jar:10.1.49]
	at org.apache.catalina.core.StandardEngineValve.invoke(StandardEngineValve.java:72) ~[tomcat-embed-core-10.1.49.jar:10.1.49]
	at org.apache.catalina.connector.CoyoteAdapter.service(CoyoteAdapter.java:342) ~[tomcat-embed-core-10.1.49.jar:10.1.49]
	at org.apache.coyote.http11.Http11Processor.service(Http11Processor.java:399) ~[tomcat-embed-core-10.1.49.jar:10.1.49]
	at org.apache.coyote.AbstractProcessorLight.process(AbstractProcessorLight.java:63) ~[tomcat-embed-core-10.1.49.jar:10.1.49]
	at org.apache.coyote.AbstractProtocol$ConnectionHandler.process(AbstractProtocol.java:903) ~[tomcat-embed-core-10.1.49.jar:10.1.49]
	at org.apache.tomcat.util.net.NioEndpoint$SocketProcessor.doRun(NioEndpoint.java:1774) ~[tomcat-embed-core-10.1.49.jar:10.1.49]
	at org.apache.tomcat.util.net.SocketProcessorBase.run(SocketProcessorBase.java:52) ~[tomcat-embed-core-10.1.49.jar:10.1.49]
	at java.base/java.lang.VirtualThread.run(VirtualThread.java:329) ~[?:?]
14:15:09.106 [tomcat-handler-3] ERROR ServiceExceptionHandler - No static resource api/clients.
org.springframework.web.servlet.resource.NoResourceFoundException: No static resource api/clients.
	at org.springframework.web.servlet.resource.ResourceHttpRequestHandler.handleRequest(ResourceHttpRequestHandler.java:585) ~[spring-webmvc-6.2.14.jar:6.2.14]
	at org.springframework.web.servlet.mvc.HttpRequestHandlerAdapter.handle(HttpRequestHandlerAdapter.java:52) ~[spring-webmvc-6.2.14.jar:6.2.14]
	at org.springframework.web.servlet.DispatcherServlet.doDispatch(DispatcherServlet.java:1089) ~[spring-webmvc-6.2.14.jar:6.2.14]
	at org.springframework.web.servlet.DispatcherServlet.doService(DispatcherServlet.java:979) ~[spring-webmvc-6.2.14.jar:6.2.14]
	at org.springframework.web.servlet.FrameworkServlet.processRequest(FrameworkServlet.java:1014) ~[spring-webmvc-6.2.14.jar:6.2.14]
	at org.springframework.web.servlet.FrameworkServlet.doPost(FrameworkServlet.java:914) ~[spring-webmvc-6.2.14.jar:6.2.14]
	at jakarta.servlet.http.HttpServlet.service(HttpServlet.java:590) ~[tomcat-embed-core-10.1.49.jar:6.0]
	at org.springframework.web.servlet.FrameworkServlet.service(FrameworkServlet.java:885) ~[spring-webmvc-6.2.14.jar:6.2.14]
	at jakarta.servlet.http.HttpServlet.service(HttpServlet.java:658) ~[tomcat-embed-core-10.1.49.jar:6.0]
	at org.apache.catalina.core.ApplicationFilterChain.internalDoFilter(ApplicationFilterChain.java:193) ~[tomcat-embed-core-10.1.49.jar:10.1.49]
	at org.apache.catalina.core.ApplicationFilterChain.doFilter(ApplicationFilterChain.java:138) ~[tomcat-embed-core-10.1.49.jar:10.1.49]
	at org.apache.tomcat.websocket.server.WsFilter.doFilter(WsFilter.java:51) ~[tomcat-embed-websocket-10.1.49.jar:10.1.49]
	at org.apache.catalina.core.ApplicationFilterChain.internalDoFilter(ApplicationFilterChain.java:162) ~[tomcat-embed-core-10.1.49.jar:10.1.49]
	at org.apache.catalina.core.ApplicationFilterChain.doFilter(ApplicationFilterChain.java:138) ~[tomcat-embed-core-10.1.49.jar:10.1.49]
	at org.springframework.web.filter.CompositeFilter$VirtualFilterChain.doFilter(CompositeFilter.java:108) ~[spring-web-6.2.14.jar:6.2.14]
	at org.springframework.web.filter.CompositeFilter$VirtualFilterChain.doFilter(CompositeFilter.java:108) ~[spring-web-6.2.14.jar:6.2.14]
	at org.springframework.security.web.FilterChainProxy.lambda$doFilterInternal$3(FilterChainProxy.java:231) ~[spring-security-web-6.5.7.jar:6.5.7]
	at org.springframework.security.web.FilterChainProxy$VirtualFilterChain.doFilter(FilterChainProxy.java:365) ~[spring-security-web-6.5.7.jar:6.5.7]
	at org.springframework.security.web.access.intercept.AuthorizationFilter.doFilter(AuthorizationFilter.java:101) ~[spring-security-web-6.5.7.jar:6.5.7]
	at org.springframework.security.web.FilterChainProxy$VirtualFilterChain.doFilter(FilterChainProxy.java:374) ~[spring-security-web-6.5.7.jar:6.5.7]
	at org.springframework.security.web.access.ExceptionTranslationFilter.doFilter(ExceptionTranslationFilter.java:125) ~[spring-security-web-6.5.7.jar:6.5.7]
	at org.springframework.security.web.access.ExceptionTranslationFilter.doFilter(ExceptionTranslationFilter.java:119) ~[spring-security-web-6.5.7.jar:6.5.7]
	at org.springframework.security.web.FilterChainProxy$VirtualFilterChain.doFilter(FilterChainProxy.java:374) ~[spring-security-web-6.5.7.jar:6.5.7]
	at org.springframework.security.web.authentication.AnonymousAuthenticationFilter.doFilter(AnonymousAuthenticationFilter.java:100) ~[spring-security-web-6.5.7.jar:6.5.7]
	at org.springframework.security.web.FilterChainProxy$VirtualFilterChain.doFilter(FilterChainProxy.java:374) ~[spring-security-web-6.5.7.jar:6.5.7]
	at org.springframework.security.web.servletapi.SecurityContextHolderAwareRequestFilter.doFilter(SecurityContextHolderAwareRequestFilter.java:179) ~[spring-security-web-6.5.7.jar:6.5.7]
	at org.springframework.security.web.FilterChainProxy$VirtualFilterChain.doFilter(FilterChainProxy.java:374) ~[spring-security-web-6.5.7.jar:6.5.7]
	at org.springframework.security.web.savedrequest.RequestCacheAwareFilter.doFilter(RequestCacheAwareFilter.java:63) ~[spring-security-web-6.5.7.jar:6.5.7]
	at org.springframework.security.web.FilterChainProxy$VirtualFilterChain.doFilter(FilterChainProxy.java:374) ~[spring-security-web-6.5.7.jar:6.5.7]
	at org.springframework.security.web.authentication.AuthenticationFilter.doFilterInternal(AuthenticationFilter.java:177) ~[spring-security-web-6.5.7.jar:6.5.7]
	at org.springframework.web.filter.OncePerRequestFilter.doFilter(OncePerRequestFilter.java:116) ~[spring-web-6.2.14.jar:6.2.14]
	at org.springframework.security.web.FilterChainProxy$VirtualFilterChain.doFilter(FilterChainProxy.java:374) ~[spring-security-web-6.5.7.jar:6.5.7]
	at org.springframework.security.oauth2.server.resource.web.authentication.BearerTokenAuthenticationFilter.doFilterInternal(BearerTokenAuthenticationFilter.java:158) ~[spring-security-oauth2-resource-server-6.5.7.jar:6.5.7]
	at org.springframework.web.filter.OncePerRequestFilter.doFilter(OncePerRequestFilter.java:116) ~[spring-web-6.2.14.jar:6.2.14]
	at org.springframework.security.web.FilterChainProxy$VirtualFilterChain.doFilter(FilterChainProxy.java:374) ~[spring-security-web-6.5.7.jar:6.5.7]
	at org.springframework.security.web.authentication.logout.LogoutFilter.doFilter(LogoutFilter.java:107) ~[spring-security-web-6.5.7.jar:6.5.7]
	at org.springframework.security.web.authentication.logout.LogoutFilter.doFilter(LogoutFilter.java:93) ~[spring-security-web-6.5.7.jar:6.5.7]
	at org.springframework.security.web.FilterChainProxy$VirtualFilterChain.doFilter(FilterChainProxy.java:374) ~[spring-security-web-6.5.7.jar:6.5.7]
	at org.springframework.security.web.csrf.CsrfFilter.doFilterInternal(CsrfFilter.java:117) ~[spring-security-web-6.5.7.jar:6.5.7]
	at org.springframework.web.filter.OncePerRequestFilter.doFilter(OncePerRequestFilter.java:116) ~[spring-web-6.2.14.jar:6.2.14]
	at org.springframework.security.web.FilterChainProxy$VirtualFilterChain.doFilter(FilterChainProxy.java:374) ~[spring-security-web-6.5.7.jar:6.5.7]
	at org.springframework.security.web.header.HeaderWriterFilter.doHeadersAfter(HeaderWriterFilter.java:90) ~[spring-security-web-6.5.7.jar:6.5.7]
	at org.springframework.security.web.header.HeaderWriterFilter.doFilterInternal(HeaderWriterFilter.java:75) ~[spring-security-web-6.5.7.jar:6.5.7]
	at org.springframework.web.filter.OncePerRequestFilter.doFilter(OncePerRequestFilter.java:116) ~[spring-web-6.2.14.jar:6.2.14]
	at org.springframework.security.web.FilterChainProxy$VirtualFilterChain.doFilter(FilterChainProxy.java:374) ~[spring-security-web-6.5.7.jar:6.5.7]
	at org.springframework.security.web.context.SecurityContextHolderFilter.doFilter(SecurityContextHolderFilter.java:82) ~[spring-security-web-6.5.7.jar:6.5.7]
	at org.springframework.security.web.context.SecurityContextHolderFilter.doFilter(SecurityContextHolderFilter.java:69) ~[spring-security-web-6.5.7.jar:6.5.7]
	at org.springframework.security.web.FilterChainProxy$VirtualFilterChain.doFilter(FilterChainProxy.java:374) ~[spring-security-web-6.5.7.jar:6.5.7]
	at org.springframework.security.web.context.request.async.WebAsyncManagerIntegrationFilter.doFilterInternal(WebAsyncManagerIntegrationFilter.java:62) ~[spring-security-web-6.5.7.jar:6.5.7]
	at org.springframework.web.filter.OncePerRequestFilter.doFilter(OncePerRequestFilter.java:116) ~[spring-web-6.2.14.jar:6.2.14]
	at org.springframework.security.web.FilterChainProxy$VirtualFilterChain.doFilter(FilterChainProxy.java:374) ~[spring-security-web-6.5.7.jar:6.5.7]
	at org.springframework.security.web.session.DisableEncodeUrlFilter.doFilterInternal(DisableEncodeUrlFilter.java:42) ~[spring-security-web-6.5.7.jar:6.5.7]
	at org.springframework.web.filter.OncePerRequestFilter.doFilter(OncePerRequestFilter.java:116) ~[spring-web-6.2.14.jar:6.2.14]
	at org.springframework.security.web.FilterChainProxy$VirtualFilterChain.doFilter(FilterChainProxy.java:374) ~[spring-security-web-6.5.7.jar:6.5.7]
	at org.springframework.security.web.FilterChainProxy.doFilterInternal(FilterChainProxy.java:233) ~[spring-security-web-6.5.7.jar:6.5.7]
	at org.springframework.security.web.FilterChainProxy.doFilter(FilterChainProxy.java:191) ~[spring-security-web-6.5.7.jar:6.5.7]
	at org.springframework.web.filter.CompositeFilter$VirtualFilterChain.doFilter(CompositeFilter.java:113) ~[spring-web-6.2.14.jar:6.2.14]
	at org.springframework.web.filter.ServletRequestPathFilter.doFilter(ServletRequestPathFilter.java:52) ~[spring-web-6.2.14.jar:6.2.14]
	at org.springframework.web.filter.CompositeFilter$VirtualFilterChain.doFilter(CompositeFilter.java:113) ~[spring-web-6.2.14.jar:6.2.14]
	at org.springframework.web.filter.CompositeFilter.doFilter(CompositeFilter.java:74) ~[spring-web-6.2.14.jar:6.2.14]
	at org.springframework.security.config.annotation.web.configuration.WebSecurityConfiguration$CompositeFilterChainProxy.doFilter(WebSecurityConfiguration.java:319) ~[spring-security-config-6.5.7.jar:6.5.7]
	at org.springframework.web.filter.CompositeFilter$VirtualFilterChain.doFilter(CompositeFilter.java:113) ~[spring-web-6.2.14.jar:6.2.14]
	at org.springframework.web.servlet.handler.HandlerMappingIntrospector.lambda$createCacheFilter$4(HandlerMappingIntrospector.java:267) ~[spring-webmvc-6.2.14.jar:6.2.14]
	at org.springframework.web.filter.CompositeFilter$VirtualFilterChain.doFilter(CompositeFilter.java:113) ~[spring-web-6.2.14.jar:6.2.14]
	at org.springframework.web.filter.CompositeFilter.doFilter(CompositeFilter.java:74) ~[spring-web-6.2.14.jar:6.2.14]
	at org.springframework.security.config.annotation.web.configuration.WebMvcSecurityConfiguration$CompositeFilterChainProxy.doFilter(WebMvcSecurityConfiguration.java:240) ~[spring-security-config-6.5.7.jar:6.5.7]
	at org.springframework.web.filter.DelegatingFilterProxy.invokeDelegate(DelegatingFilterProxy.java:362) ~[spring-web-6.2.14.jar:6.2.14]
	at org.springframework.web.filter.DelegatingFilterProxy.doFilter(DelegatingFilterProxy.java:278) ~[spring-web-6.2.14.jar:6.2.14]
	at org.apache.catalina.core.ApplicationFilterChain.internalDoFilter(ApplicationFilterChain.java:162) ~[tomcat-embed-core-10.1.49.jar:10.1.49]
	at org.apache.catalina.core.ApplicationFilterChain.doFilter(ApplicationFilterChain.java:138) ~[tomcat-embed-core-10.1.49.jar:10.1.49]
	at org.springframework.web.filter.RequestContextFilter.doFilterInternal(RequestContextFilter.java:100) ~[spring-web-6.2.14.jar:6.2.14]
	at org.springframework.web.filter.OncePerRequestFilter.doFilter(OncePerRequestFilter.java:116) ~[spring-web-6.2.14.jar:6.2.14]
	at org.apache.catalina.core.ApplicationFilterChain.internalDoFilter(ApplicationFilterChain.java:162) ~[tomcat-embed-core-10.1.49.jar:10.1.49]
	at org.apache.catalina.core.ApplicationFilterChain.doFilter(ApplicationFilterChain.java:138) ~[tomcat-embed-core-10.1.49.jar:10.1.49]
	at org.springframework.web.filter.FormContentFilter.doFilterInternal(FormContentFilter.java:93) ~[spring-web-6.2.14.jar:6.2.14]
	at org.springframework.web.filter.OncePerRequestFilter.doFilter(OncePerRequestFilter.java:116) ~[spring-web-6.2.14.jar:6.2.14]
	at org.apache.catalina.core.ApplicationFilterChain.internalDoFilter(ApplicationFilterChain.java:162) ~[tomcat-embed-core-10.1.49.jar:10.1.49]
	at org.apache.catalina.core.ApplicationFilterChain.doFilter(ApplicationFilterChain.java:138) ~[tomcat-embed-core-10.1.49.jar:10.1.49]
	at org.springframework.web.filter.CharacterEncodingFilter.doFilterInternal(CharacterEncodingFilter.java:201) ~[spring-web-6.2.14.jar:6.2.14]
	at org.springframework.web.filter.OncePerRequestFilter.doFilter(OncePerRequestFilter.java:116) ~[spring-web-6.2.14.jar:6.2.14]
	at org.apache.catalina.core.ApplicationFilterChain.internalDoFilter(ApplicationFilterChain.java:162) ~[tomcat-embed-core-10.1.49.jar:10.1.49]
	at org.apache.catalina.core.ApplicationFilterChain.doFilter(ApplicationFilterChain.java:138) ~[tomcat-embed-core-10.1.49.jar:10.1.49]
	at org.apache.catalina.core.StandardWrapperValve.invoke(StandardWrapperValve.java:165) ~[tomcat-embed-core-10.1.49.jar:10.1.49]
	at org.apache.catalina.core.StandardContextValve.invoke(StandardContextValve.java:88) ~[tomcat-embed-core-10.1.49.jar:10.1.49]
	at org.apache.catalina.authenticator.AuthenticatorBase.invoke(AuthenticatorBase.java:482) ~[tomcat-embed-core-10.1.49.jar:10.1.49]
	at org.apache.catalina.core.StandardHostValve.invoke(StandardHostValve.java:113) ~[tomcat-embed-core-10.1.49.jar:10.1.49]
	at org.apache.catalina.valves.ErrorReportValve.invoke(ErrorReportValve.java:83) ~[tomcat-embed-core-10.1.49.jar:10.1.49]
	at org.apache.catalina.core.StandardEngineValve.invoke(StandardEngineValve.java:72) ~[tomcat-embed-core-10.1.49.jar:10.1.49]
	at org.apache.catalina.connector.CoyoteAdapter.service(CoyoteAdapter.java:342) ~[tomcat-embed-core-10.1.49.jar:10.1.49]
	at org.apache.coyote.http11.Http11Processor.service(Http11Processor.java:399) ~[tomcat-embed-core-10.1.49.jar:10.1.49]
	at org.apache.coyote.AbstractProcessorLight.process(AbstractProcessorLight.java:63) ~[tomcat-embed-core-10.1.49.jar:10.1.49]
	at org.apache.coyote.AbstractProtocol$ConnectionHandler.process(AbstractProtocol.java:903) ~[tomcat-embed-core-10.1.49.jar:10.1.49]
	at org.apache.tomcat.util.net.NioEndpoint$SocketProcessor.doRun(NioEndpoint.java:1774) ~[tomcat-embed-core-10.1.49.jar:10.1.49]
	at org.apache.tomcat.util.net.SocketProcessorBase.run(SocketProcessorBase.java:52) ~[tomcat-embed-core-10.1.49.jar:10.1.49]
	at java.base/java.lang.VirtualThread.run(VirtualThread.java:329) ~[?:?]
14:24:57.434 [tomcat-handler-0] ERROR ServiceExceptionHandler - No static resource api/clients.
org.springframework.web.servlet.resource.NoResourceFoundException: No static resource api/clients.
	at org.springframework.web.servlet.resource.ResourceHttpRequestHandler.handleRequest(ResourceHttpRequestHandler.java:585) ~[spring-webmvc-6.2.14.jar:6.2.14]
	at org.springframework.web.servlet.mvc.HttpRequestHandlerAdapter.handle(HttpRequestHandlerAdapter.java:52) ~[spring-webmvc-6.2.14.jar:6.2.14]
	at org.springframework.web.servlet.DispatcherServlet.doDispatch(DispatcherServlet.java:1089) ~[spring-webmvc-6.2.14.jar:6.2.14]
	at org.springframework.web.servlet.DispatcherServlet.doService(DispatcherServlet.java:979) ~[spring-webmvc-6.2.14.jar:6.2.14]
	at org.springframework.web.servlet.FrameworkServlet.processRequest(FrameworkServlet.java:1014) ~[spring-webmvc-6.2.14.jar:6.2.14]
	at org.springframework.web.servlet.FrameworkServlet.doPost(FrameworkServlet.java:914) ~[spring-webmvc-6.2.14.jar:6.2.14]
	at jakarta.servlet.http.HttpServlet.service(HttpServlet.java:590) ~[tomcat-embed-core-10.1.49.jar:6.0]
	at org.springframework.web.servlet.FrameworkServlet.service(FrameworkServlet.java:885) ~[spring-webmvc-6.2.14.jar:6.2.14]
	at jakarta.servlet.http.HttpServlet.service(HttpServlet.java:658) ~[tomcat-embed-core-10.1.49.jar:6.0]
	at org.apache.catalina.core.ApplicationFilterChain.internalDoFilter(ApplicationFilterChain.java:193) ~[tomcat-embed-core-10.1.49.jar:10.1.49]
	at org.apache.catalina.core.ApplicationFilterChain.doFilter(ApplicationFilterChain.java:138) ~[tomcat-embed-core-10.1.49.jar:10.1.49]
	at org.apache.tomcat.websocket.server.WsFilter.doFilter(WsFilter.java:51) ~[tomcat-embed-websocket-10.1.49.jar:10.1.49]
	at org.apache.catalina.core.ApplicationFilterChain.internalDoFilter(ApplicationFilterChain.java:162) ~[tomcat-embed-core-10.1.49.jar:10.1.49]
	at org.apache.catalina.core.ApplicationFilterChain.doFilter(ApplicationFilterChain.java:138) ~[tomcat-embed-core-10.1.49.jar:10.1.49]
	at org.springframework.web.filter.CompositeFilter$VirtualFilterChain.doFilter(CompositeFilter.java:108) ~[spring-web-6.2.14.jar:6.2.14]
	at org.springframework.web.filter.CompositeFilter$VirtualFilterChain.doFilter(CompositeFilter.java:108) ~[spring-web-6.2.14.jar:6.2.14]
	at org.springframework.security.web.FilterChainProxy.lambda$doFilterInternal$3(FilterChainProxy.java:231) ~[spring-security-web-6.5.7.jar:6.5.7]
	at org.springframework.security.web.FilterChainProxy$VirtualFilterChain.doFilter(FilterChainProxy.java:365) ~[spring-security-web-6.5.7.jar:6.5.7]
	at org.springframework.security.web.access.intercept.AuthorizationFilter.doFilter(AuthorizationFilter.java:101) ~[spring-security-web-6.5.7.jar:6.5.7]
	at org.springframework.security.web.FilterChainProxy$VirtualFilterChain.doFilter(FilterChainProxy.java:374) ~[spring-security-web-6.5.7.jar:6.5.7]
	at org.springframework.security.web.access.ExceptionTranslationFilter.doFilter(ExceptionTranslationFilter.java:125) ~[spring-security-web-6.5.7.jar:6.5.7]
	at org.springframework.security.web.access.ExceptionTranslationFilter.doFilter(ExceptionTranslationFilter.java:119) ~[spring-security-web-6.5.7.jar:6.5.7]
	at org.springframework.security.web.FilterChainProxy$VirtualFilterChain.doFilter(FilterChainProxy.java:374) ~[spring-security-web-6.5.7.jar:6.5.7]
	at org.springframework.security.web.authentication.AnonymousAuthenticationFilter.doFilter(AnonymousAuthenticationFilter.java:100) ~[spring-security-web-6.5.7.jar:6.5.7]
	at org.springframework.security.web.FilterChainProxy$VirtualFilterChain.doFilter(FilterChainProxy.java:374) ~[spring-security-web-6.5.7.jar:6.5.7]
	at org.springframework.security.web.servletapi.SecurityContextHolderAwareRequestFilter.doFilter(SecurityContextHolderAwareRequestFilter.java:179) ~[spring-security-web-6.5.7.jar:6.5.7]
	at org.springframework.security.web.FilterChainProxy$VirtualFilterChain.doFilter(FilterChainProxy.java:374) ~[spring-security-web-6.5.7.jar:6.5.7]
	at org.springframework.security.web.savedrequest.RequestCacheAwareFilter.doFilter(RequestCacheAwareFilter.java:63) ~[spring-security-web-6.5.7.jar:6.5.7]
	at org.springframework.security.web.FilterChainProxy$VirtualFilterChain.doFilter(FilterChainProxy.java:374) ~[spring-security-web-6.5.7.jar:6.5.7]
	at org.springframework.security.web.authentication.AuthenticationFilter.doFilterInternal(AuthenticationFilter.java:177) ~[spring-security-web-6.5.7.jar:6.5.7]
	at org.springframework.web.filter.OncePerRequestFilter.doFilter(OncePerRequestFilter.java:116) ~[spring-web-6.2.14.jar:6.2.14]
	at org.springframework.security.web.FilterChainProxy$VirtualFilterChain.doFilter(FilterChainProxy.java:374) ~[spring-security-web-6.5.7.jar:6.5.7]
	at org.springframework.security.oauth2.server.resource.web.authentication.BearerTokenAuthenticationFilter.doFilterInternal(BearerTokenAuthenticationFilter.java:158) ~[spring-security-oauth2-resource-server-6.5.7.jar:6.5.7]
	at org.springframework.web.filter.OncePerRequestFilter.doFilter(OncePerRequestFilter.java:116) ~[spring-web-6.2.14.jar:6.2.14]
	at org.springframework.security.web.FilterChainProxy$VirtualFilterChain.doFilter(FilterChainProxy.java:374) ~[spring-security-web-6.5.7.jar:6.5.7]
	at org.springframework.security.web.authentication.logout.LogoutFilter.doFilter(LogoutFilter.java:107) ~[spring-security-web-6.5.7.jar:6.5.7]
	at org.springframework.security.web.authentication.logout.LogoutFilter.doFilter(LogoutFilter.java:93) ~[spring-security-web-6.5.7.jar:6.5.7]
	at org.springframework.security.web.FilterChainProxy$VirtualFilterChain.doFilter(FilterChainProxy.java:374) ~[spring-security-web-6.5.7.jar:6.5.7]
	at org.springframework.security.web.csrf.CsrfFilter.doFilterInternal(CsrfFilter.java:117) ~[spring-security-web-6.5.7.jar:6.5.7]
	at org.springframework.web.filter.OncePerRequestFilter.doFilter(OncePerRequestFilter.java:116) ~[spring-web-6.2.14.jar:6.2.14]
	at org.springframework.security.web.FilterChainProxy$VirtualFilterChain.doFilter(FilterChainProxy.java:374) ~[spring-security-web-6.5.7.jar:6.5.7]
	at org.springframework.security.web.header.HeaderWriterFilter.doHeadersAfter(HeaderWriterFilter.java:90) ~[spring-security-web-6.5.7.jar:6.5.7]
	at org.springframework.security.web.header.HeaderWriterFilter.doFilterInternal(HeaderWriterFilter.java:75) ~[spring-security-web-6.5.7.jar:6.5.7]
	at org.springframework.web.filter.OncePerRequestFilter.doFilter(OncePerRequestFilter.java:116) ~[spring-web-6.2.14.jar:6.2.14]
	at org.springframework.security.web.FilterChainProxy$VirtualFilterChain.doFilter(FilterChainProxy.java:374) ~[spring-security-web-6.5.7.jar:6.5.7]
	at org.springframework.security.web.context.SecurityContextHolderFilter.doFilter(SecurityContextHolderFilter.java:82) ~[spring-security-web-6.5.7.jar:6.5.7]
	at org.springframework.security.web.context.SecurityContextHolderFilter.doFilter(SecurityContextHolderFilter.java:69) ~[spring-security-web-6.5.7.jar:6.5.7]
	at org.springframework.security.web.FilterChainProxy$VirtualFilterChain.doFilter(FilterChainProxy.java:374) ~[spring-security-web-6.5.7.jar:6.5.7]
	at org.springframework.security.web.context.request.async.WebAsyncManagerIntegrationFilter.doFilterInternal(WebAsyncManagerIntegrationFilter.java:62) ~[spring-security-web-6.5.7.jar:6.5.7]
	at org.springframework.web.filter.OncePerRequestFilter.doFilter(OncePerRequestFilter.java:116) ~[spring-web-6.2.14.jar:6.2.14]
	at org.springframework.security.web.FilterChainProxy$VirtualFilterChain.doFilter(FilterChainProxy.java:374) ~[spring-security-web-6.5.7.jar:6.5.7]
	at org.springframework.security.web.session.DisableEncodeUrlFilter.doFilterInternal(DisableEncodeUrlFilter.java:42) ~[spring-security-web-6.5.7.jar:6.5.7]
	at org.springframework.web.filter.OncePerRequestFilter.doFilter(OncePerRequestFilter.java:116) ~[spring-web-6.2.14.jar:6.2.14]
	at org.springframework.security.web.FilterChainProxy$VirtualFilterChain.doFilter(FilterChainProxy.java:374) ~[spring-security-web-6.5.7.jar:6.5.7]
	at org.springframework.security.web.FilterChainProxy.doFilterInternal(FilterChainProxy.java:233) ~[spring-security-web-6.5.7.jar:6.5.7]
	at org.springframework.security.web.FilterChainProxy.doFilter(FilterChainProxy.java:191) ~[spring-security-web-6.5.7.jar:6.5.7]
	at org.springframework.web.filter.CompositeFilter$VirtualFilterChain.doFilter(CompositeFilter.java:113) ~[spring-web-6.2.14.jar:6.2.14]
	at org.springframework.web.filter.ServletRequestPathFilter.doFilter(ServletRequestPathFilter.java:52) ~[spring-web-6.2.14.jar:6.2.14]
	at org.springframework.web.filter.CompositeFilter$VirtualFilterChain.doFilter(CompositeFilter.java:113) ~[spring-web-6.2.14.jar:6.2.14]
	at org.springframework.web.filter.CompositeFilter.doFilter(CompositeFilter.java:74) ~[spring-web-6.2.14.jar:6.2.14]
	at org.springframework.security.config.annotation.web.configuration.WebSecurityConfiguration$CompositeFilterChainProxy.doFilter(WebSecurityConfiguration.java:319) ~[spring-security-config-6.5.7.jar:6.5.7]
	at org.springframework.web.filter.CompositeFilter$VirtualFilterChain.doFilter(CompositeFilter.java:113) ~[spring-web-6.2.14.jar:6.2.14]
	at org.springframework.web.servlet.handler.HandlerMappingIntrospector.lambda$createCacheFilter$4(HandlerMappingIntrospector.java:267) ~[spring-webmvc-6.2.14.jar:6.2.14]
	at org.springframework.web.filter.CompositeFilter$VirtualFilterChain.doFilter(CompositeFilter.java:113) ~[spring-web-6.2.14.jar:6.2.14]
	at org.springframework.web.filter.CompositeFilter.doFilter(CompositeFilter.java:74) ~[spring-web-6.2.14.jar:6.2.14]
	at org.springframework.security.config.annotation.web.configuration.WebMvcSecurityConfiguration$CompositeFilterChainProxy.doFilter(WebMvcSecurityConfiguration.java:240) ~[spring-security-config-6.5.7.jar:6.5.7]
	at org.springframework.web.filter.DelegatingFilterProxy.invokeDelegate(DelegatingFilterProxy.java:362) ~[spring-web-6.2.14.jar:6.2.14]
	at org.springframework.web.filter.DelegatingFilterProxy.doFilter(DelegatingFilterProxy.java:278) ~[spring-web-6.2.14.jar:6.2.14]
	at org.apache.catalina.core.ApplicationFilterChain.internalDoFilter(ApplicationFilterChain.java:162) ~[tomcat-embed-core-10.1.49.jar:10.1.49]
	at org.apache.catalina.core.ApplicationFilterChain.doFilter(ApplicationFilterChain.java:138) ~[tomcat-embed-core-10.1.49.jar:10.1.49]
	at org.springframework.web.filter.RequestContextFilter.doFilterInternal(RequestContextFilter.java:100) ~[spring-web-6.2.14.jar:6.2.14]
	at org.springframework.web.filter.OncePerRequestFilter.doFilter(OncePerRequestFilter.java:116) ~[spring-web-6.2.14.jar:6.2.14]
	at org.apache.catalina.core.ApplicationFilterChain.internalDoFilter(ApplicationFilterChain.java:162) ~[tomcat-embed-core-10.1.49.jar:10.1.49]
	at org.apache.catalina.core.ApplicationFilterChain.doFilter(ApplicationFilterChain.java:138) ~[tomcat-embed-core-10.1.49.jar:10.1.49]
	at org.springframework.web.filter.FormContentFilter.doFilterInternal(FormContentFilter.java:93) ~[spring-web-6.2.14.jar:6.2.14]
	at org.springframework.web.filter.OncePerRequestFilter.doFilter(OncePerRequestFilter.java:116) ~[spring-web-6.2.14.jar:6.2.14]
	at org.apache.catalina.core.ApplicationFilterChain.internalDoFilter(ApplicationFilterChain.java:162) ~[tomcat-embed-core-10.1.49.jar:10.1.49]
	at org.apache.catalina.core.ApplicationFilterChain.doFilter(ApplicationFilterChain.java:138) ~[tomcat-embed-core-10.1.49.jar:10.1.49]
	at org.springframework.web.filter.CharacterEncodingFilter.doFilterInternal(CharacterEncodingFilter.java:201) ~[spring-web-6.2.14.jar:6.2.14]
	at org.springframework.web.filter.OncePerRequestFilter.doFilter(OncePerRequestFilter.java:116) ~[spring-web-6.2.14.jar:6.2.14]
	at org.apache.catalina.core.ApplicationFilterChain.internalDoFilter(ApplicationFilterChain.java:162) ~[tomcat-embed-core-10.1.49.jar:10.1.49]
	at org.apache.catalina.core.ApplicationFilterChain.doFilter(ApplicationFilterChain.java:138) ~[tomcat-embed-core-10.1.49.jar:10.1.49]
	at org.apache.catalina.core.StandardWrapperValve.invoke(StandardWrapperValve.java:165) ~[tomcat-embed-core-10.1.49.jar:10.1.49]
	at org.apache.catalina.core.StandardContextValve.invoke(StandardContextValve.java:88) ~[tomcat-embed-core-10.1.49.jar:10.1.49]
	at org.apache.catalina.authenticator.AuthenticatorBase.invoke(AuthenticatorBase.java:482) ~[tomcat-embed-core-10.1.49.jar:10.1.49]
	at org.apache.catalina.core.StandardHostValve.invoke(StandardHostValve.java:113) ~[tomcat-embed-core-10.1.49.jar:10.1.49]
	at org.apache.catalina.valves.ErrorReportValve.invoke(ErrorReportValve.java:83) ~[tomcat-embed-core-10.1.49.jar:10.1.49]
	at org.apache.catalina.core.StandardEngineValve.invoke(StandardEngineValve.java:72) ~[tomcat-embed-core-10.1.49.jar:10.1.49]
	at org.apache.catalina.connector.CoyoteAdapter.service(CoyoteAdapter.java:342) ~[tomcat-embed-core-10.1.49.jar:10.1.49]
	at org.apache.coyote.http11.Http11Processor.service(Http11Processor.java:399) ~[tomcat-embed-core-10.1.49.jar:10.1.49]
	at org.apache.coyote.AbstractProcessorLight.process(AbstractProcessorLight.java:63) ~[tomcat-embed-core-10.1.49.jar:10.1.49]
	at org.apache.coyote.AbstractProtocol$ConnectionHandler.process(AbstractProtocol.java:903) ~[tomcat-embed-core-10.1.49.jar:10.1.49]
	at org.apache.tomcat.util.net.NioEndpoint$SocketProcessor.doRun(NioEndpoint.java:1774) ~[tomcat-embed-core-10.1.49.jar:10.1.49]
	at org.apache.tomcat.util.net.SocketProcessorBase.run(SocketProcessorBase.java:52) ~[tomcat-embed-core-10.1.49.jar:10.1.49]
	at java.base/java.lang.VirtualThread.run(VirtualThread.java:329) ~[?:?]
14:26:47.095 [tomcat-handler-1] ERROR ServiceExceptionHandler - No static resource api/clients.
org.springframework.web.servlet.resource.NoResourceFoundException: No static resource api/clients.
	at org.springframework.web.servlet.resource.ResourceHttpRequestHandler.handleRequest(ResourceHttpRequestHandler.java:585) ~[spring-webmvc-6.2.14.jar:6.2.14]
	at org.springframework.web.servlet.mvc.HttpRequestHandlerAdapter.handle(HttpRequestHandlerAdapter.java:52) ~[spring-webmvc-6.2.14.jar:6.2.14]
	at org.springframework.web.servlet.DispatcherServlet.doDispatch(DispatcherServlet.java:1089) ~[spring-webmvc-6.2.14.jar:6.2.14]
	at org.springframework.web.servlet.DispatcherServlet.doService(DispatcherServlet.java:979) ~[spring-webmvc-6.2.14.jar:6.2.14]
	at org.springframework.web.servlet.FrameworkServlet.processRequest(FrameworkServlet.java:1014) ~[spring-webmvc-6.2.14.jar:6.2.14]
	at org.springframework.web.servlet.FrameworkServlet.doPost(FrameworkServlet.java:914) ~[spring-webmvc-6.2.14.jar:6.2.14]
	at jakarta.servlet.http.HttpServlet.service(HttpServlet.java:590) ~[tomcat-embed-core-10.1.49.jar:6.0]
	at org.springframework.web.servlet.FrameworkServlet.service(FrameworkServlet.java:885) ~[spring-webmvc-6.2.14.jar:6.2.14]
	at jakarta.servlet.http.HttpServlet.service(HttpServlet.java:658) ~[tomcat-embed-core-10.1.49.jar:6.0]
	at org.apache.catalina.core.ApplicationFilterChain.internalDoFilter(ApplicationFilterChain.java:193) ~[tomcat-embed-core-10.1.49.jar:10.1.49]
	at org.apache.catalina.core.ApplicationFilterChain.doFilter(ApplicationFilterChain.java:138) ~[tomcat-embed-core-10.1.49.jar:10.1.49]
	at org.apache.tomcat.websocket.server.WsFilter.doFilter(WsFilter.java:51) ~[tomcat-embed-websocket-10.1.49.jar:10.1.49]
	at org.apache.catalina.core.ApplicationFilterChain.internalDoFilter(ApplicationFilterChain.java:162) ~[tomcat-embed-core-10.1.49.jar:10.1.49]
	at org.apache.catalina.core.ApplicationFilterChain.doFilter(ApplicationFilterChain.java:138) ~[tomcat-embed-core-10.1.49.jar:10.1.49]
	at org.springframework.web.filter.CompositeFilter$VirtualFilterChain.doFilter(CompositeFilter.java:108) ~[spring-web-6.2.14.jar:6.2.14]
	at org.springframework.web.filter.CompositeFilter$VirtualFilterChain.doFilter(CompositeFilter.java:108) ~[spring-web-6.2.14.jar:6.2.14]
	at org.springframework.security.web.FilterChainProxy.lambda$doFilterInternal$3(FilterChainProxy.java:231) ~[spring-security-web-6.5.7.jar:6.5.7]
	at org.springframework.security.web.FilterChainProxy$VirtualFilterChain.doFilter(FilterChainProxy.java:365) ~[spring-security-web-6.5.7.jar:6.5.7]
	at org.springframework.security.web.access.intercept.AuthorizationFilter.doFilter(AuthorizationFilter.java:101) ~[spring-security-web-6.5.7.jar:6.5.7]
	at org.springframework.security.web.FilterChainProxy$VirtualFilterChain.doFilter(FilterChainProxy.java:374) ~[spring-security-web-6.5.7.jar:6.5.7]
	at org.springframework.security.web.access.ExceptionTranslationFilter.doFilter(ExceptionTranslationFilter.java:125) ~[spring-security-web-6.5.7.jar:6.5.7]
	at org.springframework.security.web.access.ExceptionTranslationFilter.doFilter(ExceptionTranslationFilter.java:119) ~[spring-security-web-6.5.7.jar:6.5.7]
	at org.springframework.security.web.FilterChainProxy$VirtualFilterChain.doFilter(FilterChainProxy.java:374) ~[spring-security-web-6.5.7.jar:6.5.7]
	at org.springframework.security.web.authentication.AnonymousAuthenticationFilter.doFilter(AnonymousAuthenticationFilter.java:100) ~[spring-security-web-6.5.7.jar:6.5.7]
	at org.springframework.security.web.FilterChainProxy$VirtualFilterChain.doFilter(FilterChainProxy.java:374) ~[spring-security-web-6.5.7.jar:6.5.7]
	at org.springframework.security.web.servletapi.SecurityContextHolderAwareRequestFilter.doFilter(SecurityContextHolderAwareRequestFilter.java:179) ~[spring-security-web-6.5.7.jar:6.5.7]
	at org.springframework.security.web.FilterChainProxy$VirtualFilterChain.doFilter(FilterChainProxy.java:374) ~[spring-security-web-6.5.7.jar:6.5.7]
	at org.springframework.security.web.savedrequest.RequestCacheAwareFilter.doFilter(RequestCacheAwareFilter.java:63) ~[spring-security-web-6.5.7.jar:6.5.7]
	at org.springframework.security.web.FilterChainProxy$VirtualFilterChain.doFilter(FilterChainProxy.java:374) ~[spring-security-web-6.5.7.jar:6.5.7]
	at org.springframework.security.web.authentication.AuthenticationFilter.doFilterInternal(AuthenticationFilter.java:177) ~[spring-security-web-6.5.7.jar:6.5.7]
	at org.springframework.web.filter.OncePerRequestFilter.doFilter(OncePerRequestFilter.java:116) ~[spring-web-6.2.14.jar:6.2.14]
	at org.springframework.security.web.FilterChainProxy$VirtualFilterChain.doFilter(FilterChainProxy.java:374) ~[spring-security-web-6.5.7.jar:6.5.7]
	at org.springframework.security.oauth2.server.resource.web.authentication.BearerTokenAuthenticationFilter.doFilterInternal(BearerTokenAuthenticationFilter.java:158) ~[spring-security-oauth2-resource-server-6.5.7.jar:6.5.7]
	at org.springframework.web.filter.OncePerRequestFilter.doFilter(OncePerRequestFilter.java:116) ~[spring-web-6.2.14.jar:6.2.14]
	at org.springframework.security.web.FilterChainProxy$VirtualFilterChain.doFilter(FilterChainProxy.java:374) ~[spring-security-web-6.5.7.jar:6.5.7]
	at org.springframework.security.web.authentication.logout.LogoutFilter.doFilter(LogoutFilter.java:107) ~[spring-security-web-6.5.7.jar:6.5.7]
	at org.springframework.security.web.authentication.logout.LogoutFilter.doFilter(LogoutFilter.java:93) ~[spring-security-web-6.5.7.jar:6.5.7]
	at org.springframework.security.web.FilterChainProxy$VirtualFilterChain.doFilter(FilterChainProxy.java:374) ~[spring-security-web-6.5.7.jar:6.5.7]
	at org.springframework.security.web.csrf.CsrfFilter.doFilterInternal(CsrfFilter.java:117) ~[spring-security-web-6.5.7.jar:6.5.7]
	at org.springframework.web.filter.OncePerRequestFilter.doFilter(OncePerRequestFilter.java:116) ~[spring-web-6.2.14.jar:6.2.14]
	at org.springframework.security.web.FilterChainProxy$VirtualFilterChain.doFilter(FilterChainProxy.java:374) ~[spring-security-web-6.5.7.jar:6.5.7]
	at org.springframework.security.web.header.HeaderWriterFilter.doHeadersAfter(HeaderWriterFilter.java:90) ~[spring-security-web-6.5.7.jar:6.5.7]
	at org.springframework.security.web.header.HeaderWriterFilter.doFilterInternal(HeaderWriterFilter.java:75) ~[spring-security-web-6.5.7.jar:6.5.7]
	at org.springframework.web.filter.OncePerRequestFilter.doFilter(OncePerRequestFilter.java:116) ~[spring-web-6.2.14.jar:6.2.14]
	at org.springframework.security.web.FilterChainProxy$VirtualFilterChain.doFilter(FilterChainProxy.java:374) ~[spring-security-web-6.5.7.jar:6.5.7]
	at org.springframework.security.web.context.SecurityContextHolderFilter.doFilter(SecurityContextHolderFilter.java:82) ~[spring-security-web-6.5.7.jar:6.5.7]
	at org.springframework.security.web.context.SecurityContextHolderFilter.doFilter(SecurityContextHolderFilter.java:69) ~[spring-security-web-6.5.7.jar:6.5.7]
	at org.springframework.security.web.FilterChainProxy$VirtualFilterChain.doFilter(FilterChainProxy.java:374) ~[spring-security-web-6.5.7.jar:6.5.7]
	at org.springframework.security.web.context.request.async.WebAsyncManagerIntegrationFilter.doFilterInternal(WebAsyncManagerIntegrationFilter.java:62) ~[spring-security-web-6.5.7.jar:6.5.7]
	at org.springframework.web.filter.OncePerRequestFilter.doFilter(OncePerRequestFilter.java:116) ~[spring-web-6.2.14.jar:6.2.14]
	at org.springframework.security.web.FilterChainProxy$VirtualFilterChain.doFilter(FilterChainProxy.java:374) ~[spring-security-web-6.5.7.jar:6.5.7]
	at org.springframework.security.web.session.DisableEncodeUrlFilter.doFilterInternal(DisableEncodeUrlFilter.java:42) ~[spring-security-web-6.5.7.jar:6.5.7]
	at org.springframework.web.filter.OncePerRequestFilter.doFilter(OncePerRequestFilter.java:116) ~[spring-web-6.2.14.jar:6.2.14]
	at org.springframework.security.web.FilterChainProxy$VirtualFilterChain.doFilter(FilterChainProxy.java:374) ~[spring-security-web-6.5.7.jar:6.5.7]
	at org.springframework.security.web.FilterChainProxy.doFilterInternal(FilterChainProxy.java:233) ~[spring-security-web-6.5.7.jar:6.5.7]
	at org.springframework.security.web.FilterChainProxy.doFilter(FilterChainProxy.java:191) ~[spring-security-web-6.5.7.jar:6.5.7]
	at org.springframework.web.filter.CompositeFilter$VirtualFilterChain.doFilter(CompositeFilter.java:113) ~[spring-web-6.2.14.jar:6.2.14]
	at org.springframework.web.filter.ServletRequestPathFilter.doFilter(ServletRequestPathFilter.java:52) ~[spring-web-6.2.14.jar:6.2.14]
	at org.springframework.web.filter.CompositeFilter$VirtualFilterChain.doFilter(CompositeFilter.java:113) ~[spring-web-6.2.14.jar:6.2.14]
	at org.springframework.web.filter.CompositeFilter.doFilter(CompositeFilter.java:74) ~[spring-web-6.2.14.jar:6.2.14]
	at org.springframework.security.config.annotation.web.configuration.WebSecurityConfiguration$CompositeFilterChainProxy.doFilter(WebSecurityConfiguration.java:319) ~[spring-security-config-6.5.7.jar:6.5.7]
	at org.springframework.web.filter.CompositeFilter$VirtualFilterChain.doFilter(CompositeFilter.java:113) ~[spring-web-6.2.14.jar:6.2.14]
	at org.springframework.web.servlet.handler.HandlerMappingIntrospector.lambda$createCacheFilter$4(HandlerMappingIntrospector.java:267) ~[spring-webmvc-6.2.14.jar:6.2.14]
	at org.springframework.web.filter.CompositeFilter$VirtualFilterChain.doFilter(CompositeFilter.java:113) ~[spring-web-6.2.14.jar:6.2.14]
	at org.springframework.web.filter.CompositeFilter.doFilter(CompositeFilter.java:74) ~[spring-web-6.2.14.jar:6.2.14]
	at org.springframework.security.config.annotation.web.configuration.WebMvcSecurityConfiguration$CompositeFilterChainProxy.doFilter(WebMvcSecurityConfiguration.java:240) ~[spring-security-config-6.5.7.jar:6.5.7]
	at org.springframework.web.filter.DelegatingFilterProxy.invokeDelegate(DelegatingFilterProxy.java:362) ~[spring-web-6.2.14.jar:6.2.14]
	at org.springframework.web.filter.DelegatingFilterProxy.doFilter(DelegatingFilterProxy.java:278) ~[spring-web-6.2.14.jar:6.2.14]
	at org.apache.catalina.core.ApplicationFilterChain.internalDoFilter(ApplicationFilterChain.java:162) ~[tomcat-embed-core-10.1.49.jar:10.1.49]
	at org.apache.catalina.core.ApplicationFilterChain.doFilter(ApplicationFilterChain.java:138) ~[tomcat-embed-core-10.1.49.jar:10.1.49]
	at org.springframework.web.filter.RequestContextFilter.doFilterInternal(RequestContextFilter.java:100) ~[spring-web-6.2.14.jar:6.2.14]
	at org.springframework.web.filter.OncePerRequestFilter.doFilter(OncePerRequestFilter.java:116) ~[spring-web-6.2.14.jar:6.2.14]
	at org.apache.catalina.core.ApplicationFilterChain.internalDoFilter(ApplicationFilterChain.java:162) ~[tomcat-embed-core-10.1.49.jar:10.1.49]
	at org.apache.catalina.core.ApplicationFilterChain.doFilter(ApplicationFilterChain.java:138) ~[tomcat-embed-core-10.1.49.jar:10.1.49]
	at org.springframework.web.filter.FormContentFilter.doFilterInternal(FormContentFilter.java:93) ~[spring-web-6.2.14.jar:6.2.14]
	at org.springframework.web.filter.OncePerRequestFilter.doFilter(OncePerRequestFilter.java:116) ~[spring-web-6.2.14.jar:6.2.14]
	at org.apache.catalina.core.ApplicationFilterChain.internalDoFilter(ApplicationFilterChain.java:162) ~[tomcat-embed-core-10.1.49.jar:10.1.49]
	at org.apache.catalina.core.ApplicationFilterChain.doFilter(ApplicationFilterChain.java:138) ~[tomcat-embed-core-10.1.49.jar:10.1.49]
	at org.springframework.web.filter.CharacterEncodingFilter.doFilterInternal(CharacterEncodingFilter.java:201) ~[spring-web-6.2.14.jar:6.2.14]
	at org.springframework.web.filter.OncePerRequestFilter.doFilter(OncePerRequestFilter.java:116) ~[spring-web-6.2.14.jar:6.2.14]
	at org.apache.catalina.core.ApplicationFilterChain.internalDoFilter(ApplicationFilterChain.java:162) ~[tomcat-embed-core-10.1.49.jar:10.1.49]
	at org.apache.catalina.core.ApplicationFilterChain.doFilter(ApplicationFilterChain.java:138) ~[tomcat-embed-core-10.1.49.jar:10.1.49]
	at org.apache.catalina.core.StandardWrapperValve.invoke(StandardWrapperValve.java:165) ~[tomcat-embed-core-10.1.49.jar:10.1.49]
	at org.apache.catalina.core.StandardContextValve.invoke(StandardContextValve.java:88) ~[tomcat-embed-core-10.1.49.jar:10.1.49]
	at org.apache.catalina.authenticator.AuthenticatorBase.invoke(AuthenticatorBase.java:482) ~[tomcat-embed-core-10.1.49.jar:10.1.49]
	at org.apache.catalina.core.StandardHostValve.invoke(StandardHostValve.java:113) ~[tomcat-embed-core-10.1.49.jar:10.1.49]
	at org.apache.catalina.valves.ErrorReportValve.invoke(ErrorReportValve.java:83) ~[tomcat-embed-core-10.1.49.jar:10.1.49]
	at org.apache.catalina.core.StandardEngineValve.invoke(StandardEngineValve.java:72) ~[tomcat-embed-core-10.1.49.jar:10.1.49]
	at org.apache.catalina.connector.CoyoteAdapter.service(CoyoteAdapter.java:342) ~[tomcat-embed-core-10.1.49.jar:10.1.49]
	at org.apache.coyote.http11.Http11Processor.service(Http11Processor.java:399) ~[tomcat-embed-core-10.1.49.jar:10.1.49]
	at org.apache.coyote.AbstractProcessorLight.process(AbstractProcessorLight.java:63) ~[tomcat-embed-core-10.1.49.jar:10.1.49]
	at org.apache.coyote.AbstractProtocol$ConnectionHandler.process(AbstractProtocol.java:903) ~[tomcat-embed-core-10.1.49.jar:10.1.49]
	at org.apache.tomcat.util.net.NioEndpoint$SocketProcessor.doRun(NioEndpoint.java:1774) ~[tomcat-embed-core-10.1.49.jar:10.1.49]
	at org.apache.tomcat.util.net.SocketProcessorBase.run(SocketProcessorBase.java:52) ~[tomcat-embed-core-10.1.49.jar:10.1.49]
	at java.base/java.lang.VirtualThread.run(VirtualThread.java:329) ~[?:?]
14:26:47.590 [tomcat-handler-3] ERROR ServiceExceptionHandler - No static resource api/clients.
org.springframework.web.servlet.resource.NoResourceFoundException: No static resource api/clients.
	at org.springframework.web.servlet.resource.ResourceHttpRequestHandler.handleRequest(ResourceHttpRequestHandler.java:585) ~[spring-webmvc-6.2.14.jar:6.2.14]
	at org.springframework.web.servlet.mvc.HttpRequestHandlerAdapter.handle(HttpRequestHandlerAdapter.java:52) ~[spring-webmvc-6.2.14.jar:6.2.14]
	at org.springframework.web.servlet.DispatcherServlet.doDispatch(DispatcherServlet.java:1089) ~[spring-webmvc-6.2.14.jar:6.2.14]
	at org.springframework.web.servlet.DispatcherServlet.doService(DispatcherServlet.java:979) ~[spring-webmvc-6.2.14.jar:6.2.14]
	at org.springframework.web.servlet.FrameworkServlet.processRequest(FrameworkServlet.java:1014) ~[spring-webmvc-6.2.14.jar:6.2.14]
	at org.springframework.web.servlet.FrameworkServlet.doPost(FrameworkServlet.java:914) ~[spring-webmvc-6.2.14.jar:6.2.14]
	at jakarta.servlet.http.HttpServlet.service(HttpServlet.java:590) ~[tomcat-embed-core-10.1.49.jar:6.0]
	at org.springframework.web.servlet.FrameworkServlet.service(FrameworkServlet.java:885) ~[spring-webmvc-6.2.14.jar:6.2.14]
	at jakarta.servlet.http.HttpServlet.service(HttpServlet.java:658) ~[tomcat-embed-core-10.1.49.jar:6.0]
	at org.apache.catalina.core.ApplicationFilterChain.internalDoFilter(ApplicationFilterChain.java:193) ~[tomcat-embed-core-10.1.49.jar:10.1.49]
	at org.apache.catalina.core.ApplicationFilterChain.doFilter(ApplicationFilterChain.java:138) ~[tomcat-embed-core-10.1.49.jar:10.1.49]
	at org.apache.tomcat.websocket.server.WsFilter.doFilter(WsFilter.java:51) ~[tomcat-embed-websocket-10.1.49.jar:10.1.49]
	at org.apache.catalina.core.ApplicationFilterChain.internalDoFilter(ApplicationFilterChain.java:162) ~[tomcat-embed-core-10.1.49.jar:10.1.49]
	at org.apache.catalina.core.ApplicationFilterChain.doFilter(ApplicationFilterChain.java:138) ~[tomcat-embed-core-10.1.49.jar:10.1.49]
	at org.springframework.web.filter.CompositeFilter$VirtualFilterChain.doFilter(CompositeFilter.java:108) ~[spring-web-6.2.14.jar:6.2.14]
	at org.springframework.web.filter.CompositeFilter$VirtualFilterChain.doFilter(CompositeFilter.java:108) ~[spring-web-6.2.14.jar:6.2.14]
	at org.springframework.security.web.FilterChainProxy.lambda$doFilterInternal$3(FilterChainProxy.java:231) ~[spring-security-web-6.5.7.jar:6.5.7]
	at org.springframework.security.web.FilterChainProxy$VirtualFilterChain.doFilter(FilterChainProxy.java:365) ~[spring-security-web-6.5.7.jar:6.5.7]
	at org.springframework.security.web.access.intercept.AuthorizationFilter.doFilter(AuthorizationFilter.java:101) ~[spring-security-web-6.5.7.jar:6.5.7]
	at org.springframework.security.web.FilterChainProxy$VirtualFilterChain.doFilter(FilterChainProxy.java:374) ~[spring-security-web-6.5.7.jar:6.5.7]
	at org.springframework.security.web.access.ExceptionTranslationFilter.doFilter(ExceptionTranslationFilter.java:125) ~[spring-security-web-6.5.7.jar:6.5.7]
	at org.springframework.security.web.access.ExceptionTranslationFilter.doFilter(ExceptionTranslationFilter.java:119) ~[spring-security-web-6.5.7.jar:6.5.7]
	at org.springframework.security.web.FilterChainProxy$VirtualFilterChain.doFilter(FilterChainProxy.java:374) ~[spring-security-web-6.5.7.jar:6.5.7]
	at org.springframework.security.web.authentication.AnonymousAuthenticationFilter.doFilter(AnonymousAuthenticationFilter.java:100) ~[spring-security-web-6.5.7.jar:6.5.7]
	at org.springframework.security.web.FilterChainProxy$VirtualFilterChain.doFilter(FilterChainProxy.java:374) ~[spring-security-web-6.5.7.jar:6.5.7]
	at org.springframework.security.web.servletapi.SecurityContextHolderAwareRequestFilter.doFilter(SecurityContextHolderAwareRequestFilter.java:179) ~[spring-security-web-6.5.7.jar:6.5.7]
	at org.springframework.security.web.FilterChainProxy$VirtualFilterChain.doFilter(FilterChainProxy.java:374) ~[spring-security-web-6.5.7.jar:6.5.7]
	at org.springframework.security.web.savedrequest.RequestCacheAwareFilter.doFilter(RequestCacheAwareFilter.java:63) ~[spring-security-web-6.5.7.jar:6.5.7]
	at org.springframework.security.web.FilterChainProxy$VirtualFilterChain.doFilter(FilterChainProxy.java:374) ~[spring-security-web-6.5.7.jar:6.5.7]
	at org.springframework.security.web.authentication.AuthenticationFilter.doFilterInternal(AuthenticationFilter.java:177) ~[spring-security-web-6.5.7.jar:6.5.7]
	at org.springframework.web.filter.OncePerRequestFilter.doFilter(OncePerRequestFilter.java:116) ~[spring-web-6.2.14.jar:6.2.14]
	at org.springframework.security.web.FilterChainProxy$VirtualFilterChain.doFilter(FilterChainProxy.java:374) ~[spring-security-web-6.5.7.jar:6.5.7]
	at org.springframework.security.oauth2.server.resource.web.authentication.BearerTokenAuthenticationFilter.doFilterInternal(BearerTokenAuthenticationFilter.java:158) ~[spring-security-oauth2-resource-server-6.5.7.jar:6.5.7]
	at org.springframework.web.filter.OncePerRequestFilter.doFilter(OncePerRequestFilter.java:116) ~[spring-web-6.2.14.jar:6.2.14]
	at org.springframework.security.web.FilterChainProxy$VirtualFilterChain.doFilter(FilterChainProxy.java:374) ~[spring-security-web-6.5.7.jar:6.5.7]
	at org.springframework.security.web.authentication.logout.LogoutFilter.doFilter(LogoutFilter.java:107) ~[spring-security-web-6.5.7.jar:6.5.7]
	at org.springframework.security.web.authentication.logout.LogoutFilter.doFilter(LogoutFilter.java:93) ~[spring-security-web-6.5.7.jar:6.5.7]
	at org.springframework.security.web.FilterChainProxy$VirtualFilterChain.doFilter(FilterChainProxy.java:374) ~[spring-security-web-6.5.7.jar:6.5.7]
	at org.springframework.security.web.csrf.CsrfFilter.doFilterInternal(CsrfFilter.java:117) ~[spring-security-web-6.5.7.jar:6.5.7]
	at org.springframework.web.filter.OncePerRequestFilter.doFilter(OncePerRequestFilter.java:116) ~[spring-web-6.2.14.jar:6.2.14]
	at org.springframework.security.web.FilterChainProxy$VirtualFilterChain.doFilter(FilterChainProxy.java:374) ~[spring-security-web-6.5.7.jar:6.5.7]
	at org.springframework.security.web.header.HeaderWriterFilter.doHeadersAfter(HeaderWriterFilter.java:90) ~[spring-security-web-6.5.7.jar:6.5.7]
	at org.springframework.security.web.header.HeaderWriterFilter.doFilterInternal(HeaderWriterFilter.java:75) ~[spring-security-web-6.5.7.jar:6.5.7]
	at org.springframework.web.filter.OncePerRequestFilter.doFilter(OncePerRequestFilter.java:116) ~[spring-web-6.2.14.jar:6.2.14]
	at org.springframework.security.web.FilterChainProxy$VirtualFilterChain.doFilter(FilterChainProxy.java:374) ~[spring-security-web-6.5.7.jar:6.5.7]
	at org.springframework.security.web.context.SecurityContextHolderFilter.doFilter(SecurityContextHolderFilter.java:82) ~[spring-security-web-6.5.7.jar:6.5.7]
	at org.springframework.security.web.context.SecurityContextHolderFilter.doFilter(SecurityContextHolderFilter.java:69) ~[spring-security-web-6.5.7.jar:6.5.7]
	at org.springframework.security.web.FilterChainProxy$VirtualFilterChain.doFilter(FilterChainProxy.java:374) ~[spring-security-web-6.5.7.jar:6.5.7]
	at org.springframework.security.web.context.request.async.WebAsyncManagerIntegrationFilter.doFilterInternal(WebAsyncManagerIntegrationFilter.java:62) ~[spring-security-web-6.5.7.jar:6.5.7]
	at org.springframework.web.filter.OncePerRequestFilter.doFilter(OncePerRequestFilter.java:116) ~[spring-web-6.2.14.jar:6.2.14]
	at org.springframework.security.web.FilterChainProxy$VirtualFilterChain.doFilter(FilterChainProxy.java:374) ~[spring-security-web-6.5.7.jar:6.5.7]
	at org.springframework.security.web.session.DisableEncodeUrlFilter.doFilterInternal(DisableEncodeUrlFilter.java:42) ~[spring-security-web-6.5.7.jar:6.5.7]
	at org.springframework.web.filter.OncePerRequestFilter.doFilter(OncePerRequestFilter.java:116) ~[spring-web-6.2.14.jar:6.2.14]
	at org.springframework.security.web.FilterChainProxy$VirtualFilterChain.doFilter(FilterChainProxy.java:374) ~[spring-security-web-6.5.7.jar:6.5.7]
	at org.springframework.security.web.FilterChainProxy.doFilterInternal(FilterChainProxy.java:233) ~[spring-security-web-6.5.7.jar:6.5.7]
	at org.springframework.security.web.FilterChainProxy.doFilter(FilterChainProxy.java:191) ~[spring-security-web-6.5.7.jar:6.5.7]
	at org.springframework.web.filter.CompositeFilter$VirtualFilterChain.doFilter(CompositeFilter.java:113) ~[spring-web-6.2.14.jar:6.2.14]
	at org.springframework.web.filter.ServletRequestPathFilter.doFilter(ServletRequestPathFilter.java:52) ~[spring-web-6.2.14.jar:6.2.14]
	at org.springframework.web.filter.CompositeFilter$VirtualFilterChain.doFilter(CompositeFilter.java:113) ~[spring-web-6.2.14.jar:6.2.14]
	at org.springframework.web.filter.CompositeFilter.doFilter(CompositeFilter.java:74) ~[spring-web-6.2.14.jar:6.2.14]
	at org.springframework.security.config.annotation.web.configuration.WebSecurityConfiguration$CompositeFilterChainProxy.doFilter(WebSecurityConfiguration.java:319) ~[spring-security-config-6.5.7.jar:6.5.7]
	at org.springframework.web.filter.CompositeFilter$VirtualFilterChain.doFilter(CompositeFilter.java:113) ~[spring-web-6.2.14.jar:6.2.14]
	at org.springframework.web.servlet.handler.HandlerMappingIntrospector.lambda$createCacheFilter$4(HandlerMappingIntrospector.java:267) ~[spring-webmvc-6.2.14.jar:6.2.14]
	at org.springframework.web.filter.CompositeFilter$VirtualFilterChain.doFilter(CompositeFilter.java:113) ~[spring-web-6.2.14.jar:6.2.14]
	at org.springframework.web.filter.CompositeFilter.doFilter(CompositeFilter.java:74) ~[spring-web-6.2.14.jar:6.2.14]
	at org.springframework.security.config.annotation.web.configuration.WebMvcSecurityConfiguration$CompositeFilterChainProxy.doFilter(WebMvcSecurityConfiguration.java:240) ~[spring-security-config-6.5.7.jar:6.5.7]
	at org.springframework.web.filter.DelegatingFilterProxy.invokeDelegate(DelegatingFilterProxy.java:362) ~[spring-web-6.2.14.jar:6.2.14]
	at org.springframework.web.filter.DelegatingFilterProxy.doFilter(DelegatingFilterProxy.java:278) ~[spring-web-6.2.14.jar:6.2.14]
	at org.apache.catalina.core.ApplicationFilterChain.internalDoFilter(ApplicationFilterChain.java:162) ~[tomcat-embed-core-10.1.49.jar:10.1.49]
	at org.apache.catalina.core.ApplicationFilterChain.doFilter(ApplicationFilterChain.java:138) ~[tomcat-embed-core-10.1.49.jar:10.1.49]
	at org.springframework.web.filter.RequestContextFilter.doFilterInternal(RequestContextFilter.java:100) ~[spring-web-6.2.14.jar:6.2.14]
	at org.springframework.web.filter.OncePerRequestFilter.doFilter(OncePerRequestFilter.java:116) ~[spring-web-6.2.14.jar:6.2.14]
	at org.apache.catalina.core.ApplicationFilterChain.internalDoFilter(ApplicationFilterChain.java:162) ~[tomcat-embed-core-10.1.49.jar:10.1.49]
	at org.apache.catalina.core.ApplicationFilterChain.doFilter(ApplicationFilterChain.java:138) ~[tomcat-embed-core-10.1.49.jar:10.1.49]
	at org.springframework.web.filter.FormContentFilter.doFilterInternal(FormContentFilter.java:93) ~[spring-web-6.2.14.jar:6.2.14]
	at org.springframework.web.filter.OncePerRequestFilter.doFilter(OncePerRequestFilter.java:116) ~[spring-web-6.2.14.jar:6.2.14]
	at org.apache.catalina.core.ApplicationFilterChain.internalDoFilter(ApplicationFilterChain.java:162) ~[tomcat-embed-core-10.1.49.jar:10.1.49]
	at org.apache.catalina.core.ApplicationFilterChain.doFilter(ApplicationFilterChain.java:138) ~[tomcat-embed-core-10.1.49.jar:10.1.49]
	at org.springframework.web.filter.CharacterEncodingFilter.doFilterInternal(CharacterEncodingFilter.java:201) ~[spring-web-6.2.14.jar:6.2.14]
	at org.springframework.web.filter.OncePerRequestFilter.doFilter(OncePerRequestFilter.java:116) ~[spring-web-6.2.14.jar:6.2.14]
	at org.apache.catalina.core.ApplicationFilterChain.internalDoFilter(ApplicationFilterChain.java:162) ~[tomcat-embed-core-10.1.49.jar:10.1.49]
	at org.apache.catalina.core.ApplicationFilterChain.doFilter(ApplicationFilterChain.java:138) ~[tomcat-embed-core-10.1.49.jar:10.1.49]
	at org.apache.catalina.core.StandardWrapperValve.invoke(StandardWrapperValve.java:165) ~[tomcat-embed-core-10.1.49.jar:10.1.49]
	at org.apache.catalina.core.StandardContextValve.invoke(StandardContextValve.java:88) ~[tomcat-embed-core-10.1.49.jar:10.1.49]
	at org.apache.catalina.authenticator.AuthenticatorBase.invoke(AuthenticatorBase.java:482) ~[tomcat-embed-core-10.1.49.jar:10.1.49]
	at org.apache.catalina.core.StandardHostValve.invoke(StandardHostValve.java:113) ~[tomcat-embed-core-10.1.49.jar:10.1.49]
	at org.apache.catalina.valves.ErrorReportValve.invoke(ErrorReportValve.java:83) ~[tomcat-embed-core-10.1.49.jar:10.1.49]
	at org.apache.catalina.core.StandardEngineValve.invoke(StandardEngineValve.java:72) ~[tomcat-embed-core-10.1.49.jar:10.1.49]
	at org.apache.catalina.connector.CoyoteAdapter.service(CoyoteAdapter.java:342) ~[tomcat-embed-core-10.1.49.jar:10.1.49]
	at org.apache.coyote.http11.Http11Processor.service(Http11Processor.java:399) ~[tomcat-embed-core-10.1.49.jar:10.1.49]
	at org.apache.coyote.AbstractProcessorLight.process(AbstractProcessorLight.java:63) ~[tomcat-embed-core-10.1.49.jar:10.1.49]
	at org.apache.coyote.AbstractProtocol$ConnectionHandler.process(AbstractProtocol.java:903) ~[tomcat-embed-core-10.1.49.jar:10.1.49]
	at org.apache.tomcat.util.net.NioEndpoint$SocketProcessor.doRun(NioEndpoint.java:1774) ~[tomcat-embed-core-10.1.49.jar:10.1.49]
	at org.apache.tomcat.util.net.SocketProcessorBase.run(SocketProcessorBase.java:52) ~[tomcat-embed-core-10.1.49.jar:10.1.49]
	at java.base/java.lang.VirtualThread.run(VirtualThread.java:329) ~[?:?]
14:26:47.992 [tomcat-handler-4] ERROR ServiceExceptionHandler - No static resource api/clients.
org.springframework.web.servlet.resource.NoResourceFoundException: No static resource api/clients.
	at org.springframework.web.servlet.resource.ResourceHttpRequestHandler.handleRequest(ResourceHttpRequestHandler.java:585) ~[spring-webmvc-6.2.14.jar:6.2.14]
	at org.springframework.web.servlet.mvc.HttpRequestHandlerAdapter.handle(HttpRequestHandlerAdapter.java:52) ~[spring-webmvc-6.2.14.jar:6.2.14]
	at org.springframework.web.servlet.DispatcherServlet.doDispatch(DispatcherServlet.java:1089) ~[spring-webmvc-6.2.14.jar:6.2.14]
	at org.springframework.web.servlet.DispatcherServlet.doService(DispatcherServlet.java:979) ~[spring-webmvc-6.2.14.jar:6.2.14]
	at org.springframework.web.servlet.FrameworkServlet.processRequest(FrameworkServlet.java:1014) ~[spring-webmvc-6.2.14.jar:6.2.14]
	at org.springframework.web.servlet.FrameworkServlet.doPost(FrameworkServlet.java:914) ~[spring-webmvc-6.2.14.jar:6.2.14]
	at jakarta.servlet.http.HttpServlet.service(HttpServlet.java:590) ~[tomcat-embed-core-10.1.49.jar:6.0]
	at org.springframework.web.servlet.FrameworkServlet.service(FrameworkServlet.java:885) ~[spring-webmvc-6.2.14.jar:6.2.14]
	at jakarta.servlet.http.HttpServlet.service(HttpServlet.java:658) ~[tomcat-embed-core-10.1.49.jar:6.0]
	at org.apache.catalina.core.ApplicationFilterChain.internalDoFilter(ApplicationFilterChain.java:193) ~[tomcat-embed-core-10.1.49.jar:10.1.49]
	at org.apache.catalina.core.ApplicationFilterChain.doFilter(ApplicationFilterChain.java:138) ~[tomcat-embed-core-10.1.49.jar:10.1.49]
	at org.apache.tomcat.websocket.server.WsFilter.doFilter(WsFilter.java:51) ~[tomcat-embed-websocket-10.1.49.jar:10.1.49]
	at org.apache.catalina.core.ApplicationFilterChain.internalDoFilter(ApplicationFilterChain.java:162) ~[tomcat-embed-core-10.1.49.jar:10.1.49]
	at org.apache.catalina.core.ApplicationFilterChain.doFilter(ApplicationFilterChain.java:138) ~[tomcat-embed-core-10.1.49.jar:10.1.49]
	at org.springframework.web.filter.CompositeFilter$VirtualFilterChain.doFilter(CompositeFilter.java:108) ~[spring-web-6.2.14.jar:6.2.14]
	at org.springframework.web.filter.CompositeFilter$VirtualFilterChain.doFilter(CompositeFilter.java:108) ~[spring-web-6.2.14.jar:6.2.14]
	at org.springframework.security.web.FilterChainProxy.lambda$doFilterInternal$3(FilterChainProxy.java:231) ~[spring-security-web-6.5.7.jar:6.5.7]
	at org.springframework.security.web.FilterChainProxy$VirtualFilterChain.doFilter(FilterChainProxy.java:365) ~[spring-security-web-6.5.7.jar:6.5.7]
	at org.springframework.security.web.access.intercept.AuthorizationFilter.doFilter(AuthorizationFilter.java:101) ~[spring-security-web-6.5.7.jar:6.5.7]
	at org.springframework.security.web.FilterChainProxy$VirtualFilterChain.doFilter(FilterChainProxy.java:374) ~[spring-security-web-6.5.7.jar:6.5.7]
	at org.springframework.security.web.access.ExceptionTranslationFilter.doFilter(ExceptionTranslationFilter.java:125) ~[spring-security-web-6.5.7.jar:6.5.7]
	at org.springframework.security.web.access.ExceptionTranslationFilter.doFilter(ExceptionTranslationFilter.java:119) ~[spring-security-web-6.5.7.jar:6.5.7]
	at org.springframework.security.web.FilterChainProxy$VirtualFilterChain.doFilter(FilterChainProxy.java:374) ~[spring-security-web-6.5.7.jar:6.5.7]
	at org.springframework.security.web.authentication.AnonymousAuthenticationFilter.doFilter(AnonymousAuthenticationFilter.java:100) ~[spring-security-web-6.5.7.jar:6.5.7]
	at org.springframework.security.web.FilterChainProxy$VirtualFilterChain.doFilter(FilterChainProxy.java:374) ~[spring-security-web-6.5.7.jar:6.5.7]
	at org.springframework.security.web.servletapi.SecurityContextHolderAwareRequestFilter.doFilter(SecurityContextHolderAwareRequestFilter.java:179) ~[spring-security-web-6.5.7.jar:6.5.7]
	at org.springframework.security.web.FilterChainProxy$VirtualFilterChain.doFilter(FilterChainProxy.java:374) ~[spring-security-web-6.5.7.jar:6.5.7]
	at org.springframework.security.web.savedrequest.RequestCacheAwareFilter.doFilter(RequestCacheAwareFilter.java:63) ~[spring-security-web-6.5.7.jar:6.5.7]
	at org.springframework.security.web.FilterChainProxy$VirtualFilterChain.doFilter(FilterChainProxy.java:374) ~[spring-security-web-6.5.7.jar:6.5.7]
	at org.springframework.security.web.authentication.AuthenticationFilter.doFilterInternal(AuthenticationFilter.java:177) ~[spring-security-web-6.5.7.jar:6.5.7]
	at org.springframework.web.filter.OncePerRequestFilter.doFilter(OncePerRequestFilter.java:116) ~[spring-web-6.2.14.jar:6.2.14]
	at org.springframework.security.web.FilterChainProxy$VirtualFilterChain.doFilter(FilterChainProxy.java:374) ~[spring-security-web-6.5.7.jar:6.5.7]
	at org.springframework.security.oauth2.server.resource.web.authentication.BearerTokenAuthenticationFilter.doFilterInternal(BearerTokenAuthenticationFilter.java:158) ~[spring-security-oauth2-resource-server-6.5.7.jar:6.5.7]
	at org.springframework.web.filter.OncePerRequestFilter.doFilter(OncePerRequestFilter.java:116) ~[spring-web-6.2.14.jar:6.2.14]
	at org.springframework.security.web.FilterChainProxy$VirtualFilterChain.doFilter(FilterChainProxy.java:374) ~[spring-security-web-6.5.7.jar:6.5.7]
	at org.springframework.security.web.authentication.logout.LogoutFilter.doFilter(LogoutFilter.java:107) ~[spring-security-web-6.5.7.jar:6.5.7]
	at org.springframework.security.web.authentication.logout.LogoutFilter.doFilter(LogoutFilter.java:93) ~[spring-security-web-6.5.7.jar:6.5.7]
	at org.springframework.security.web.FilterChainProxy$VirtualFilterChain.doFilter(FilterChainProxy.java:374) ~[spring-security-web-6.5.7.jar:6.5.7]
	at org.springframework.security.web.csrf.CsrfFilter.doFilterInternal(CsrfFilter.java:117) ~[spring-security-web-6.5.7.jar:6.5.7]
	at org.springframework.web.filter.OncePerRequestFilter.doFilter(OncePerRequestFilter.java:116) ~[spring-web-6.2.14.jar:6.2.14]
	at org.springframework.security.web.FilterChainProxy$VirtualFilterChain.doFilter(FilterChainProxy.java:374) ~[spring-security-web-6.5.7.jar:6.5.7]
	at org.springframework.security.web.header.HeaderWriterFilter.doHeadersAfter(HeaderWriterFilter.java:90) ~[spring-security-web-6.5.7.jar:6.5.7]
	at org.springframework.security.web.header.HeaderWriterFilter.doFilterInternal(HeaderWriterFilter.java:75) ~[spring-security-web-6.5.7.jar:6.5.7]
	at org.springframework.web.filter.OncePerRequestFilter.doFilter(OncePerRequestFilter.java:116) ~[spring-web-6.2.14.jar:6.2.14]
	at org.springframework.security.web.FilterChainProxy$VirtualFilterChain.doFilter(FilterChainProxy.java:374) ~[spring-security-web-6.5.7.jar:6.5.7]
	at org.springframework.security.web.context.SecurityContextHolderFilter.doFilter(SecurityContextHolderFilter.java:82) ~[spring-security-web-6.5.7.jar:6.5.7]
	at org.springframework.security.web.context.SecurityContextHolderFilter.doFilter(SecurityContextHolderFilter.java:69) ~[spring-security-web-6.5.7.jar:6.5.7]
	at org.springframework.security.web.FilterChainProxy$VirtualFilterChain.doFilter(FilterChainProxy.java:374) ~[spring-security-web-6.5.7.jar:6.5.7]
	at org.springframework.security.web.context.request.async.WebAsyncManagerIntegrationFilter.doFilterInternal(WebAsyncManagerIntegrationFilter.java:62) ~[spring-security-web-6.5.7.jar:6.5.7]
	at org.springframework.web.filter.OncePerRequestFilter.doFilter(OncePerRequestFilter.java:116) ~[spring-web-6.2.14.jar:6.2.14]
	at org.springframework.security.web.FilterChainProxy$VirtualFilterChain.doFilter(FilterChainProxy.java:374) ~[spring-security-web-6.5.7.jar:6.5.7]
	at org.springframework.security.web.session.DisableEncodeUrlFilter.doFilterInternal(DisableEncodeUrlFilter.java:42) ~[spring-security-web-6.5.7.jar:6.5.7]
	at org.springframework.web.filter.OncePerRequestFilter.doFilter(OncePerRequestFilter.java:116) ~[spring-web-6.2.14.jar:6.2.14]
	at org.springframework.security.web.FilterChainProxy$VirtualFilterChain.doFilter(FilterChainProxy.java:374) ~[spring-security-web-6.5.7.jar:6.5.7]
	at org.springframework.security.web.FilterChainProxy.doFilterInternal(FilterChainProxy.java:233) ~[spring-security-web-6.5.7.jar:6.5.7]
	at org.springframework.security.web.FilterChainProxy.doFilter(FilterChainProxy.java:191) ~[spring-security-web-6.5.7.jar:6.5.7]
	at org.springframework.web.filter.CompositeFilter$VirtualFilterChain.doFilter(CompositeFilter.java:113) ~[spring-web-6.2.14.jar:6.2.14]
	at org.springframework.web.filter.ServletRequestPathFilter.doFilter(ServletRequestPathFilter.java:52) ~[spring-web-6.2.14.jar:6.2.14]
	at org.springframework.web.filter.CompositeFilter$VirtualFilterChain.doFilter(CompositeFilter.java:113) ~[spring-web-6.2.14.jar:6.2.14]
	at org.springframework.web.filter.CompositeFilter.doFilter(CompositeFilter.java:74) ~[spring-web-6.2.14.jar:6.2.14]
	at org.springframework.security.config.annotation.web.configuration.WebSecurityConfiguration$CompositeFilterChainProxy.doFilter(WebSecurityConfiguration.java:319) ~[spring-security-config-6.5.7.jar:6.5.7]
	at org.springframework.web.filter.CompositeFilter$VirtualFilterChain.doFilter(CompositeFilter.java:113) ~[spring-web-6.2.14.jar:6.2.14]
	at org.springframework.web.servlet.handler.HandlerMappingIntrospector.lambda$createCacheFilter$4(HandlerMappingIntrospector.java:267) ~[spring-webmvc-6.2.14.jar:6.2.14]
	at org.springframework.web.filter.CompositeFilter$VirtualFilterChain.doFilter(CompositeFilter.java:113) ~[spring-web-6.2.14.jar:6.2.14]
	at org.springframework.web.filter.CompositeFilter.doFilter(CompositeFilter.java:74) ~[spring-web-6.2.14.jar:6.2.14]
	at org.springframework.security.config.annotation.web.configuration.WebMvcSecurityConfiguration$CompositeFilterChainProxy.doFilter(WebMvcSecurityConfiguration.java:240) ~[spring-security-config-6.5.7.jar:6.5.7]
	at org.springframework.web.filter.DelegatingFilterProxy.invokeDelegate(DelegatingFilterProxy.java:362) ~[spring-web-6.2.14.jar:6.2.14]
	at org.springframework.web.filter.DelegatingFilterProxy.doFilter(DelegatingFilterProxy.java:278) ~[spring-web-6.2.14.jar:6.2.14]
	at org.apache.catalina.core.ApplicationFilterChain.internalDoFilter(ApplicationFilterChain.java:162) ~[tomcat-embed-core-10.1.49.jar:10.1.49]
	at org.apache.catalina.core.ApplicationFilterChain.doFilter(ApplicationFilterChain.java:138) ~[tomcat-embed-core-10.1.49.jar:10.1.49]
	at org.springframework.web.filter.RequestContextFilter.doFilterInternal(RequestContextFilter.java:100) ~[spring-web-6.2.14.jar:6.2.14]
	at org.springframework.web.filter.OncePerRequestFilter.doFilter(OncePerRequestFilter.java:116) ~[spring-web-6.2.14.jar:6.2.14]
	at org.apache.catalina.core.ApplicationFilterChain.internalDoFilter(ApplicationFilterChain.java:162) ~[tomcat-embed-core-10.1.49.jar:10.1.49]
	at org.apache.catalina.core.ApplicationFilterChain.doFilter(ApplicationFilterChain.java:138) ~[tomcat-embed-core-10.1.49.jar:10.1.49]
	at org.springframework.web.filter.FormContentFilter.doFilterInternal(FormContentFilter.java:93) ~[spring-web-6.2.14.jar:6.2.14]
	at org.springframework.web.filter.OncePerRequestFilter.doFilter(OncePerRequestFilter.java:116) ~[spring-web-6.2.14.jar:6.2.14]
	at org.apache.catalina.core.ApplicationFilterChain.internalDoFilter(ApplicationFilterChain.java:162) ~[tomcat-embed-core-10.1.49.jar:10.1.49]
	at org.apache.catalina.core.ApplicationFilterChain.doFilter(ApplicationFilterChain.java:138) ~[tomcat-embed-core-10.1.49.jar:10.1.49]
	at org.springframework.web.filter.CharacterEncodingFilter.doFilterInternal(CharacterEncodingFilter.java:201) ~[spring-web-6.2.14.jar:6.2.14]
	at org.springframework.web.filter.OncePerRequestFilter.doFilter(OncePerRequestFilter.java:116) ~[spring-web-6.2.14.jar:6.2.14]
	at org.apache.catalina.core.ApplicationFilterChain.internalDoFilter(ApplicationFilterChain.java:162) ~[tomcat-embed-core-10.1.49.jar:10.1.49]
	at org.apache.catalina.core.ApplicationFilterChain.doFilter(ApplicationFilterChain.java:138) ~[tomcat-embed-core-10.1.49.jar:10.1.49]
	at org.apache.catalina.core.StandardWrapperValve.invoke(StandardWrapperValve.java:165) ~[tomcat-embed-core-10.1.49.jar:10.1.49]
	at org.apache.catalina.core.StandardContextValve.invoke(StandardContextValve.java:88) ~[tomcat-embed-core-10.1.49.jar:10.1.49]
	at org.apache.catalina.authenticator.AuthenticatorBase.invoke(AuthenticatorBase.java:482) ~[tomcat-embed-core-10.1.49.jar:10.1.49]
	at org.apache.catalina.core.StandardHostValve.invoke(StandardHostValve.java:113) ~[tomcat-embed-core-10.1.49.jar:10.1.49]
	at org.apache.catalina.valves.ErrorReportValve.invoke(ErrorReportValve.java:83) ~[tomcat-embed-core-10.1.49.jar:10.1.49]
	at org.apache.catalina.core.StandardEngineValve.invoke(StandardEngineValve.java:72) ~[tomcat-embed-core-10.1.49.jar:10.1.49]
	at org.apache.catalina.connector.CoyoteAdapter.service(CoyoteAdapter.java:342) ~[tomcat-embed-core-10.1.49.jar:10.1.49]
	at org.apache.coyote.http11.Http11Processor.service(Http11Processor.java:399) ~[tomcat-embed-core-10.1.49.jar:10.1.49]
	at org.apache.coyote.AbstractProcessorLight.process(AbstractProcessorLight.java:63) ~[tomcat-embed-core-10.1.49.jar:10.1.49]
	at org.apache.coyote.AbstractProtocol$ConnectionHandler.process(AbstractProtocol.java:903) ~[tomcat-embed-core-10.1.49.jar:10.1.49]
	at org.apache.tomcat.util.net.NioEndpoint$SocketProcessor.doRun(NioEndpoint.java:1774) ~[tomcat-embed-core-10.1.49.jar:10.1.49]
	at org.apache.tomcat.util.net.SocketProcessorBase.run(SocketProcessorBase.java:52) ~[tomcat-embed-core-10.1.49.jar:10.1.49]
	at java.base/java.lang.VirtualThread.run(VirtualThread.java:329) ~[?:?]
14:26:48.345 [tomcat-handler-6] ERROR ServiceExceptionHandler - No static resource api/clients.
org.springframework.web.servlet.resource.NoResourceFoundException: No static resource api/clients.
	at org.springframework.web.servlet.resource.ResourceHttpRequestHandler.handleRequest(ResourceHttpRequestHandler.java:585) ~[spring-webmvc-6.2.14.jar:6.2.14]
	at org.springframework.web.servlet.mvc.HttpRequestHandlerAdapter.handle(HttpRequestHandlerAdapter.java:52) ~[spring-webmvc-6.2.14.jar:6.2.14]
	at org.springframework.web.servlet.DispatcherServlet.doDispatch(DispatcherServlet.java:1089) ~[spring-webmvc-6.2.14.jar:6.2.14]
	at org.springframework.web.servlet.DispatcherServlet.doService(DispatcherServlet.java:979) ~[spring-webmvc-6.2.14.jar:6.2.14]
	at org.springframework.web.servlet.FrameworkServlet.processRequest(FrameworkServlet.java:1014) ~[spring-webmvc-6.2.14.jar:6.2.14]
	at org.springframework.web.servlet.FrameworkServlet.doPost(FrameworkServlet.java:914) ~[spring-webmvc-6.2.14.jar:6.2.14]
	at jakarta.servlet.http.HttpServlet.service(HttpServlet.java:590) ~[tomcat-embed-core-10.1.49.jar:6.0]
	at org.springframework.web.servlet.FrameworkServlet.service(FrameworkServlet.java:885) ~[spring-webmvc-6.2.14.jar:6.2.14]
	at jakarta.servlet.http.HttpServlet.service(HttpServlet.java:658) ~[tomcat-embed-core-10.1.49.jar:6.0]
	at org.apache.catalina.core.ApplicationFilterChain.internalDoFilter(ApplicationFilterChain.java:193) ~[tomcat-embed-core-10.1.49.jar:10.1.49]
	at org.apache.catalina.core.ApplicationFilterChain.doFilter(ApplicationFilterChain.java:138) ~[tomcat-embed-core-10.1.49.jar:10.1.49]
	at org.apache.tomcat.websocket.server.WsFilter.doFilter(WsFilter.java:51) ~[tomcat-embed-websocket-10.1.49.jar:10.1.49]
	at org.apache.catalina.core.ApplicationFilterChain.internalDoFilter(ApplicationFilterChain.java:162) ~[tomcat-embed-core-10.1.49.jar:10.1.49]
	at org.apache.catalina.core.ApplicationFilterChain.doFilter(ApplicationFilterChain.java:138) ~[tomcat-embed-core-10.1.49.jar:10.1.49]
	at org.springframework.web.filter.CompositeFilter$VirtualFilterChain.doFilter(CompositeFilter.java:108) ~[spring-web-6.2.14.jar:6.2.14]
	at org.springframework.web.filter.CompositeFilter$VirtualFilterChain.doFilter(CompositeFilter.java:108) ~[spring-web-6.2.14.jar:6.2.14]
	at org.springframework.security.web.FilterChainProxy.lambda$doFilterInternal$3(FilterChainProxy.java:231) ~[spring-security-web-6.5.7.jar:6.5.7]
	at org.springframework.security.web.FilterChainProxy$VirtualFilterChain.doFilter(FilterChainProxy.java:365) ~[spring-security-web-6.5.7.jar:6.5.7]
	at org.springframework.security.web.access.intercept.AuthorizationFilter.doFilter(AuthorizationFilter.java:101) ~[spring-security-web-6.5.7.jar:6.5.7]
	at org.springframework.security.web.FilterChainProxy$VirtualFilterChain.doFilter(FilterChainProxy.java:374) ~[spring-security-web-6.5.7.jar:6.5.7]
	at org.springframework.security.web.access.ExceptionTranslationFilter.doFilter(ExceptionTranslationFilter.java:125) ~[spring-security-web-6.5.7.jar:6.5.7]
	at org.springframework.security.web.access.ExceptionTranslationFilter.doFilter(ExceptionTranslationFilter.java:119) ~[spring-security-web-6.5.7.jar:6.5.7]
	at org.springframework.security.web.FilterChainProxy$VirtualFilterChain.doFilter(FilterChainProxy.java:374) ~[spring-security-web-6.5.7.jar:6.5.7]
	at org.springframework.security.web.authentication.AnonymousAuthenticationFilter.doFilter(AnonymousAuthenticationFilter.java:100) ~[spring-security-web-6.5.7.jar:6.5.7]
	at org.springframework.security.web.FilterChainProxy$VirtualFilterChain.doFilter(FilterChainProxy.java:374) ~[spring-security-web-6.5.7.jar:6.5.7]
	at org.springframework.security.web.servletapi.SecurityContextHolderAwareRequestFilter.doFilter(SecurityContextHolderAwareRequestFilter.java:179) ~[spring-security-web-6.5.7.jar:6.5.7]
	at org.springframework.security.web.FilterChainProxy$VirtualFilterChain.doFilter(FilterChainProxy.java:374) ~[spring-security-web-6.5.7.jar:6.5.7]
	at org.springframework.security.web.savedrequest.RequestCacheAwareFilter.doFilter(RequestCacheAwareFilter.java:63) ~[spring-security-web-6.5.7.jar:6.5.7]
	at org.springframework.security.web.FilterChainProxy$VirtualFilterChain.doFilter(FilterChainProxy.java:374) ~[spring-security-web-6.5.7.jar:6.5.7]
	at org.springframework.security.web.authentication.AuthenticationFilter.doFilterInternal(AuthenticationFilter.java:177) ~[spring-security-web-6.5.7.jar:6.5.7]
	at org.springframework.web.filter.OncePerRequestFilter.doFilter(OncePerRequestFilter.java:116) ~[spring-web-6.2.14.jar:6.2.14]
	at org.springframework.security.web.FilterChainProxy$VirtualFilterChain.doFilter(FilterChainProxy.java:374) ~[spring-security-web-6.5.7.jar:6.5.7]
	at org.springframework.security.oauth2.server.resource.web.authentication.BearerTokenAuthenticationFilter.doFilterInternal(BearerTokenAuthenticationFilter.java:158) ~[spring-security-oauth2-resource-server-6.5.7.jar:6.5.7]
	at org.springframework.web.filter.OncePerRequestFilter.doFilter(OncePerRequestFilter.java:116) ~[spring-web-6.2.14.jar:6.2.14]
	at org.springframework.security.web.FilterChainProxy$VirtualFilterChain.doFilter(FilterChainProxy.java:374) ~[spring-security-web-6.5.7.jar:6.5.7]
	at org.springframework.security.web.authentication.logout.LogoutFilter.doFilter(LogoutFilter.java:107) ~[spring-security-web-6.5.7.jar:6.5.7]
	at org.springframework.security.web.authentication.logout.LogoutFilter.doFilter(LogoutFilter.java:93) ~[spring-security-web-6.5.7.jar:6.5.7]
	at org.springframework.security.web.FilterChainProxy$VirtualFilterChain.doFilter(FilterChainProxy.java:374) ~[spring-security-web-6.5.7.jar:6.5.7]
	at org.springframework.security.web.csrf.CsrfFilter.doFilterInternal(CsrfFilter.java:117) ~[spring-security-web-6.5.7.jar:6.5.7]
	at org.springframework.web.filter.OncePerRequestFilter.doFilter(OncePerRequestFilter.java:116) ~[spring-web-6.2.14.jar:6.2.14]
	at org.springframework.security.web.FilterChainProxy$VirtualFilterChain.doFilter(FilterChainProxy.java:374) ~[spring-security-web-6.5.7.jar:6.5.7]
	at org.springframework.security.web.header.HeaderWriterFilter.doHeadersAfter(HeaderWriterFilter.java:90) ~[spring-security-web-6.5.7.jar:6.5.7]
	at org.springframework.security.web.header.HeaderWriterFilter.doFilterInternal(HeaderWriterFilter.java:75) ~[spring-security-web-6.5.7.jar:6.5.7]
	at org.springframework.web.filter.OncePerRequestFilter.doFilter(OncePerRequestFilter.java:116) ~[spring-web-6.2.14.jar:6.2.14]
	at org.springframework.security.web.FilterChainProxy$VirtualFilterChain.doFilter(FilterChainProxy.java:374) ~[spring-security-web-6.5.7.jar:6.5.7]
	at org.springframework.security.web.context.SecurityContextHolderFilter.doFilter(SecurityContextHolderFilter.java:82) ~[spring-security-web-6.5.7.jar:6.5.7]
	at org.springframework.security.web.context.SecurityContextHolderFilter.doFilter(SecurityContextHolderFilter.java:69) ~[spring-security-web-6.5.7.jar:6.5.7]
	at org.springframework.security.web.FilterChainProxy$VirtualFilterChain.doFilter(FilterChainProxy.java:374) ~[spring-security-web-6.5.7.jar:6.5.7]
	at org.springframework.security.web.context.request.async.WebAsyncManagerIntegrationFilter.doFilterInternal(WebAsyncManagerIntegrationFilter.java:62) ~[spring-security-web-6.5.7.jar:6.5.7]
	at org.springframework.web.filter.OncePerRequestFilter.doFilter(OncePerRequestFilter.java:116) ~[spring-web-6.2.14.jar:6.2.14]
	at org.springframework.security.web.FilterChainProxy$VirtualFilterChain.doFilter(FilterChainProxy.java:374) ~[spring-security-web-6.5.7.jar:6.5.7]
	at org.springframework.security.web.session.DisableEncodeUrlFilter.doFilterInternal(DisableEncodeUrlFilter.java:42) ~[spring-security-web-6.5.7.jar:6.5.7]
	at org.springframework.web.filter.OncePerRequestFilter.doFilter(OncePerRequestFilter.java:116) ~[spring-web-6.2.14.jar:6.2.14]
	at org.springframework.security.web.FilterChainProxy$VirtualFilterChain.doFilter(FilterChainProxy.java:374) ~[spring-security-web-6.5.7.jar:6.5.7]
	at org.springframework.security.web.FilterChainProxy.doFilterInternal(FilterChainProxy.java:233) ~[spring-security-web-6.5.7.jar:6.5.7]
	at org.springframework.security.web.FilterChainProxy.doFilter(FilterChainProxy.java:191) ~[spring-security-web-6.5.7.jar:6.5.7]
	at org.springframework.web.filter.CompositeFilter$VirtualFilterChain.doFilter(CompositeFilter.java:113) ~[spring-web-6.2.14.jar:6.2.14]
	at org.springframework.web.filter.ServletRequestPathFilter.doFilter(ServletRequestPathFilter.java:52) ~[spring-web-6.2.14.jar:6.2.14]
	at org.springframework.web.filter.CompositeFilter$VirtualFilterChain.doFilter(CompositeFilter.java:113) ~[spring-web-6.2.14.jar:6.2.14]
	at org.springframework.web.filter.CompositeFilter.doFilter(CompositeFilter.java:74) ~[spring-web-6.2.14.jar:6.2.14]
	at org.springframework.security.config.annotation.web.configuration.WebSecurityConfiguration$CompositeFilterChainProxy.doFilter(WebSecurityConfiguration.java:319) ~[spring-security-config-6.5.7.jar:6.5.7]
	at org.springframework.web.filter.CompositeFilter$VirtualFilterChain.doFilter(CompositeFilter.java:113) ~[spring-web-6.2.14.jar:6.2.14]
	at org.springframework.web.servlet.handler.HandlerMappingIntrospector.lambda$createCacheFilter$4(HandlerMappingIntrospector.java:267) ~[spring-webmvc-6.2.14.jar:6.2.14]
	at org.springframework.web.filter.CompositeFilter$VirtualFilterChain.doFilter(CompositeFilter.java:113) ~[spring-web-6.2.14.jar:6.2.14]
	at org.springframework.web.filter.CompositeFilter.doFilter(CompositeFilter.java:74) ~[spring-web-6.2.14.jar:6.2.14]
	at org.springframework.security.config.annotation.web.configuration.WebMvcSecurityConfiguration$CompositeFilterChainProxy.doFilter(WebMvcSecurityConfiguration.java:240) ~[spring-security-config-6.5.7.jar:6.5.7]
	at org.springframework.web.filter.DelegatingFilterProxy.invokeDelegate(DelegatingFilterProxy.java:362) ~[spring-web-6.2.14.jar:6.2.14]
	at org.springframework.web.filter.DelegatingFilterProxy.doFilter(DelegatingFilterProxy.java:278) ~[spring-web-6.2.14.jar:6.2.14]
	at org.apache.catalina.core.ApplicationFilterChain.internalDoFilter(ApplicationFilterChain.java:162) ~[tomcat-embed-core-10.1.49.jar:10.1.49]
	at org.apache.catalina.core.ApplicationFilterChain.doFilter(ApplicationFilterChain.java:138) ~[tomcat-embed-core-10.1.49.jar:10.1.49]
	at org.springframework.web.filter.RequestContextFilter.doFilterInternal(RequestContextFilter.java:100) ~[spring-web-6.2.14.jar:6.2.14]
	at org.springframework.web.filter.OncePerRequestFilter.doFilter(OncePerRequestFilter.java:116) ~[spring-web-6.2.14.jar:6.2.14]
	at org.apache.catalina.core.ApplicationFilterChain.internalDoFilter(ApplicationFilterChain.java:162) ~[tomcat-embed-core-10.1.49.jar:10.1.49]
	at org.apache.catalina.core.ApplicationFilterChain.doFilter(ApplicationFilterChain.java:138) ~[tomcat-embed-core-10.1.49.jar:10.1.49]
	at org.springframework.web.filter.FormContentFilter.doFilterInternal(FormContentFilter.java:93) ~[spring-web-6.2.14.jar:6.2.14]
	at org.springframework.web.filter.OncePerRequestFilter.doFilter(OncePerRequestFilter.java:116) ~[spring-web-6.2.14.jar:6.2.14]
	at org.apache.catalina.core.ApplicationFilterChain.internalDoFilter(ApplicationFilterChain.java:162) ~[tomcat-embed-core-10.1.49.jar:10.1.49]
	at org.apache.catalina.core.ApplicationFilterChain.doFilter(ApplicationFilterChain.java:138) ~[tomcat-embed-core-10.1.49.jar:10.1.49]
	at org.springframework.web.filter.CharacterEncodingFilter.doFilterInternal(CharacterEncodingFilter.java:201) ~[spring-web-6.2.14.jar:6.2.14]
	at org.springframework.web.filter.OncePerRequestFilter.doFilter(OncePerRequestFilter.java:116) ~[spring-web-6.2.14.jar:6.2.14]
	at org.apache.catalina.core.ApplicationFilterChain.internalDoFilter(ApplicationFilterChain.java:162) ~[tomcat-embed-core-10.1.49.jar:10.1.49]
	at org.apache.catalina.core.ApplicationFilterChain.doFilter(ApplicationFilterChain.java:138) ~[tomcat-embed-core-10.1.49.jar:10.1.49]
	at org.apache.catalina.core.StandardWrapperValve.invoke(StandardWrapperValve.java:165) ~[tomcat-embed-core-10.1.49.jar:10.1.49]
	at org.apache.catalina.core.StandardContextValve.invoke(StandardContextValve.java:88) ~[tomcat-embed-core-10.1.49.jar:10.1.49]
	at org.apache.catalina.authenticator.AuthenticatorBase.invoke(AuthenticatorBase.java:482) ~[tomcat-embed-core-10.1.49.jar:10.1.49]
	at org.apache.catalina.core.StandardHostValve.invoke(StandardHostValve.java:113) ~[tomcat-embed-core-10.1.49.jar:10.1.49]
	at org.apache.catalina.valves.ErrorReportValve.invoke(ErrorReportValve.java:83) ~[tomcat-embed-core-10.1.49.jar:10.1.49]
	at org.apache.catalina.core.StandardEngineValve.invoke(StandardEngineValve.java:72) ~[tomcat-embed-core-10.1.49.jar:10.1.49]
	at org.apache.catalina.connector.CoyoteAdapter.service(CoyoteAdapter.java:342) ~[tomcat-embed-core-10.1.49.jar:10.1.49]
	at org.apache.coyote.http11.Http11Processor.service(Http11Processor.java:399) ~[tomcat-embed-core-10.1.49.jar:10.1.49]
	at org.apache.coyote.AbstractProcessorLight.process(AbstractProcessorLight.java:63) ~[tomcat-embed-core-10.1.49.jar:10.1.49]
	at org.apache.coyote.AbstractProtocol$ConnectionHandler.process(AbstractProtocol.java:903) ~[tomcat-embed-core-10.1.49.jar:10.1.49]
	at org.apache.tomcat.util.net.NioEndpoint$SocketProcessor.doRun(NioEndpoint.java:1774) ~[tomcat-embed-core-10.1.49.jar:10.1.49]
	at org.apache.tomcat.util.net.SocketProcessorBase.run(SocketProcessorBase.java:52) ~[tomcat-embed-core-10.1.49.jar:10.1.49]
	at java.base/java.lang.VirtualThread.run(VirtualThread.java:329) ~[?:?]
14:26:51.533 [tomcat-handler-9] ERROR ServiceExceptionHandler - No static resource api/clients.
org.springframework.web.servlet.resource.NoResourceFoundException: No static resource api/clients.
	at org.springframework.web.servlet.resource.ResourceHttpRequestHandler.handleRequest(ResourceHttpRequestHandler.java:585) ~[spring-webmvc-6.2.14.jar:6.2.14]
	at org.springframework.web.servlet.mvc.HttpRequestHandlerAdapter.handle(HttpRequestHandlerAdapter.java:52) ~[spring-webmvc-6.2.14.jar:6.2.14]
	at org.springframework.web.servlet.DispatcherServlet.doDispatch(DispatcherServlet.java:1089) ~[spring-webmvc-6.2.14.jar:6.2.14]
	at org.springframework.web.servlet.DispatcherServlet.doService(DispatcherServlet.java:979) ~[spring-webmvc-6.2.14.jar:6.2.14]
	at org.springframework.web.servlet.FrameworkServlet.processRequest(FrameworkServlet.java:1014) ~[spring-webmvc-6.2.14.jar:6.2.14]
	at org.springframework.web.servlet.FrameworkServlet.doPost(FrameworkServlet.java:914) ~[spring-webmvc-6.2.14.jar:6.2.14]
	at jakarta.servlet.http.HttpServlet.service(HttpServlet.java:590) ~[tomcat-embed-core-10.1.49.jar:6.0]
	at org.springframework.web.servlet.FrameworkServlet.service(FrameworkServlet.java:885) ~[spring-webmvc-6.2.14.jar:6.2.14]
	at jakarta.servlet.http.HttpServlet.service(HttpServlet.java:658) ~[tomcat-embed-core-10.1.49.jar:6.0]
	at org.apache.catalina.core.ApplicationFilterChain.internalDoFilter(ApplicationFilterChain.java:193) ~[tomcat-embed-core-10.1.49.jar:10.1.49]
	at org.apache.catalina.core.ApplicationFilterChain.doFilter(ApplicationFilterChain.java:138) ~[tomcat-embed-core-10.1.49.jar:10.1.49]
	at org.apache.tomcat.websocket.server.WsFilter.doFilter(WsFilter.java:51) ~[tomcat-embed-websocket-10.1.49.jar:10.1.49]
	at org.apache.catalina.core.ApplicationFilterChain.internalDoFilter(ApplicationFilterChain.java:162) ~[tomcat-embed-core-10.1.49.jar:10.1.49]
	at org.apache.catalina.core.ApplicationFilterChain.doFilter(ApplicationFilterChain.java:138) ~[tomcat-embed-core-10.1.49.jar:10.1.49]
	at org.springframework.web.filter.CompositeFilter$VirtualFilterChain.doFilter(CompositeFilter.java:108) ~[spring-web-6.2.14.jar:6.2.14]
	at org.springframework.web.filter.CompositeFilter$VirtualFilterChain.doFilter(CompositeFilter.java:108) ~[spring-web-6.2.14.jar:6.2.14]
	at org.springframework.security.web.FilterChainProxy.lambda$doFilterInternal$3(FilterChainProxy.java:231) ~[spring-security-web-6.5.7.jar:6.5.7]
	at org.springframework.security.web.FilterChainProxy$VirtualFilterChain.doFilter(FilterChainProxy.java:365) ~[spring-security-web-6.5.7.jar:6.5.7]
	at org.springframework.security.web.access.intercept.AuthorizationFilter.doFilter(AuthorizationFilter.java:101) ~[spring-security-web-6.5.7.jar:6.5.7]
	at org.springframework.security.web.FilterChainProxy$VirtualFilterChain.doFilter(FilterChainProxy.java:374) ~[spring-security-web-6.5.7.jar:6.5.7]
	at org.springframework.security.web.access.ExceptionTranslationFilter.doFilter(ExceptionTranslationFilter.java:125) ~[spring-security-web-6.5.7.jar:6.5.7]
	at org.springframework.security.web.access.ExceptionTranslationFilter.doFilter(ExceptionTranslationFilter.java:119) ~[spring-security-web-6.5.7.jar:6.5.7]
	at org.springframework.security.web.FilterChainProxy$VirtualFilterChain.doFilter(FilterChainProxy.java:374) ~[spring-security-web-6.5.7.jar:6.5.7]
	at org.springframework.security.web.authentication.AnonymousAuthenticationFilter.doFilter(AnonymousAuthenticationFilter.java:100) ~[spring-security-web-6.5.7.jar:6.5.7]
	at org.springframework.security.web.FilterChainProxy$VirtualFilterChain.doFilter(FilterChainProxy.java:374) ~[spring-security-web-6.5.7.jar:6.5.7]
	at org.springframework.security.web.servletapi.SecurityContextHolderAwareRequestFilter.doFilter(SecurityContextHolderAwareRequestFilter.java:179) ~[spring-security-web-6.5.7.jar:6.5.7]
	at org.springframework.security.web.FilterChainProxy$VirtualFilterChain.doFilter(FilterChainProxy.java:374) ~[spring-security-web-6.5.7.jar:6.5.7]
	at org.springframework.security.web.savedrequest.RequestCacheAwareFilter.doFilter(RequestCacheAwareFilter.java:63) ~[spring-security-web-6.5.7.jar:6.5.7]
	at org.springframework.security.web.FilterChainProxy$VirtualFilterChain.doFilter(FilterChainProxy.java:374) ~[spring-security-web-6.5.7.jar:6.5.7]
	at org.springframework.security.web.authentication.AuthenticationFilter.doFilterInternal(AuthenticationFilter.java:177) ~[spring-security-web-6.5.7.jar:6.5.7]
	at org.springframework.web.filter.OncePerRequestFilter.doFilter(OncePerRequestFilter.java:116) ~[spring-web-6.2.14.jar:6.2.14]
	at org.springframework.security.web.FilterChainProxy$VirtualFilterChain.doFilter(FilterChainProxy.java:374) ~[spring-security-web-6.5.7.jar:6.5.7]
	at org.springframework.security.oauth2.server.resource.web.authentication.BearerTokenAuthenticationFilter.doFilterInternal(BearerTokenAuthenticationFilter.java:158) ~[spring-security-oauth2-resource-server-6.5.7.jar:6.5.7]
	at org.springframework.web.filter.OncePerRequestFilter.doFilter(OncePerRequestFilter.java:116) ~[spring-web-6.2.14.jar:6.2.14]
	at org.springframework.security.web.FilterChainProxy$VirtualFilterChain.doFilter(FilterChainProxy.java:374) ~[spring-security-web-6.5.7.jar:6.5.7]
	at org.springframework.security.web.authentication.logout.LogoutFilter.doFilter(LogoutFilter.java:107) ~[spring-security-web-6.5.7.jar:6.5.7]
	at org.springframework.security.web.authentication.logout.LogoutFilter.doFilter(LogoutFilter.java:93) ~[spring-security-web-6.5.7.jar:6.5.7]
	at org.springframework.security.web.FilterChainProxy$VirtualFilterChain.doFilter(FilterChainProxy.java:374) ~[spring-security-web-6.5.7.jar:6.5.7]
	at org.springframework.security.web.csrf.CsrfFilter.doFilterInternal(CsrfFilter.java:117) ~[spring-security-web-6.5.7.jar:6.5.7]
	at org.springframework.web.filter.OncePerRequestFilter.doFilter(OncePerRequestFilter.java:116) ~[spring-web-6.2.14.jar:6.2.14]
	at org.springframework.security.web.FilterChainProxy$VirtualFilterChain.doFilter(FilterChainProxy.java:374) ~[spring-security-web-6.5.7.jar:6.5.7]
	at org.springframework.security.web.header.HeaderWriterFilter.doHeadersAfter(HeaderWriterFilter.java:90) ~[spring-security-web-6.5.7.jar:6.5.7]
	at org.springframework.security.web.header.HeaderWriterFilter.doFilterInternal(HeaderWriterFilter.java:75) ~[spring-security-web-6.5.7.jar:6.5.7]
	at org.springframework.web.filter.OncePerRequestFilter.doFilter(OncePerRequestFilter.java:116) ~[spring-web-6.2.14.jar:6.2.14]
	at org.springframework.security.web.FilterChainProxy$VirtualFilterChain.doFilter(FilterChainProxy.java:374) ~[spring-security-web-6.5.7.jar:6.5.7]
	at org.springframework.security.web.context.SecurityContextHolderFilter.doFilter(SecurityContextHolderFilter.java:82) ~[spring-security-web-6.5.7.jar:6.5.7]
	at org.springframework.security.web.context.SecurityContextHolderFilter.doFilter(SecurityContextHolderFilter.java:69) ~[spring-security-web-6.5.7.jar:6.5.7]
	at org.springframework.security.web.FilterChainProxy$VirtualFilterChain.doFilter(FilterChainProxy.java:374) ~[spring-security-web-6.5.7.jar:6.5.7]
	at org.springframework.security.web.context.request.async.WebAsyncManagerIntegrationFilter.doFilterInternal(WebAsyncManagerIntegrationFilter.java:62) ~[spring-security-web-6.5.7.jar:6.5.7]
	at org.springframework.web.filter.OncePerRequestFilter.doFilter(OncePerRequestFilter.java:116) ~[spring-web-6.2.14.jar:6.2.14]
	at org.springframework.security.web.FilterChainProxy$VirtualFilterChain.doFilter(FilterChainProxy.java:374) ~[spring-security-web-6.5.7.jar:6.5.7]
	at org.springframework.security.web.session.DisableEncodeUrlFilter.doFilterInternal(DisableEncodeUrlFilter.java:42) ~[spring-security-web-6.5.7.jar:6.5.7]
	at org.springframework.web.filter.OncePerRequestFilter.doFilter(OncePerRequestFilter.java:116) ~[spring-web-6.2.14.jar:6.2.14]
	at org.springframework.security.web.FilterChainProxy$VirtualFilterChain.doFilter(FilterChainProxy.java:374) ~[spring-security-web-6.5.7.jar:6.5.7]
	at org.springframework.security.web.FilterChainProxy.doFilterInternal(FilterChainProxy.java:233) ~[spring-security-web-6.5.7.jar:6.5.7]
	at org.springframework.security.web.FilterChainProxy.doFilter(FilterChainProxy.java:191) ~[spring-security-web-6.5.7.jar:6.5.7]
	at org.springframework.web.filter.CompositeFilter$VirtualFilterChain.doFilter(CompositeFilter.java:113) ~[spring-web-6.2.14.jar:6.2.14]
	at org.springframework.web.filter.ServletRequestPathFilter.doFilter(ServletRequestPathFilter.java:52) ~[spring-web-6.2.14.jar:6.2.14]
	at org.springframework.web.filter.CompositeFilter$VirtualFilterChain.doFilter(CompositeFilter.java:113) ~[spring-web-6.2.14.jar:6.2.14]
	at org.springframework.web.filter.CompositeFilter.doFilter(CompositeFilter.java:74) ~[spring-web-6.2.14.jar:6.2.14]
	at org.springframework.security.config.annotation.web.configuration.WebSecurityConfiguration$CompositeFilterChainProxy.doFilter(WebSecurityConfiguration.java:319) ~[spring-security-config-6.5.7.jar:6.5.7]
	at org.springframework.web.filter.CompositeFilter$VirtualFilterChain.doFilter(CompositeFilter.java:113) ~[spring-web-6.2.14.jar:6.2.14]
	at org.springframework.web.servlet.handler.HandlerMappingIntrospector.lambda$createCacheFilter$4(HandlerMappingIntrospector.java:267) ~[spring-webmvc-6.2.14.jar:6.2.14]
	at org.springframework.web.filter.CompositeFilter$VirtualFilterChain.doFilter(CompositeFilter.java:113) ~[spring-web-6.2.14.jar:6.2.14]
	at org.springframework.web.filter.CompositeFilter.doFilter(CompositeFilter.java:74) ~[spring-web-6.2.14.jar:6.2.14]
	at org.springframework.security.config.annotation.web.configuration.WebMvcSecurityConfiguration$CompositeFilterChainProxy.doFilter(WebMvcSecurityConfiguration.java:240) ~[spring-security-config-6.5.7.jar:6.5.7]
	at org.springframework.web.filter.DelegatingFilterProxy.invokeDelegate(DelegatingFilterProxy.java:362) ~[spring-web-6.2.14.jar:6.2.14]
	at org.springframework.web.filter.DelegatingFilterProxy.doFilter(DelegatingFilterProxy.java:278) ~[spring-web-6.2.14.jar:6.2.14]
	at org.apache.catalina.core.ApplicationFilterChain.internalDoFilter(ApplicationFilterChain.java:162) ~[tomcat-embed-core-10.1.49.jar:10.1.49]
	at org.apache.catalina.core.ApplicationFilterChain.doFilter(ApplicationFilterChain.java:138) ~[tomcat-embed-core-10.1.49.jar:10.1.49]
	at org.springframework.web.filter.RequestContextFilter.doFilterInternal(RequestContextFilter.java:100) ~[spring-web-6.2.14.jar:6.2.14]
	at org.springframework.web.filter.OncePerRequestFilter.doFilter(OncePerRequestFilter.java:116) ~[spring-web-6.2.14.jar:6.2.14]
	at org.apache.catalina.core.ApplicationFilterChain.internalDoFilter(ApplicationFilterChain.java:162) ~[tomcat-embed-core-10.1.49.jar:10.1.49]
	at org.apache.catalina.core.ApplicationFilterChain.doFilter(ApplicationFilterChain.java:138) ~[tomcat-embed-core-10.1.49.jar:10.1.49]
	at org.springframework.web.filter.FormContentFilter.doFilterInternal(FormContentFilter.java:93) ~[spring-web-6.2.14.jar:6.2.14]
	at org.springframework.web.filter.OncePerRequestFilter.doFilter(OncePerRequestFilter.java:116) ~[spring-web-6.2.14.jar:6.2.14]
	at org.apache.catalina.core.ApplicationFilterChain.internalDoFilter(ApplicationFilterChain.java:162) ~[tomcat-embed-core-10.1.49.jar:10.1.49]
	at org.apache.catalina.core.ApplicationFilterChain.doFilter(ApplicationFilterChain.java:138) ~[tomcat-embed-core-10.1.49.jar:10.1.49]
	at org.springframework.web.filter.CharacterEncodingFilter.doFilterInternal(CharacterEncodingFilter.java:201) ~[spring-web-6.2.14.jar:6.2.14]
	at org.springframework.web.filter.OncePerRequestFilter.doFilter(OncePerRequestFilter.java:116) ~[spring-web-6.2.14.jar:6.2.14]
	at org.apache.catalina.core.ApplicationFilterChain.internalDoFilter(ApplicationFilterChain.java:162) ~[tomcat-embed-core-10.1.49.jar:10.1.49]
	at org.apache.catalina.core.ApplicationFilterChain.doFilter(ApplicationFilterChain.java:138) ~[tomcat-embed-core-10.1.49.jar:10.1.49]
	at org.apache.catalina.core.StandardWrapperValve.invoke(StandardWrapperValve.java:165) ~[tomcat-embed-core-10.1.49.jar:10.1.49]
	at org.apache.catalina.core.StandardContextValve.invoke(StandardContextValve.java:88) ~[tomcat-embed-core-10.1.49.jar:10.1.49]
	at org.apache.catalina.authenticator.AuthenticatorBase.invoke(AuthenticatorBase.java:482) ~[tomcat-embed-core-10.1.49.jar:10.1.49]
	at org.apache.catalina.core.StandardHostValve.invoke(StandardHostValve.java:113) ~[tomcat-embed-core-10.1.49.jar:10.1.49]
	at org.apache.catalina.valves.ErrorReportValve.invoke(ErrorReportValve.java:83) ~[tomcat-embed-core-10.1.49.jar:10.1.49]
	at org.apache.catalina.core.StandardEngineValve.invoke(StandardEngineValve.java:72) ~[tomcat-embed-core-10.1.49.jar:10.1.49]
	at org.apache.catalina.connector.CoyoteAdapter.service(CoyoteAdapter.java:342) ~[tomcat-embed-core-10.1.49.jar:10.1.49]
	at org.apache.coyote.http11.Http11Processor.service(Http11Processor.java:399) ~[tomcat-embed-core-10.1.49.jar:10.1.49]
	at org.apache.coyote.AbstractProcessorLight.process(AbstractProcessorLight.java:63) ~[tomcat-embed-core-10.1.49.jar:10.1.49]
	at org.apache.coyote.AbstractProtocol$ConnectionHandler.process(AbstractProtocol.java:903) ~[tomcat-embed-core-10.1.49.jar:10.1.49]
	at org.apache.tomcat.util.net.NioEndpoint$SocketProcessor.doRun(NioEndpoint.java:1774) ~[tomcat-embed-core-10.1.49.jar:10.1.49]
	at org.apache.tomcat.util.net.SocketProcessorBase.run(SocketProcessorBase.java:52) ~[tomcat-embed-core-10.1.49.jar:10.1.49]
	at java.base/java.lang.VirtualThread.run(VirtualThread.java:329) ~[?:?]
14:27:46.986 [tomcat-handler-1] ERROR ServiceExceptionHandler - No static resource api/clients.
org.springframework.web.servlet.resource.NoResourceFoundException: No static resource api/clients.
	at org.springframework.web.servlet.resource.ResourceHttpRequestHandler.handleRequest(ResourceHttpRequestHandler.java:585) ~[spring-webmvc-6.2.14.jar:6.2.14]
	at org.springframework.web.servlet.mvc.HttpRequestHandlerAdapter.handle(HttpRequestHandlerAdapter.java:52) ~[spring-webmvc-6.2.14.jar:6.2.14]
	at org.springframework.web.servlet.DispatcherServlet.doDispatch(DispatcherServlet.java:1089) ~[spring-webmvc-6.2.14.jar:6.2.14]
	at org.springframework.web.servlet.DispatcherServlet.doService(DispatcherServlet.java:979) ~[spring-webmvc-6.2.14.jar:6.2.14]
	at org.springframework.web.servlet.FrameworkServlet.processRequest(FrameworkServlet.java:1014) ~[spring-webmvc-6.2.14.jar:6.2.14]
	at org.springframework.web.servlet.FrameworkServlet.doPost(FrameworkServlet.java:914) ~[spring-webmvc-6.2.14.jar:6.2.14]
	at jakarta.servlet.http.HttpServlet.service(HttpServlet.java:590) ~[tomcat-embed-core-10.1.49.jar:6.0]
	at org.springframework.web.servlet.FrameworkServlet.service(FrameworkServlet.java:885) ~[spring-webmvc-6.2.14.jar:6.2.14]
	at jakarta.servlet.http.HttpServlet.service(HttpServlet.java:658) ~[tomcat-embed-core-10.1.49.jar:6.0]
	at org.apache.catalina.core.ApplicationFilterChain.internalDoFilter(ApplicationFilterChain.java:193) ~[tomcat-embed-core-10.1.49.jar:10.1.49]
	at org.apache.catalina.core.ApplicationFilterChain.doFilter(ApplicationFilterChain.java:138) ~[tomcat-embed-core-10.1.49.jar:10.1.49]
	at org.apache.tomcat.websocket.server.WsFilter.doFilter(WsFilter.java:51) ~[tomcat-embed-websocket-10.1.49.jar:10.1.49]
	at org.apache.catalina.core.ApplicationFilterChain.internalDoFilter(ApplicationFilterChain.java:162) ~[tomcat-embed-core-10.1.49.jar:10.1.49]
	at org.apache.catalina.core.ApplicationFilterChain.doFilter(ApplicationFilterChain.java:138) ~[tomcat-embed-core-10.1.49.jar:10.1.49]
	at org.springframework.web.filter.CompositeFilter$VirtualFilterChain.doFilter(CompositeFilter.java:108) ~[spring-web-6.2.14.jar:6.2.14]
	at org.springframework.web.filter.CompositeFilter$VirtualFilterChain.doFilter(CompositeFilter.java:108) ~[spring-web-6.2.14.jar:6.2.14]
	at org.springframework.security.web.FilterChainProxy.lambda$doFilterInternal$3(FilterChainProxy.java:231) ~[spring-security-web-6.5.7.jar:6.5.7]
	at org.springframework.security.web.FilterChainProxy$VirtualFilterChain.doFilter(FilterChainProxy.java:365) ~[spring-security-web-6.5.7.jar:6.5.7]
	at org.springframework.security.web.access.intercept.AuthorizationFilter.doFilter(AuthorizationFilter.java:101) ~[spring-security-web-6.5.7.jar:6.5.7]
	at org.springframework.security.web.FilterChainProxy$VirtualFilterChain.doFilter(FilterChainProxy.java:374) ~[spring-security-web-6.5.7.jar:6.5.7]
	at org.springframework.security.web.access.ExceptionTranslationFilter.doFilter(ExceptionTranslationFilter.java:125) ~[spring-security-web-6.5.7.jar:6.5.7]
	at org.springframework.security.web.access.ExceptionTranslationFilter.doFilter(ExceptionTranslationFilter.java:119) ~[spring-security-web-6.5.7.jar:6.5.7]
	at org.springframework.security.web.FilterChainProxy$VirtualFilterChain.doFilter(FilterChainProxy.java:374) ~[spring-security-web-6.5.7.jar:6.5.7]
	at org.springframework.security.web.authentication.AnonymousAuthenticationFilter.doFilter(AnonymousAuthenticationFilter.java:100) ~[spring-security-web-6.5.7.jar:6.5.7]
	at org.springframework.security.web.FilterChainProxy$VirtualFilterChain.doFilter(FilterChainProxy.java:374) ~[spring-security-web-6.5.7.jar:6.5.7]
	at org.springframework.security.web.servletapi.SecurityContextHolderAwareRequestFilter.doFilter(SecurityContextHolderAwareRequestFilter.java:179) ~[spring-security-web-6.5.7.jar:6.5.7]
	at org.springframework.security.web.FilterChainProxy$VirtualFilterChain.doFilter(FilterChainProxy.java:374) ~[spring-security-web-6.5.7.jar:6.5.7]
	at org.springframework.security.web.savedrequest.RequestCacheAwareFilter.doFilter(RequestCacheAwareFilter.java:63) ~[spring-security-web-6.5.7.jar:6.5.7]
	at org.springframework.security.web.FilterChainProxy$VirtualFilterChain.doFilter(FilterChainProxy.java:374) ~[spring-security-web-6.5.7.jar:6.5.7]
	at org.springframework.security.web.authentication.AuthenticationFilter.doFilterInternal(AuthenticationFilter.java:177) ~[spring-security-web-6.5.7.jar:6.5.7]
	at org.springframework.web.filter.OncePerRequestFilter.doFilter(OncePerRequestFilter.java:116) ~[spring-web-6.2.14.jar:6.2.14]
	at org.springframework.security.web.FilterChainProxy$VirtualFilterChain.doFilter(FilterChainProxy.java:374) ~[spring-security-web-6.5.7.jar:6.5.7]
	at org.springframework.security.oauth2.server.resource.web.authentication.BearerTokenAuthenticationFilter.doFilterInternal(BearerTokenAuthenticationFilter.java:158) ~[spring-security-oauth2-resource-server-6.5.7.jar:6.5.7]
	at org.springframework.web.filter.OncePerRequestFilter.doFilter(OncePerRequestFilter.java:116) ~[spring-web-6.2.14.jar:6.2.14]
	at org.springframework.security.web.FilterChainProxy$VirtualFilterChain.doFilter(FilterChainProxy.java:374) ~[spring-security-web-6.5.7.jar:6.5.7]
	at org.springframework.security.web.authentication.logout.LogoutFilter.doFilter(LogoutFilter.java:107) ~[spring-security-web-6.5.7.jar:6.5.7]
	at org.springframework.security.web.authentication.logout.LogoutFilter.doFilter(LogoutFilter.java:93) ~[spring-security-web-6.5.7.jar:6.5.7]
	at org.springframework.security.web.FilterChainProxy$VirtualFilterChain.doFilter(FilterChainProxy.java:374) ~[spring-security-web-6.5.7.jar:6.5.7]
	at org.springframework.security.web.csrf.CsrfFilter.doFilterInternal(CsrfFilter.java:117) ~[spring-security-web-6.5.7.jar:6.5.7]
	at org.springframework.web.filter.OncePerRequestFilter.doFilter(OncePerRequestFilter.java:116) ~[spring-web-6.2.14.jar:6.2.14]
	at org.springframework.security.web.FilterChainProxy$VirtualFilterChain.doFilter(FilterChainProxy.java:374) ~[spring-security-web-6.5.7.jar:6.5.7]
	at org.springframework.security.web.header.HeaderWriterFilter.doHeadersAfter(HeaderWriterFilter.java:90) ~[spring-security-web-6.5.7.jar:6.5.7]
	at org.springframework.security.web.header.HeaderWriterFilter.doFilterInternal(HeaderWriterFilter.java:75) ~[spring-security-web-6.5.7.jar:6.5.7]
	at org.springframework.web.filter.OncePerRequestFilter.doFilter(OncePerRequestFilter.java:116) ~[spring-web-6.2.14.jar:6.2.14]
	at org.springframework.security.web.FilterChainProxy$VirtualFilterChain.doFilter(FilterChainProxy.java:374) ~[spring-security-web-6.5.7.jar:6.5.7]
	at org.springframework.security.web.context.SecurityContextHolderFilter.doFilter(SecurityContextHolderFilter.java:82) ~[spring-security-web-6.5.7.jar:6.5.7]
	at org.springframework.security.web.context.SecurityContextHolderFilter.doFilter(SecurityContextHolderFilter.java:69) ~[spring-security-web-6.5.7.jar:6.5.7]
	at org.springframework.security.web.FilterChainProxy$VirtualFilterChain.doFilter(FilterChainProxy.java:374) ~[spring-security-web-6.5.7.jar:6.5.7]
	at org.springframework.security.web.context.request.async.WebAsyncManagerIntegrationFilter.doFilterInternal(WebAsyncManagerIntegrationFilter.java:62) ~[spring-security-web-6.5.7.jar:6.5.7]
	at org.springframework.web.filter.OncePerRequestFilter.doFilter(OncePerRequestFilter.java:116) ~[spring-web-6.2.14.jar:6.2.14]
	at org.springframework.security.web.FilterChainProxy$VirtualFilterChain.doFilter(FilterChainProxy.java:374) ~[spring-security-web-6.5.7.jar:6.5.7]
	at org.springframework.security.web.session.DisableEncodeUrlFilter.doFilterInternal(DisableEncodeUrlFilter.java:42) ~[spring-security-web-6.5.7.jar:6.5.7]
	at org.springframework.web.filter.OncePerRequestFilter.doFilter(OncePerRequestFilter.java:116) ~[spring-web-6.2.14.jar:6.2.14]
	at org.springframework.security.web.FilterChainProxy$VirtualFilterChain.doFilter(FilterChainProxy.java:374) ~[spring-security-web-6.5.7.jar:6.5.7]
	at org.springframework.security.web.FilterChainProxy.doFilterInternal(FilterChainProxy.java:233) ~[spring-security-web-6.5.7.jar:6.5.7]
	at org.springframework.security.web.FilterChainProxy.doFilter(FilterChainProxy.java:191) ~[spring-security-web-6.5.7.jar:6.5.7]
	at org.springframework.web.filter.CompositeFilter$VirtualFilterChain.doFilter(CompositeFilter.java:113) ~[spring-web-6.2.14.jar:6.2.14]
	at org.springframework.web.filter.ServletRequestPathFilter.doFilter(ServletRequestPathFilter.java:52) ~[spring-web-6.2.14.jar:6.2.14]
	at org.springframework.web.filter.CompositeFilter$VirtualFilterChain.doFilter(CompositeFilter.java:113) ~[spring-web-6.2.14.jar:6.2.14]
	at org.springframework.web.filter.CompositeFilter.doFilter(CompositeFilter.java:74) ~[spring-web-6.2.14.jar:6.2.14]
	at org.springframework.security.config.annotation.web.configuration.WebSecurityConfiguration$CompositeFilterChainProxy.doFilter(WebSecurityConfiguration.java:319) ~[spring-security-config-6.5.7.jar:6.5.7]
	at org.springframework.web.filter.CompositeFilter$VirtualFilterChain.doFilter(CompositeFilter.java:113) ~[spring-web-6.2.14.jar:6.2.14]
	at org.springframework.web.servlet.handler.HandlerMappingIntrospector.lambda$createCacheFilter$4(HandlerMappingIntrospector.java:267) ~[spring-webmvc-6.2.14.jar:6.2.14]
	at org.springframework.web.filter.CompositeFilter$VirtualFilterChain.doFilter(CompositeFilter.java:113) ~[spring-web-6.2.14.jar:6.2.14]
	at org.springframework.web.filter.CompositeFilter.doFilter(CompositeFilter.java:74) ~[spring-web-6.2.14.jar:6.2.14]
	at org.springframework.security.config.annotation.web.configuration.WebMvcSecurityConfiguration$CompositeFilterChainProxy.doFilter(WebMvcSecurityConfiguration.java:240) ~[spring-security-config-6.5.7.jar:6.5.7]
	at org.springframework.web.filter.DelegatingFilterProxy.invokeDelegate(DelegatingFilterProxy.java:362) ~[spring-web-6.2.14.jar:6.2.14]
	at org.springframework.web.filter.DelegatingFilterProxy.doFilter(DelegatingFilterProxy.java:278) ~[spring-web-6.2.14.jar:6.2.14]
	at org.apache.catalina.core.ApplicationFilterChain.internalDoFilter(ApplicationFilterChain.java:162) ~[tomcat-embed-core-10.1.49.jar:10.1.49]
	at org.apache.catalina.core.ApplicationFilterChain.doFilter(ApplicationFilterChain.java:138) ~[tomcat-embed-core-10.1.49.jar:10.1.49]
	at org.springframework.web.filter.RequestContextFilter.doFilterInternal(RequestContextFilter.java:100) ~[spring-web-6.2.14.jar:6.2.14]
	at org.springframework.web.filter.OncePerRequestFilter.doFilter(OncePerRequestFilter.java:116) ~[spring-web-6.2.14.jar:6.2.14]
	at org.apache.catalina.core.ApplicationFilterChain.internalDoFilter(ApplicationFilterChain.java:162) ~[tomcat-embed-core-10.1.49.jar:10.1.49]
	at org.apache.catalina.core.ApplicationFilterChain.doFilter(ApplicationFilterChain.java:138) ~[tomcat-embed-core-10.1.49.jar:10.1.49]
	at org.springframework.web.filter.FormContentFilter.doFilterInternal(FormContentFilter.java:93) ~[spring-web-6.2.14.jar:6.2.14]
	at org.springframework.web.filter.OncePerRequestFilter.doFilter(OncePerRequestFilter.java:116) ~[spring-web-6.2.14.jar:6.2.14]
	at org.apache.catalina.core.ApplicationFilterChain.internalDoFilter(ApplicationFilterChain.java:162) ~[tomcat-embed-core-10.1.49.jar:10.1.49]
	at org.apache.catalina.core.ApplicationFilterChain.doFilter(ApplicationFilterChain.java:138) ~[tomcat-embed-core-10.1.49.jar:10.1.49]
	at org.springframework.web.filter.CharacterEncodingFilter.doFilterInternal(CharacterEncodingFilter.java:201) ~[spring-web-6.2.14.jar:6.2.14]
	at org.springframework.web.filter.OncePerRequestFilter.doFilter(OncePerRequestFilter.java:116) ~[spring-web-6.2.14.jar:6.2.14]
	at org.apache.catalina.core.ApplicationFilterChain.internalDoFilter(ApplicationFilterChain.java:162) ~[tomcat-embed-core-10.1.49.jar:10.1.49]
	at org.apache.catalina.core.ApplicationFilterChain.doFilter(ApplicationFilterChain.java:138) ~[tomcat-embed-core-10.1.49.jar:10.1.49]
	at org.apache.catalina.core.StandardWrapperValve.invoke(StandardWrapperValve.java:165) ~[tomcat-embed-core-10.1.49.jar:10.1.49]
	at org.apache.catalina.core.StandardContextValve.invoke(StandardContextValve.java:88) ~[tomcat-embed-core-10.1.49.jar:10.1.49]
	at org.apache.catalina.authenticator.AuthenticatorBase.invoke(AuthenticatorBase.java:482) ~[tomcat-embed-core-10.1.49.jar:10.1.49]
	at org.apache.catalina.core.StandardHostValve.invoke(StandardHostValve.java:113) ~[tomcat-embed-core-10.1.49.jar:10.1.49]
	at org.apache.catalina.valves.ErrorReportValve.invoke(ErrorReportValve.java:83) ~[tomcat-embed-core-10.1.49.jar:10.1.49]
	at org.apache.catalina.core.StandardEngineValve.invoke(StandardEngineValve.java:72) ~[tomcat-embed-core-10.1.49.jar:10.1.49]
	at org.apache.catalina.connector.CoyoteAdapter.service(CoyoteAdapter.java:342) ~[tomcat-embed-core-10.1.49.jar:10.1.49]
	at org.apache.coyote.http11.Http11Processor.service(Http11Processor.java:399) ~[tomcat-embed-core-10.1.49.jar:10.1.49]
	at org.apache.coyote.AbstractProcessorLight.process(AbstractProcessorLight.java:63) ~[tomcat-embed-core-10.1.49.jar:10.1.49]
	at org.apache.coyote.AbstractProtocol$ConnectionHandler.process(AbstractProtocol.java:903) ~[tomcat-embed-core-10.1.49.jar:10.1.49]
	at org.apache.tomcat.util.net.NioEndpoint$SocketProcessor.doRun(NioEndpoint.java:1774) ~[tomcat-embed-core-10.1.49.jar:10.1.49]
	at org.apache.tomcat.util.net.SocketProcessorBase.run(SocketProcessorBase.java:52) ~[tomcat-embed-core-10.1.49.jar:10.1.49]
	at java.base/java.lang.VirtualThread.run(VirtualThread.java:329) ~[?:?]
14:32:05.549 [tomcat-handler-2] ERROR ServiceExceptionHandler - No static resource api/clients.
org.springframework.web.servlet.resource.NoResourceFoundException: No static resource api/clients.
	at org.springframework.web.servlet.resource.ResourceHttpRequestHandler.handleRequest(ResourceHttpRequestHandler.java:585) ~[spring-webmvc-6.2.14.jar:6.2.14]
	at org.springframework.web.servlet.mvc.HttpRequestHandlerAdapter.handle(HttpRequestHandlerAdapter.java:52) ~[spring-webmvc-6.2.14.jar:6.2.14]
	at org.springframework.web.servlet.DispatcherServlet.doDispatch(DispatcherServlet.java:1089) ~[spring-webmvc-6.2.14.jar:6.2.14]
	at org.springframework.web.servlet.DispatcherServlet.doService(DispatcherServlet.java:979) ~[spring-webmvc-6.2.14.jar:6.2.14]
	at org.springframework.web.servlet.FrameworkServlet.processRequest(FrameworkServlet.java:1014) ~[spring-webmvc-6.2.14.jar:6.2.14]
	at org.springframework.web.servlet.FrameworkServlet.doPost(FrameworkServlet.java:914) ~[spring-webmvc-6.2.14.jar:6.2.14]
	at jakarta.servlet.http.HttpServlet.service(HttpServlet.java:590) ~[tomcat-embed-core-10.1.49.jar:6.0]
	at org.springframework.web.servlet.FrameworkServlet.service(FrameworkServlet.java:885) ~[spring-webmvc-6.2.14.jar:6.2.14]
	at jakarta.servlet.http.HttpServlet.service(HttpServlet.java:658) ~[tomcat-embed-core-10.1.49.jar:6.0]
	at org.apache.catalina.core.ApplicationFilterChain.internalDoFilter(ApplicationFilterChain.java:193) ~[tomcat-embed-core-10.1.49.jar:10.1.49]
	at org.apache.catalina.core.ApplicationFilterChain.doFilter(ApplicationFilterChain.java:138) ~[tomcat-embed-core-10.1.49.jar:10.1.49]
	at org.apache.tomcat.websocket.server.WsFilter.doFilter(WsFilter.java:51) ~[tomcat-embed-websocket-10.1.49.jar:10.1.49]
	at org.apache.catalina.core.ApplicationFilterChain.internalDoFilter(ApplicationFilterChain.java:162) ~[tomcat-embed-core-10.1.49.jar:10.1.49]
	at org.apache.catalina.core.ApplicationFilterChain.doFilter(ApplicationFilterChain.java:138) ~[tomcat-embed-core-10.1.49.jar:10.1.49]
	at org.springframework.web.filter.CompositeFilter$VirtualFilterChain.doFilter(CompositeFilter.java:108) ~[spring-web-6.2.14.jar:6.2.14]
	at org.springframework.web.filter.CompositeFilter$VirtualFilterChain.doFilter(CompositeFilter.java:108) ~[spring-web-6.2.14.jar:6.2.14]
	at org.springframework.security.web.FilterChainProxy.lambda$doFilterInternal$3(FilterChainProxy.java:231) ~[spring-security-web-6.5.7.jar:6.5.7]
	at org.springframework.security.web.FilterChainProxy$VirtualFilterChain.doFilter(FilterChainProxy.java:365) ~[spring-security-web-6.5.7.jar:6.5.7]
	at org.springframework.security.web.access.intercept.AuthorizationFilter.doFilter(AuthorizationFilter.java:101) ~[spring-security-web-6.5.7.jar:6.5.7]
	at org.springframework.security.web.FilterChainProxy$VirtualFilterChain.doFilter(FilterChainProxy.java:374) ~[spring-security-web-6.5.7.jar:6.5.7]
	at org.springframework.security.web.access.ExceptionTranslationFilter.doFilter(ExceptionTranslationFilter.java:125) ~[spring-security-web-6.5.7.jar:6.5.7]
	at org.springframework.security.web.access.ExceptionTranslationFilter.doFilter(ExceptionTranslationFilter.java:119) ~[spring-security-web-6.5.7.jar:6.5.7]
	at org.springframework.security.web.FilterChainProxy$VirtualFilterChain.doFilter(FilterChainProxy.java:374) ~[spring-security-web-6.5.7.jar:6.5.7]
	at org.springframework.security.web.authentication.AnonymousAuthenticationFilter.doFilter(AnonymousAuthenticationFilter.java:100) ~[spring-security-web-6.5.7.jar:6.5.7]
	at org.springframework.security.web.FilterChainProxy$VirtualFilterChain.doFilter(FilterChainProxy.java:374) ~[spring-security-web-6.5.7.jar:6.5.7]
	at org.springframework.security.web.servletapi.SecurityContextHolderAwareRequestFilter.doFilter(SecurityContextHolderAwareRequestFilter.java:179) ~[spring-security-web-6.5.7.jar:6.5.7]
	at org.springframework.security.web.FilterChainProxy$VirtualFilterChain.doFilter(FilterChainProxy.java:374) ~[spring-security-web-6.5.7.jar:6.5.7]
	at org.springframework.security.web.savedrequest.RequestCacheAwareFilter.doFilter(RequestCacheAwareFilter.java:63) ~[spring-security-web-6.5.7.jar:6.5.7]
	at org.springframework.security.web.FilterChainProxy$VirtualFilterChain.doFilter(FilterChainProxy.java:374) ~[spring-security-web-6.5.7.jar:6.5.7]
	at org.springframework.security.web.authentication.AuthenticationFilter.doFilterInternal(AuthenticationFilter.java:177) ~[spring-security-web-6.5.7.jar:6.5.7]
	at org.springframework.web.filter.OncePerRequestFilter.doFilter(OncePerRequestFilter.java:116) ~[spring-web-6.2.14.jar:6.2.14]
	at org.springframework.security.web.FilterChainProxy$VirtualFilterChain.doFilter(FilterChainProxy.java:374) ~[spring-security-web-6.5.7.jar:6.5.7]
	at org.springframework.security.oauth2.server.resource.web.authentication.BearerTokenAuthenticationFilter.doFilterInternal(BearerTokenAuthenticationFilter.java:158) ~[spring-security-oauth2-resource-server-6.5.7.jar:6.5.7]
	at org.springframework.web.filter.OncePerRequestFilter.doFilter(OncePerRequestFilter.java:116) ~[spring-web-6.2.14.jar:6.2.14]
	at org.springframework.security.web.FilterChainProxy$VirtualFilterChain.doFilter(FilterChainProxy.java:374) ~[spring-security-web-6.5.7.jar:6.5.7]
	at org.springframework.security.web.authentication.logout.LogoutFilter.doFilter(LogoutFilter.java:107) ~[spring-security-web-6.5.7.jar:6.5.7]
	at org.springframework.security.web.authentication.logout.LogoutFilter.doFilter(LogoutFilter.java:93) ~[spring-security-web-6.5.7.jar:6.5.7]
	at org.springframework.security.web.FilterChainProxy$VirtualFilterChain.doFilter(FilterChainProxy.java:374) ~[spring-security-web-6.5.7.jar:6.5.7]
	at org.springframework.security.web.csrf.CsrfFilter.doFilterInternal(CsrfFilter.java:117) ~[spring-security-web-6.5.7.jar:6.5.7]
	at org.springframework.web.filter.OncePerRequestFilter.doFilter(OncePerRequestFilter.java:116) ~[spring-web-6.2.14.jar:6.2.14]
	at org.springframework.security.web.FilterChainProxy$VirtualFilterChain.doFilter(FilterChainProxy.java:374) ~[spring-security-web-6.5.7.jar:6.5.7]
	at org.springframework.security.web.header.HeaderWriterFilter.doHeadersAfter(HeaderWriterFilter.java:90) ~[spring-security-web-6.5.7.jar:6.5.7]
	at org.springframework.security.web.header.HeaderWriterFilter.doFilterInternal(HeaderWriterFilter.java:75) ~[spring-security-web-6.5.7.jar:6.5.7]
	at org.springframework.web.filter.OncePerRequestFilter.doFilter(OncePerRequestFilter.java:116) ~[spring-web-6.2.14.jar:6.2.14]
	at org.springframework.security.web.FilterChainProxy$VirtualFilterChain.doFilter(FilterChainProxy.java:374) ~[spring-security-web-6.5.7.jar:6.5.7]
	at org.springframework.security.web.context.SecurityContextHolderFilter.doFilter(SecurityContextHolderFilter.java:82) ~[spring-security-web-6.5.7.jar:6.5.7]
	at org.springframework.security.web.context.SecurityContextHolderFilter.doFilter(SecurityContextHolderFilter.java:69) ~[spring-security-web-6.5.7.jar:6.5.7]
	at org.springframework.security.web.FilterChainProxy$VirtualFilterChain.doFilter(FilterChainProxy.java:374) ~[spring-security-web-6.5.7.jar:6.5.7]
	at org.springframework.security.web.context.request.async.WebAsyncManagerIntegrationFilter.doFilterInternal(WebAsyncManagerIntegrationFilter.java:62) ~[spring-security-web-6.5.7.jar:6.5.7]
	at org.springframework.web.filter.OncePerRequestFilter.doFilter(OncePerRequestFilter.java:116) ~[spring-web-6.2.14.jar:6.2.14]
	at org.springframework.security.web.FilterChainProxy$VirtualFilterChain.doFilter(FilterChainProxy.java:374) ~[spring-security-web-6.5.7.jar:6.5.7]
	at org.springframework.security.web.session.DisableEncodeUrlFilter.doFilterInternal(DisableEncodeUrlFilter.java:42) ~[spring-security-web-6.5.7.jar:6.5.7]
	at org.springframework.web.filter.OncePerRequestFilter.doFilter(OncePerRequestFilter.java:116) ~[spring-web-6.2.14.jar:6.2.14]
	at org.springframework.security.web.FilterChainProxy$VirtualFilterChain.doFilter(FilterChainProxy.java:374) ~[spring-security-web-6.5.7.jar:6.5.7]
	at org.springframework.security.web.FilterChainProxy.doFilterInternal(FilterChainProxy.java:233) ~[spring-security-web-6.5.7.jar:6.5.7]
	at org.springframework.security.web.FilterChainProxy.doFilter(FilterChainProxy.java:191) ~[spring-security-web-6.5.7.jar:6.5.7]
	at org.springframework.web.filter.CompositeFilter$VirtualFilterChain.doFilter(CompositeFilter.java:113) ~[spring-web-6.2.14.jar:6.2.14]
	at org.springframework.web.filter.ServletRequestPathFilter.doFilter(ServletRequestPathFilter.java:52) ~[spring-web-6.2.14.jar:6.2.14]
	at org.springframework.web.filter.CompositeFilter$VirtualFilterChain.doFilter(CompositeFilter.java:113) ~[spring-web-6.2.14.jar:6.2.14]
	at org.springframework.web.filter.CompositeFilter.doFilter(CompositeFilter.java:74) ~[spring-web-6.2.14.jar:6.2.14]
	at org.springframework.security.config.annotation.web.configuration.WebSecurityConfiguration$CompositeFilterChainProxy.doFilter(WebSecurityConfiguration.java:319) ~[spring-security-config-6.5.7.jar:6.5.7]
	at org.springframework.web.filter.CompositeFilter$VirtualFilterChain.doFilter(CompositeFilter.java:113) ~[spring-web-6.2.14.jar:6.2.14]
	at org.springframework.web.servlet.handler.HandlerMappingIntrospector.lambda$createCacheFilter$4(HandlerMappingIntrospector.java:267) ~[spring-webmvc-6.2.14.jar:6.2.14]
	at org.springframework.web.filter.CompositeFilter$VirtualFilterChain.doFilter(CompositeFilter.java:113) ~[spring-web-6.2.14.jar:6.2.14]
	at org.springframework.web.filter.CompositeFilter.doFilter(CompositeFilter.java:74) ~[spring-web-6.2.14.jar:6.2.14]
	at org.springframework.security.config.annotation.web.configuration.WebMvcSecurityConfiguration$CompositeFilterChainProxy.doFilter(WebMvcSecurityConfiguration.java:240) ~[spring-security-config-6.5.7.jar:6.5.7]
	at org.springframework.web.filter.DelegatingFilterProxy.invokeDelegate(DelegatingFilterProxy.java:362) ~[spring-web-6.2.14.jar:6.2.14]
	at org.springframework.web.filter.DelegatingFilterProxy.doFilter(DelegatingFilterProxy.java:278) ~[spring-web-6.2.14.jar:6.2.14]
	at org.apache.catalina.core.ApplicationFilterChain.internalDoFilter(ApplicationFilterChain.java:162) ~[tomcat-embed-core-10.1.49.jar:10.1.49]
	at org.apache.catalina.core.ApplicationFilterChain.doFilter(ApplicationFilterChain.java:138) ~[tomcat-embed-core-10.1.49.jar:10.1.49]
	at org.springframework.web.filter.RequestContextFilter.doFilterInternal(RequestContextFilter.java:100) ~[spring-web-6.2.14.jar:6.2.14]
	at org.springframework.web.filter.OncePerRequestFilter.doFilter(OncePerRequestFilter.java:116) ~[spring-web-6.2.14.jar:6.2.14]
	at org.apache.catalina.core.ApplicationFilterChain.internalDoFilter(ApplicationFilterChain.java:162) ~[tomcat-embed-core-10.1.49.jar:10.1.49]
	at org.apache.catalina.core.ApplicationFilterChain.doFilter(ApplicationFilterChain.java:138) ~[tomcat-embed-core-10.1.49.jar:10.1.49]
	at org.springframework.web.filter.FormContentFilter.doFilterInternal(FormContentFilter.java:93) ~[spring-web-6.2.14.jar:6.2.14]
	at org.springframework.web.filter.OncePerRequestFilter.doFilter(OncePerRequestFilter.java:116) ~[spring-web-6.2.14.jar:6.2.14]
	at org.apache.catalina.core.ApplicationFilterChain.internalDoFilter(ApplicationFilterChain.java:162) ~[tomcat-embed-core-10.1.49.jar:10.1.49]
	at org.apache.catalina.core.ApplicationFilterChain.doFilter(ApplicationFilterChain.java:138) ~[tomcat-embed-core-10.1.49.jar:10.1.49]
	at org.springframework.web.filter.CharacterEncodingFilter.doFilterInternal(CharacterEncodingFilter.java:201) ~[spring-web-6.2.14.jar:6.2.14]
	at org.springframework.web.filter.OncePerRequestFilter.doFilter(OncePerRequestFilter.java:116) ~[spring-web-6.2.14.jar:6.2.14]
	at org.apache.catalina.core.ApplicationFilterChain.internalDoFilter(ApplicationFilterChain.java:162) ~[tomcat-embed-core-10.1.49.jar:10.1.49]
	at org.apache.catalina.core.ApplicationFilterChain.doFilter(ApplicationFilterChain.java:138) ~[tomcat-embed-core-10.1.49.jar:10.1.49]
	at org.apache.catalina.core.StandardWrapperValve.invoke(StandardWrapperValve.java:165) ~[tomcat-embed-core-10.1.49.jar:10.1.49]
	at org.apache.catalina.core.StandardContextValve.invoke(StandardContextValve.java:88) ~[tomcat-embed-core-10.1.49.jar:10.1.49]
	at org.apache.catalina.authenticator.AuthenticatorBase.invoke(AuthenticatorBase.java:482) ~[tomcat-embed-core-10.1.49.jar:10.1.49]
	at org.apache.catalina.core.StandardHostValve.invoke(StandardHostValve.java:113) ~[tomcat-embed-core-10.1.49.jar:10.1.49]
	at org.apache.catalina.valves.ErrorReportValve.invoke(ErrorReportValve.java:83) ~[tomcat-embed-core-10.1.49.jar:10.1.49]
	at org.apache.catalina.core.StandardEngineValve.invoke(StandardEngineValve.java:72) ~[tomcat-embed-core-10.1.49.jar:10.1.49]
	at org.apache.catalina.connector.CoyoteAdapter.service(CoyoteAdapter.java:342) ~[tomcat-embed-core-10.1.49.jar:10.1.49]
	at org.apache.coyote.http11.Http11Processor.service(Http11Processor.java:399) ~[tomcat-embed-core-10.1.49.jar:10.1.49]
	at org.apache.coyote.AbstractProcessorLight.process(AbstractProcessorLight.java:63) ~[tomcat-embed-core-10.1.49.jar:10.1.49]
	at org.apache.coyote.AbstractProtocol$ConnectionHandler.process(AbstractProtocol.java:903) ~[tomcat-embed-core-10.1.49.jar:10.1.49]
	at org.apache.tomcat.util.net.NioEndpoint$SocketProcessor.doRun(NioEndpoint.java:1774) ~[tomcat-embed-core-10.1.49.jar:10.1.49]
	at org.apache.tomcat.util.net.SocketProcessorBase.run(SocketProcessorBase.java:52) ~[tomcat-embed-core-10.1.49.jar:10.1.49]
	at java.base/java.lang.VirtualThread.run(VirtualThread.java:329) ~[?:?]
14:34:07.831 [tomcat-handler-0] ERROR ServiceExceptionHandler - No static resource api/clients.
org.springframework.web.servlet.resource.NoResourceFoundException: No static resource api/clients.
	at org.springframework.web.servlet.resource.ResourceHttpRequestHandler.handleRequest(ResourceHttpRequestHandler.java:585) ~[spring-webmvc-6.2.14.jar:6.2.14]
	at org.springframework.web.servlet.mvc.HttpRequestHandlerAdapter.handle(HttpRequestHandlerAdapter.java:52) ~[spring-webmvc-6.2.14.jar:6.2.14]
	at org.springframework.web.servlet.DispatcherServlet.doDispatch(DispatcherServlet.java:1089) ~[spring-webmvc-6.2.14.jar:6.2.14]
	at org.springframework.web.servlet.DispatcherServlet.doService(DispatcherServlet.java:979) ~[spring-webmvc-6.2.14.jar:6.2.14]
	at org.springframework.web.servlet.FrameworkServlet.processRequest(FrameworkServlet.java:1014) ~[spring-webmvc-6.2.14.jar:6.2.14]
	at org.springframework.web.servlet.FrameworkServlet.doPost(FrameworkServlet.java:914) ~[spring-webmvc-6.2.14.jar:6.2.14]
	at jakarta.servlet.http.HttpServlet.service(HttpServlet.java:590) ~[tomcat-embed-core-10.1.49.jar:6.0]
	at org.springframework.web.servlet.FrameworkServlet.service(FrameworkServlet.java:885) ~[spring-webmvc-6.2.14.jar:6.2.14]
	at jakarta.servlet.http.HttpServlet.service(HttpServlet.java:658) ~[tomcat-embed-core-10.1.49.jar:6.0]
	at org.apache.catalina.core.ApplicationFilterChain.internalDoFilter(ApplicationFilterChain.java:193) ~[tomcat-embed-core-10.1.49.jar:10.1.49]
	at org.apache.catalina.core.ApplicationFilterChain.doFilter(ApplicationFilterChain.java:138) ~[tomcat-embed-core-10.1.49.jar:10.1.49]
	at org.apache.tomcat.websocket.server.WsFilter.doFilter(WsFilter.java:51) ~[tomcat-embed-websocket-10.1.49.jar:10.1.49]
	at org.apache.catalina.core.ApplicationFilterChain.internalDoFilter(ApplicationFilterChain.java:162) ~[tomcat-embed-core-10.1.49.jar:10.1.49]
	at org.apache.catalina.core.ApplicationFilterChain.doFilter(ApplicationFilterChain.java:138) ~[tomcat-embed-core-10.1.49.jar:10.1.49]
	at org.springframework.web.filter.CompositeFilter$VirtualFilterChain.doFilter(CompositeFilter.java:108) ~[spring-web-6.2.14.jar:6.2.14]
	at org.springframework.web.filter.CompositeFilter$VirtualFilterChain.doFilter(CompositeFilter.java:108) ~[spring-web-6.2.14.jar:6.2.14]
	at org.springframework.security.web.FilterChainProxy.lambda$doFilterInternal$3(FilterChainProxy.java:231) ~[spring-security-web-6.5.7.jar:6.5.7]
	at org.springframework.security.web.FilterChainProxy$VirtualFilterChain.doFilter(FilterChainProxy.java:365) ~[spring-security-web-6.5.7.jar:6.5.7]
	at org.springframework.security.web.access.intercept.AuthorizationFilter.doFilter(AuthorizationFilter.java:101) ~[spring-security-web-6.5.7.jar:6.5.7]
	at org.springframework.security.web.FilterChainProxy$VirtualFilterChain.doFilter(FilterChainProxy.java:374) ~[spring-security-web-6.5.7.jar:6.5.7]
	at org.springframework.security.web.access.ExceptionTranslationFilter.doFilter(ExceptionTranslationFilter.java:125) ~[spring-security-web-6.5.7.jar:6.5.7]
	at org.springframework.security.web.access.ExceptionTranslationFilter.doFilter(ExceptionTranslationFilter.java:119) ~[spring-security-web-6.5.7.jar:6.5.7]
	at org.springframework.security.web.FilterChainProxy$VirtualFilterChain.doFilter(FilterChainProxy.java:374) ~[spring-security-web-6.5.7.jar:6.5.7]
	at org.springframework.security.web.authentication.AnonymousAuthenticationFilter.doFilter(AnonymousAuthenticationFilter.java:100) ~[spring-security-web-6.5.7.jar:6.5.7]
	at org.springframework.security.web.FilterChainProxy$VirtualFilterChain.doFilter(FilterChainProxy.java:374) ~[spring-security-web-6.5.7.jar:6.5.7]
	at org.springframework.security.web.servletapi.SecurityContextHolderAwareRequestFilter.doFilter(SecurityContextHolderAwareRequestFilter.java:179) ~[spring-security-web-6.5.7.jar:6.5.7]
	at org.springframework.security.web.FilterChainProxy$VirtualFilterChain.doFilter(FilterChainProxy.java:374) ~[spring-security-web-6.5.7.jar:6.5.7]
	at org.springframework.security.web.savedrequest.RequestCacheAwareFilter.doFilter(RequestCacheAwareFilter.java:63) ~[spring-security-web-6.5.7.jar:6.5.7]
	at org.springframework.security.web.FilterChainProxy$VirtualFilterChain.doFilter(FilterChainProxy.java:374) ~[spring-security-web-6.5.7.jar:6.5.7]
	at org.springframework.security.web.authentication.AuthenticationFilter.doFilterInternal(AuthenticationFilter.java:177) ~[spring-security-web-6.5.7.jar:6.5.7]
	at org.springframework.web.filter.OncePerRequestFilter.doFilter(OncePerRequestFilter.java:116) ~[spring-web-6.2.14.jar:6.2.14]
	at org.springframework.security.web.FilterChainProxy$VirtualFilterChain.doFilter(FilterChainProxy.java:374) ~[spring-security-web-6.5.7.jar:6.5.7]
	at org.springframework.security.oauth2.server.resource.web.authentication.BearerTokenAuthenticationFilter.doFilterInternal(BearerTokenAuthenticationFilter.java:158) ~[spring-security-oauth2-resource-server-6.5.7.jar:6.5.7]
	at org.springframework.web.filter.OncePerRequestFilter.doFilter(OncePerRequestFilter.java:116) ~[spring-web-6.2.14.jar:6.2.14]
	at org.springframework.security.web.FilterChainProxy$VirtualFilterChain.doFilter(FilterChainProxy.java:374) ~[spring-security-web-6.5.7.jar:6.5.7]
	at org.springframework.security.web.authentication.logout.LogoutFilter.doFilter(LogoutFilter.java:107) ~[spring-security-web-6.5.7.jar:6.5.7]
	at org.springframework.security.web.authentication.logout.LogoutFilter.doFilter(LogoutFilter.java:93) ~[spring-security-web-6.5.7.jar:6.5.7]
	at org.springframework.security.web.FilterChainProxy$VirtualFilterChain.doFilter(FilterChainProxy.java:374) ~[spring-security-web-6.5.7.jar:6.5.7]
	at org.springframework.security.web.csrf.CsrfFilter.doFilterInternal(CsrfFilter.java:117) ~[spring-security-web-6.5.7.jar:6.5.7]
	at org.springframework.web.filter.OncePerRequestFilter.doFilter(OncePerRequestFilter.java:116) ~[spring-web-6.2.14.jar:6.2.14]
	at org.springframework.security.web.FilterChainProxy$VirtualFilterChain.doFilter(FilterChainProxy.java:374) ~[spring-security-web-6.5.7.jar:6.5.7]
	at org.springframework.security.web.header.HeaderWriterFilter.doHeadersAfter(HeaderWriterFilter.java:90) ~[spring-security-web-6.5.7.jar:6.5.7]
	at org.springframework.security.web.header.HeaderWriterFilter.doFilterInternal(HeaderWriterFilter.java:75) ~[spring-security-web-6.5.7.jar:6.5.7]
	at org.springframework.web.filter.OncePerRequestFilter.doFilter(OncePerRequestFilter.java:116) ~[spring-web-6.2.14.jar:6.2.14]
	at org.springframework.security.web.FilterChainProxy$VirtualFilterChain.doFilter(FilterChainProxy.java:374) ~[spring-security-web-6.5.7.jar:6.5.7]
	at org.springframework.security.web.context.SecurityContextHolderFilter.doFilter(SecurityContextHolderFilter.java:82) ~[spring-security-web-6.5.7.jar:6.5.7]
	at org.springframework.security.web.context.SecurityContextHolderFilter.doFilter(SecurityContextHolderFilter.java:69) ~[spring-security-web-6.5.7.jar:6.5.7]
	at org.springframework.security.web.FilterChainProxy$VirtualFilterChain.doFilter(FilterChainProxy.java:374) ~[spring-security-web-6.5.7.jar:6.5.7]
	at org.springframework.security.web.context.request.async.WebAsyncManagerIntegrationFilter.doFilterInternal(WebAsyncManagerIntegrationFilter.java:62) ~[spring-security-web-6.5.7.jar:6.5.7]
	at org.springframework.web.filter.OncePerRequestFilter.doFilter(OncePerRequestFilter.java:116) ~[spring-web-6.2.14.jar:6.2.14]
	at org.springframework.security.web.FilterChainProxy$VirtualFilterChain.doFilter(FilterChainProxy.java:374) ~[spring-security-web-6.5.7.jar:6.5.7]
	at org.springframework.security.web.session.DisableEncodeUrlFilter.doFilterInternal(DisableEncodeUrlFilter.java:42) ~[spring-security-web-6.5.7.jar:6.5.7]
	at org.springframework.web.filter.OncePerRequestFilter.doFilter(OncePerRequestFilter.java:116) ~[spring-web-6.2.14.jar:6.2.14]
	at org.springframework.security.web.FilterChainProxy$VirtualFilterChain.doFilter(FilterChainProxy.java:374) ~[spring-security-web-6.5.7.jar:6.5.7]
	at org.springframework.security.web.FilterChainProxy.doFilterInternal(FilterChainProxy.java:233) ~[spring-security-web-6.5.7.jar:6.5.7]
	at org.springframework.security.web.FilterChainProxy.doFilter(FilterChainProxy.java:191) ~[spring-security-web-6.5.7.jar:6.5.7]
	at org.springframework.web.filter.CompositeFilter$VirtualFilterChain.doFilter(CompositeFilter.java:113) ~[spring-web-6.2.14.jar:6.2.14]
	at org.springframework.web.filter.ServletRequestPathFilter.doFilter(ServletRequestPathFilter.java:52) ~[spring-web-6.2.14.jar:6.2.14]
	at org.springframework.web.filter.CompositeFilter$VirtualFilterChain.doFilter(CompositeFilter.java:113) ~[spring-web-6.2.14.jar:6.2.14]
	at org.springframework.web.filter.CompositeFilter.doFilter(CompositeFilter.java:74) ~[spring-web-6.2.14.jar:6.2.14]
	at org.springframework.security.config.annotation.web.configuration.WebSecurityConfiguration$CompositeFilterChainProxy.doFilter(WebSecurityConfiguration.java:319) ~[spring-security-config-6.5.7.jar:6.5.7]
	at org.springframework.web.filter.CompositeFilter$VirtualFilterChain.doFilter(CompositeFilter.java:113) ~[spring-web-6.2.14.jar:6.2.14]
	at org.springframework.web.servlet.handler.HandlerMappingIntrospector.lambda$createCacheFilter$4(HandlerMappingIntrospector.java:267) ~[spring-webmvc-6.2.14.jar:6.2.14]
	at org.springframework.web.filter.CompositeFilter$VirtualFilterChain.doFilter(CompositeFilter.java:113) ~[spring-web-6.2.14.jar:6.2.14]
	at org.springframework.web.filter.CompositeFilter.doFilter(CompositeFilter.java:74) ~[spring-web-6.2.14.jar:6.2.14]
	at org.springframework.security.config.annotation.web.configuration.WebMvcSecurityConfiguration$CompositeFilterChainProxy.doFilter(WebMvcSecurityConfiguration.java:240) ~[spring-security-config-6.5.7.jar:6.5.7]
	at org.springframework.web.filter.DelegatingFilterProxy.invokeDelegate(DelegatingFilterProxy.java:362) ~[spring-web-6.2.14.jar:6.2.14]
	at org.springframework.web.filter.DelegatingFilterProxy.doFilter(DelegatingFilterProxy.java:278) ~[spring-web-6.2.14.jar:6.2.14]
	at org.apache.catalina.core.ApplicationFilterChain.internalDoFilter(ApplicationFilterChain.java:162) ~[tomcat-embed-core-10.1.49.jar:10.1.49]
	at org.apache.catalina.core.ApplicationFilterChain.doFilter(ApplicationFilterChain.java:138) ~[tomcat-embed-core-10.1.49.jar:10.1.49]
	at org.springframework.web.filter.RequestContextFilter.doFilterInternal(RequestContextFilter.java:100) ~[spring-web-6.2.14.jar:6.2.14]
	at org.springframework.web.filter.OncePerRequestFilter.doFilter(OncePerRequestFilter.java:116) ~[spring-web-6.2.14.jar:6.2.14]
	at org.apache.catalina.core.ApplicationFilterChain.internalDoFilter(ApplicationFilterChain.java:162) ~[tomcat-embed-core-10.1.49.jar:10.1.49]
	at org.apache.catalina.core.ApplicationFilterChain.doFilter(ApplicationFilterChain.java:138) ~[tomcat-embed-core-10.1.49.jar:10.1.49]
	at org.springframework.web.filter.FormContentFilter.doFilterInternal(FormContentFilter.java:93) ~[spring-web-6.2.14.jar:6.2.14]
	at org.springframework.web.filter.OncePerRequestFilter.doFilter(OncePerRequestFilter.java:116) ~[spring-web-6.2.14.jar:6.2.14]
	at org.apache.catalina.core.ApplicationFilterChain.internalDoFilter(ApplicationFilterChain.java:162) ~[tomcat-embed-core-10.1.49.jar:10.1.49]
	at org.apache.catalina.core.ApplicationFilterChain.doFilter(ApplicationFilterChain.java:138) ~[tomcat-embed-core-10.1.49.jar:10.1.49]
	at org.springframework.web.filter.CharacterEncodingFilter.doFilterInternal(CharacterEncodingFilter.java:201) ~[spring-web-6.2.14.jar:6.2.14]
	at org.springframework.web.filter.OncePerRequestFilter.doFilter(OncePerRequestFilter.java:116) ~[spring-web-6.2.14.jar:6.2.14]
	at org.apache.catalina.core.ApplicationFilterChain.internalDoFilter(ApplicationFilterChain.java:162) ~[tomcat-embed-core-10.1.49.jar:10.1.49]
	at org.apache.catalina.core.ApplicationFilterChain.doFilter(ApplicationFilterChain.java:138) ~[tomcat-embed-core-10.1.49.jar:10.1.49]
	at org.apache.catalina.core.StandardWrapperValve.invoke(StandardWrapperValve.java:165) ~[tomcat-embed-core-10.1.49.jar:10.1.49]
	at org.apache.catalina.core.StandardContextValve.invoke(StandardContextValve.java:88) ~[tomcat-embed-core-10.1.49.jar:10.1.49]
	at org.apache.catalina.authenticator.AuthenticatorBase.invoke(AuthenticatorBase.java:482) ~[tomcat-embed-core-10.1.49.jar:10.1.49]
	at org.apache.catalina.core.StandardHostValve.invoke(StandardHostValve.java:113) ~[tomcat-embed-core-10.1.49.jar:10.1.49]
	at org.apache.catalina.valves.ErrorReportValve.invoke(ErrorReportValve.java:83) ~[tomcat-embed-core-10.1.49.jar:10.1.49]
	at org.apache.catalina.core.StandardEngineValve.invoke(StandardEngineValve.java:72) ~[tomcat-embed-core-10.1.49.jar:10.1.49]
	at org.apache.catalina.connector.CoyoteAdapter.service(CoyoteAdapter.java:342) ~[tomcat-embed-core-10.1.49.jar:10.1.49]
	at org.apache.coyote.http11.Http11Processor.service(Http11Processor.java:399) ~[tomcat-embed-core-10.1.49.jar:10.1.49]
	at org.apache.coyote.AbstractProcessorLight.process(AbstractProcessorLight.java:63) ~[tomcat-embed-core-10.1.49.jar:10.1.49]
	at org.apache.coyote.AbstractProtocol$ConnectionHandler.process(AbstractProtocol.java:903) ~[tomcat-embed-core-10.1.49.jar:10.1.49]
	at org.apache.tomcat.util.net.NioEndpoint$SocketProcessor.doRun(NioEndpoint.java:1774) ~[tomcat-embed-core-10.1.49.jar:10.1.49]
	at org.apache.tomcat.util.net.SocketProcessorBase.run(SocketProcessorBase.java:52) ~[tomcat-embed-core-10.1.49.jar:10.1.49]
	at java.base/java.lang.VirtualThread.run(VirtualThread.java:329) ~[?:?]
14:39:44.765 [tomcat-handler-1] ERROR ServiceExceptionHandler - No static resource api/clients.
org.springframework.web.servlet.resource.NoResourceFoundException: No static resource api/clients.
	at org.springframework.web.servlet.resource.ResourceHttpRequestHandler.handleRequest(ResourceHttpRequestHandler.java:585) ~[spring-webmvc-6.2.14.jar:6.2.14]
	at org.springframework.web.servlet.mvc.HttpRequestHandlerAdapter.handle(HttpRequestHandlerAdapter.java:52) ~[spring-webmvc-6.2.14.jar:6.2.14]
	at org.springframework.web.servlet.DispatcherServlet.doDispatch(DispatcherServlet.java:1089) ~[spring-webmvc-6.2.14.jar:6.2.14]
	at org.springframework.web.servlet.DispatcherServlet.doService(DispatcherServlet.java:979) ~[spring-webmvc-6.2.14.jar:6.2.14]
	at org.springframework.web.servlet.FrameworkServlet.processRequest(FrameworkServlet.java:1014) ~[spring-webmvc-6.2.14.jar:6.2.14]
	at org.springframework.web.servlet.FrameworkServlet.doPost(FrameworkServlet.java:914) ~[spring-webmvc-6.2.14.jar:6.2.14]
	at jakarta.servlet.http.HttpServlet.service(HttpServlet.java:590) ~[tomcat-embed-core-10.1.49.jar:6.0]
	at org.springframework.web.servlet.FrameworkServlet.service(FrameworkServlet.java:885) ~[spring-webmvc-6.2.14.jar:6.2.14]
	at jakarta.servlet.http.HttpServlet.service(HttpServlet.java:658) ~[tomcat-embed-core-10.1.49.jar:6.0]
	at org.apache.catalina.core.ApplicationFilterChain.internalDoFilter(ApplicationFilterChain.java:193) ~[tomcat-embed-core-10.1.49.jar:10.1.49]
	at org.apache.catalina.core.ApplicationFilterChain.doFilter(ApplicationFilterChain.java:138) ~[tomcat-embed-core-10.1.49.jar:10.1.49]
	at org.apache.tomcat.websocket.server.WsFilter.doFilter(WsFilter.java:51) ~[tomcat-embed-websocket-10.1.49.jar:10.1.49]
	at org.apache.catalina.core.ApplicationFilterChain.internalDoFilter(ApplicationFilterChain.java:162) ~[tomcat-embed-core-10.1.49.jar:10.1.49]
	at org.apache.catalina.core.ApplicationFilterChain.doFilter(ApplicationFilterChain.java:138) ~[tomcat-embed-core-10.1.49.jar:10.1.49]
	at org.springframework.web.filter.CompositeFilter$VirtualFilterChain.doFilter(CompositeFilter.java:108) ~[spring-web-6.2.14.jar:6.2.14]
	at org.springframework.web.filter.CompositeFilter$VirtualFilterChain.doFilter(CompositeFilter.java:108) ~[spring-web-6.2.14.jar:6.2.14]
	at org.springframework.security.web.FilterChainProxy.lambda$doFilterInternal$3(FilterChainProxy.java:231) ~[spring-security-web-6.5.7.jar:6.5.7]
	at org.springframework.security.web.FilterChainProxy$VirtualFilterChain.doFilter(FilterChainProxy.java:365) ~[spring-security-web-6.5.7.jar:6.5.7]
	at org.springframework.security.web.access.intercept.AuthorizationFilter.doFilter(AuthorizationFilter.java:101) ~[spring-security-web-6.5.7.jar:6.5.7]
	at org.springframework.security.web.FilterChainProxy$VirtualFilterChain.doFilter(FilterChainProxy.java:374) ~[spring-security-web-6.5.7.jar:6.5.7]
	at org.springframework.security.web.access.ExceptionTranslationFilter.doFilter(ExceptionTranslationFilter.java:125) ~[spring-security-web-6.5.7.jar:6.5.7]
	at org.springframework.security.web.access.ExceptionTranslationFilter.doFilter(ExceptionTranslationFilter.java:119) ~[spring-security-web-6.5.7.jar:6.5.7]
	at org.springframework.security.web.FilterChainProxy$VirtualFilterChain.doFilter(FilterChainProxy.java:374) ~[spring-security-web-6.5.7.jar:6.5.7]
	at org.springframework.security.web.authentication.AnonymousAuthenticationFilter.doFilter(AnonymousAuthenticationFilter.java:100) ~[spring-security-web-6.5.7.jar:6.5.7]
	at org.springframework.security.web.FilterChainProxy$VirtualFilterChain.doFilter(FilterChainProxy.java:374) ~[spring-security-web-6.5.7.jar:6.5.7]
	at org.springframework.security.web.servletapi.SecurityContextHolderAwareRequestFilter.doFilter(SecurityContextHolderAwareRequestFilter.java:179) ~[spring-security-web-6.5.7.jar:6.5.7]
	at org.springframework.security.web.FilterChainProxy$VirtualFilterChain.doFilter(FilterChainProxy.java:374) ~[spring-security-web-6.5.7.jar:6.5.7]
	at org.springframework.security.web.savedrequest.RequestCacheAwareFilter.doFilter(RequestCacheAwareFilter.java:63) ~[spring-security-web-6.5.7.jar:6.5.7]
	at org.springframework.security.web.FilterChainProxy$VirtualFilterChain.doFilter(FilterChainProxy.java:374) ~[spring-security-web-6.5.7.jar:6.5.7]
	at org.springframework.security.web.authentication.AuthenticationFilter.doFilterInternal(AuthenticationFilter.java:177) ~[spring-security-web-6.5.7.jar:6.5.7]
	at org.springframework.web.filter.OncePerRequestFilter.doFilter(OncePerRequestFilter.java:116) ~[spring-web-6.2.14.jar:6.2.14]
	at org.springframework.security.web.FilterChainProxy$VirtualFilterChain.doFilter(FilterChainProxy.java:374) ~[spring-security-web-6.5.7.jar:6.5.7]
	at org.springframework.security.oauth2.server.resource.web.authentication.BearerTokenAuthenticationFilter.doFilterInternal(BearerTokenAuthenticationFilter.java:158) ~[spring-security-oauth2-resource-server-6.5.7.jar:6.5.7]
	at org.springframework.web.filter.OncePerRequestFilter.doFilter(OncePerRequestFilter.java:116) ~[spring-web-6.2.14.jar:6.2.14]
	at org.springframework.security.web.FilterChainProxy$VirtualFilterChain.doFilter(FilterChainProxy.java:374) ~[spring-security-web-6.5.7.jar:6.5.7]
	at org.springframework.security.web.authentication.logout.LogoutFilter.doFilter(LogoutFilter.java:107) ~[spring-security-web-6.5.7.jar:6.5.7]
	at org.springframework.security.web.authentication.logout.LogoutFilter.doFilter(LogoutFilter.java:93) ~[spring-security-web-6.5.7.jar:6.5.7]
	at org.springframework.security.web.FilterChainProxy$VirtualFilterChain.doFilter(FilterChainProxy.java:374) ~[spring-security-web-6.5.7.jar:6.5.7]
	at org.springframework.security.web.csrf.CsrfFilter.doFilterInternal(CsrfFilter.java:117) ~[spring-security-web-6.5.7.jar:6.5.7]
	at org.springframework.web.filter.OncePerRequestFilter.doFilter(OncePerRequestFilter.java:116) ~[spring-web-6.2.14.jar:6.2.14]
	at org.springframework.security.web.FilterChainProxy$VirtualFilterChain.doFilter(FilterChainProxy.java:374) ~[spring-security-web-6.5.7.jar:6.5.7]
	at org.springframework.security.web.header.HeaderWriterFilter.doHeadersAfter(HeaderWriterFilter.java:90) ~[spring-security-web-6.5.7.jar:6.5.7]
	at org.springframework.security.web.header.HeaderWriterFilter.doFilterInternal(HeaderWriterFilter.java:75) ~[spring-security-web-6.5.7.jar:6.5.7]
	at org.springframework.web.filter.OncePerRequestFilter.doFilter(OncePerRequestFilter.java:116) ~[spring-web-6.2.14.jar:6.2.14]
	at org.springframework.security.web.FilterChainProxy$VirtualFilterChain.doFilter(FilterChainProxy.java:374) ~[spring-security-web-6.5.7.jar:6.5.7]
	at org.springframework.security.web.context.SecurityContextHolderFilter.doFilter(SecurityContextHolderFilter.java:82) ~[spring-security-web-6.5.7.jar:6.5.7]
	at org.springframework.security.web.context.SecurityContextHolderFilter.doFilter(SecurityContextHolderFilter.java:69) ~[spring-security-web-6.5.7.jar:6.5.7]
	at org.springframework.security.web.FilterChainProxy$VirtualFilterChain.doFilter(FilterChainProxy.java:374) ~[spring-security-web-6.5.7.jar:6.5.7]
	at org.springframework.security.web.context.request.async.WebAsyncManagerIntegrationFilter.doFilterInternal(WebAsyncManagerIntegrationFilter.java:62) ~[spring-security-web-6.5.7.jar:6.5.7]
	at org.springframework.web.filter.OncePerRequestFilter.doFilter(OncePerRequestFilter.java:116) ~[spring-web-6.2.14.jar:6.2.14]
	at org.springframework.security.web.FilterChainProxy$VirtualFilterChain.doFilter(FilterChainProxy.java:374) ~[spring-security-web-6.5.7.jar:6.5.7]
	at org.springframework.security.web.session.DisableEncodeUrlFilter.doFilterInternal(DisableEncodeUrlFilter.java:42) ~[spring-security-web-6.5.7.jar:6.5.7]
	at org.springframework.web.filter.OncePerRequestFilter.doFilter(OncePerRequestFilter.java:116) ~[spring-web-6.2.14.jar:6.2.14]
	at org.springframework.security.web.FilterChainProxy$VirtualFilterChain.doFilter(FilterChainProxy.java:374) ~[spring-security-web-6.5.7.jar:6.5.7]
	at org.springframework.security.web.FilterChainProxy.doFilterInternal(FilterChainProxy.java:233) ~[spring-security-web-6.5.7.jar:6.5.7]
	at org.springframework.security.web.FilterChainProxy.doFilter(FilterChainProxy.java:191) ~[spring-security-web-6.5.7.jar:6.5.7]
	at org.springframework.web.filter.CompositeFilter$VirtualFilterChain.doFilter(CompositeFilter.java:113) ~[spring-web-6.2.14.jar:6.2.14]
	at org.springframework.web.filter.ServletRequestPathFilter.doFilter(ServletRequestPathFilter.java:52) ~[spring-web-6.2.14.jar:6.2.14]
	at org.springframework.web.filter.CompositeFilter$VirtualFilterChain.doFilter(CompositeFilter.java:113) ~[spring-web-6.2.14.jar:6.2.14]
	at org.springframework.web.filter.CompositeFilter.doFilter(CompositeFilter.java:74) ~[spring-web-6.2.14.jar:6.2.14]
	at org.springframework.security.config.annotation.web.configuration.WebSecurityConfiguration$CompositeFilterChainProxy.doFilter(WebSecurityConfiguration.java:319) ~[spring-security-config-6.5.7.jar:6.5.7]
	at org.springframework.web.filter.CompositeFilter$VirtualFilterChain.doFilter(CompositeFilter.java:113) ~[spring-web-6.2.14.jar:6.2.14]
	at org.springframework.web.servlet.handler.HandlerMappingIntrospector.lambda$createCacheFilter$4(HandlerMappingIntrospector.java:267) ~[spring-webmvc-6.2.14.jar:6.2.14]
	at org.springframework.web.filter.CompositeFilter$VirtualFilterChain.doFilter(CompositeFilter.java:113) ~[spring-web-6.2.14.jar:6.2.14]
	at org.springframework.web.filter.CompositeFilter.doFilter(CompositeFilter.java:74) ~[spring-web-6.2.14.jar:6.2.14]
	at org.springframework.security.config.annotation.web.configuration.WebMvcSecurityConfiguration$CompositeFilterChainProxy.doFilter(WebMvcSecurityConfiguration.java:240) ~[spring-security-config-6.5.7.jar:6.5.7]
	at org.springframework.web.filter.DelegatingFilterProxy.invokeDelegate(DelegatingFilterProxy.java:362) ~[spring-web-6.2.14.jar:6.2.14]
	at org.springframework.web.filter.DelegatingFilterProxy.doFilter(DelegatingFilterProxy.java:278) ~[spring-web-6.2.14.jar:6.2.14]
	at org.apache.catalina.core.ApplicationFilterChain.internalDoFilter(ApplicationFilterChain.java:162) ~[tomcat-embed-core-10.1.49.jar:10.1.49]
	at org.apache.catalina.core.ApplicationFilterChain.doFilter(ApplicationFilterChain.java:138) ~[tomcat-embed-core-10.1.49.jar:10.1.49]
	at org.springframework.web.filter.RequestContextFilter.doFilterInternal(RequestContextFilter.java:100) ~[spring-web-6.2.14.jar:6.2.14]
	at org.springframework.web.filter.OncePerRequestFilter.doFilter(OncePerRequestFilter.java:116) ~[spring-web-6.2.14.jar:6.2.14]
	at org.apache.catalina.core.ApplicationFilterChain.internalDoFilter(ApplicationFilterChain.java:162) ~[tomcat-embed-core-10.1.49.jar:10.1.49]
	at org.apache.catalina.core.ApplicationFilterChain.doFilter(ApplicationFilterChain.java:138) ~[tomcat-embed-core-10.1.49.jar:10.1.49]
	at org.springframework.web.filter.FormContentFilter.doFilterInternal(FormContentFilter.java:93) ~[spring-web-6.2.14.jar:6.2.14]
	at org.springframework.web.filter.OncePerRequestFilter.doFilter(OncePerRequestFilter.java:116) ~[spring-web-6.2.14.jar:6.2.14]
	at org.apache.catalina.core.ApplicationFilterChain.internalDoFilter(ApplicationFilterChain.java:162) ~[tomcat-embed-core-10.1.49.jar:10.1.49]
	at org.apache.catalina.core.ApplicationFilterChain.doFilter(ApplicationFilterChain.java:138) ~[tomcat-embed-core-10.1.49.jar:10.1.49]
	at org.springframework.web.filter.CharacterEncodingFilter.doFilterInternal(CharacterEncodingFilter.java:201) ~[spring-web-6.2.14.jar:6.2.14]
	at org.springframework.web.filter.OncePerRequestFilter.doFilter(OncePerRequestFilter.java:116) ~[spring-web-6.2.14.jar:6.2.14]
	at org.apache.catalina.core.ApplicationFilterChain.internalDoFilter(ApplicationFilterChain.java:162) ~[tomcat-embed-core-10.1.49.jar:10.1.49]
	at org.apache.catalina.core.ApplicationFilterChain.doFilter(ApplicationFilterChain.java:138) ~[tomcat-embed-core-10.1.49.jar:10.1.49]
	at org.apache.catalina.core.StandardWrapperValve.invoke(StandardWrapperValve.java:165) ~[tomcat-embed-core-10.1.49.jar:10.1.49]
	at org.apache.catalina.core.StandardContextValve.invoke(StandardContextValve.java:88) ~[tomcat-embed-core-10.1.49.jar:10.1.49]
	at org.apache.catalina.authenticator.AuthenticatorBase.invoke(AuthenticatorBase.java:482) ~[tomcat-embed-core-10.1.49.jar:10.1.49]
	at org.apache.catalina.core.StandardHostValve.invoke(StandardHostValve.java:113) ~[tomcat-embed-core-10.1.49.jar:10.1.49]
	at org.apache.catalina.valves.ErrorReportValve.invoke(ErrorReportValve.java:83) ~[tomcat-embed-core-10.1.49.jar:10.1.49]
	at org.apache.catalina.core.StandardEngineValve.invoke(StandardEngineValve.java:72) ~[tomcat-embed-core-10.1.49.jar:10.1.49]
	at org.apache.catalina.connector.CoyoteAdapter.service(CoyoteAdapter.java:342) ~[tomcat-embed-core-10.1.49.jar:10.1.49]
	at org.apache.coyote.http11.Http11Processor.service(Http11Processor.java:399) ~[tomcat-embed-core-10.1.49.jar:10.1.49]
	at org.apache.coyote.AbstractProcessorLight.process(AbstractProcessorLight.java:63) ~[tomcat-embed-core-10.1.49.jar:10.1.49]
	at org.apache.coyote.AbstractProtocol$ConnectionHandler.process(AbstractProtocol.java:903) ~[tomcat-embed-core-10.1.49.jar:10.1.49]
	at org.apache.tomcat.util.net.NioEndpoint$SocketProcessor.doRun(NioEndpoint.java:1774) ~[tomcat-embed-core-10.1.49.jar:10.1.49]
	at org.apache.tomcat.util.net.SocketProcessorBase.run(SocketProcessorBase.java:52) ~[tomcat-embed-core-10.1.49.jar:10.1.49]
	at java.base/java.lang.VirtualThread.run(VirtualThread.java:329) ~[?:?]
14:39:55.809 [tomcat-handler-3] ERROR ServiceExceptionHandler - No static resource api/clients/genid.
org.springframework.web.servlet.resource.NoResourceFoundException: No static resource api/clients/genid.
	at org.springframework.web.servlet.resource.ResourceHttpRequestHandler.handleRequest(ResourceHttpRequestHandler.java:585) ~[spring-webmvc-6.2.14.jar:6.2.14]
	at org.springframework.web.servlet.mvc.HttpRequestHandlerAdapter.handle(HttpRequestHandlerAdapter.java:52) ~[spring-webmvc-6.2.14.jar:6.2.14]
	at org.springframework.web.servlet.DispatcherServlet.doDispatch(DispatcherServlet.java:1089) ~[spring-webmvc-6.2.14.jar:6.2.14]
	at org.springframework.web.servlet.DispatcherServlet.doService(DispatcherServlet.java:979) ~[spring-webmvc-6.2.14.jar:6.2.14]
	at org.springframework.web.servlet.FrameworkServlet.processRequest(FrameworkServlet.java:1014) ~[spring-webmvc-6.2.14.jar:6.2.14]
	at org.springframework.web.servlet.FrameworkServlet.doPost(FrameworkServlet.java:914) ~[spring-webmvc-6.2.14.jar:6.2.14]
	at jakarta.servlet.http.HttpServlet.service(HttpServlet.java:590) ~[tomcat-embed-core-10.1.49.jar:6.0]
	at org.springframework.web.servlet.FrameworkServlet.service(FrameworkServlet.java:885) ~[spring-webmvc-6.2.14.jar:6.2.14]
	at jakarta.servlet.http.HttpServlet.service(HttpServlet.java:658) ~[tomcat-embed-core-10.1.49.jar:6.0]
	at org.apache.catalina.core.ApplicationFilterChain.internalDoFilter(ApplicationFilterChain.java:193) ~[tomcat-embed-core-10.1.49.jar:10.1.49]
	at org.apache.catalina.core.ApplicationFilterChain.doFilter(ApplicationFilterChain.java:138) ~[tomcat-embed-core-10.1.49.jar:10.1.49]
	at org.apache.tomcat.websocket.server.WsFilter.doFilter(WsFilter.java:51) ~[tomcat-embed-websocket-10.1.49.jar:10.1.49]
	at org.apache.catalina.core.ApplicationFilterChain.internalDoFilter(ApplicationFilterChain.java:162) ~[tomcat-embed-core-10.1.49.jar:10.1.49]
	at org.apache.catalina.core.ApplicationFilterChain.doFilter(ApplicationFilterChain.java:138) ~[tomcat-embed-core-10.1.49.jar:10.1.49]
	at org.springframework.web.filter.CompositeFilter$VirtualFilterChain.doFilter(CompositeFilter.java:108) ~[spring-web-6.2.14.jar:6.2.14]
	at org.springframework.web.filter.CompositeFilter$VirtualFilterChain.doFilter(CompositeFilter.java:108) ~[spring-web-6.2.14.jar:6.2.14]
	at org.springframework.security.web.FilterChainProxy.lambda$doFilterInternal$3(FilterChainProxy.java:231) ~[spring-security-web-6.5.7.jar:6.5.7]
	at org.springframework.security.web.FilterChainProxy$VirtualFilterChain.doFilter(FilterChainProxy.java:365) ~[spring-security-web-6.5.7.jar:6.5.7]
	at org.springframework.security.web.access.intercept.AuthorizationFilter.doFilter(AuthorizationFilter.java:101) ~[spring-security-web-6.5.7.jar:6.5.7]
	at org.springframework.security.web.FilterChainProxy$VirtualFilterChain.doFilter(FilterChainProxy.java:374) ~[spring-security-web-6.5.7.jar:6.5.7]
	at org.springframework.security.web.access.ExceptionTranslationFilter.doFilter(ExceptionTranslationFilter.java:125) ~[spring-security-web-6.5.7.jar:6.5.7]
	at org.springframework.security.web.access.ExceptionTranslationFilter.doFilter(ExceptionTranslationFilter.java:119) ~[spring-security-web-6.5.7.jar:6.5.7]
	at org.springframework.security.web.FilterChainProxy$VirtualFilterChain.doFilter(FilterChainProxy.java:374) ~[spring-security-web-6.5.7.jar:6.5.7]
	at org.springframework.security.web.authentication.AnonymousAuthenticationFilter.doFilter(AnonymousAuthenticationFilter.java:100) ~[spring-security-web-6.5.7.jar:6.5.7]
	at org.springframework.security.web.FilterChainProxy$VirtualFilterChain.doFilter(FilterChainProxy.java:374) ~[spring-security-web-6.5.7.jar:6.5.7]
	at org.springframework.security.web.servletapi.SecurityContextHolderAwareRequestFilter.doFilter(SecurityContextHolderAwareRequestFilter.java:179) ~[spring-security-web-6.5.7.jar:6.5.7]
	at org.springframework.security.web.FilterChainProxy$VirtualFilterChain.doFilter(FilterChainProxy.java:374) ~[spring-security-web-6.5.7.jar:6.5.7]
	at org.springframework.security.web.savedrequest.RequestCacheAwareFilter.doFilter(RequestCacheAwareFilter.java:63) ~[spring-security-web-6.5.7.jar:6.5.7]
	at org.springframework.security.web.FilterChainProxy$VirtualFilterChain.doFilter(FilterChainProxy.java:374) ~[spring-security-web-6.5.7.jar:6.5.7]
	at org.springframework.security.web.authentication.AuthenticationFilter.doFilterInternal(AuthenticationFilter.java:177) ~[spring-security-web-6.5.7.jar:6.5.7]
	at org.springframework.web.filter.OncePerRequestFilter.doFilter(OncePerRequestFilter.java:116) ~[spring-web-6.2.14.jar:6.2.14]
	at org.springframework.security.web.FilterChainProxy$VirtualFilterChain.doFilter(FilterChainProxy.java:374) ~[spring-security-web-6.5.7.jar:6.5.7]
	at org.springframework.security.oauth2.server.resource.web.authentication.BearerTokenAuthenticationFilter.doFilterInternal(BearerTokenAuthenticationFilter.java:158) ~[spring-security-oauth2-resource-server-6.5.7.jar:6.5.7]
	at org.springframework.web.filter.OncePerRequestFilter.doFilter(OncePerRequestFilter.java:116) ~[spring-web-6.2.14.jar:6.2.14]
	at org.springframework.security.web.FilterChainProxy$VirtualFilterChain.doFilter(FilterChainProxy.java:374) ~[spring-security-web-6.5.7.jar:6.5.7]
	at org.springframework.security.web.authentication.logout.LogoutFilter.doFilter(LogoutFilter.java:107) ~[spring-security-web-6.5.7.jar:6.5.7]
	at org.springframework.security.web.authentication.logout.LogoutFilter.doFilter(LogoutFilter.java:93) ~[spring-security-web-6.5.7.jar:6.5.7]
	at org.springframework.security.web.FilterChainProxy$VirtualFilterChain.doFilter(FilterChainProxy.java:374) ~[spring-security-web-6.5.7.jar:6.5.7]
	at org.springframework.security.web.csrf.CsrfFilter.doFilterInternal(CsrfFilter.java:117) ~[spring-security-web-6.5.7.jar:6.5.7]
	at org.springframework.web.filter.OncePerRequestFilter.doFilter(OncePerRequestFilter.java:116) ~[spring-web-6.2.14.jar:6.2.14]
	at org.springframework.security.web.FilterChainProxy$VirtualFilterChain.doFilter(FilterChainProxy.java:374) ~[spring-security-web-6.5.7.jar:6.5.7]
	at org.springframework.security.web.header.HeaderWriterFilter.doHeadersAfter(HeaderWriterFilter.java:90) ~[spring-security-web-6.5.7.jar:6.5.7]
	at org.springframework.security.web.header.HeaderWriterFilter.doFilterInternal(HeaderWriterFilter.java:75) ~[spring-security-web-6.5.7.jar:6.5.7]
	at org.springframework.web.filter.OncePerRequestFilter.doFilter(OncePerRequestFilter.java:116) ~[spring-web-6.2.14.jar:6.2.14]
	at org.springframework.security.web.FilterChainProxy$VirtualFilterChain.doFilter(FilterChainProxy.java:374) ~[spring-security-web-6.5.7.jar:6.5.7]
	at org.springframework.security.web.context.SecurityContextHolderFilter.doFilter(SecurityContextHolderFilter.java:82) ~[spring-security-web-6.5.7.jar:6.5.7]
	at org.springframework.security.web.context.SecurityContextHolderFilter.doFilter(SecurityContextHolderFilter.java:69) ~[spring-security-web-6.5.7.jar:6.5.7]
	at org.springframework.security.web.FilterChainProxy$VirtualFilterChain.doFilter(FilterChainProxy.java:374) ~[spring-security-web-6.5.7.jar:6.5.7]
	at org.springframework.security.web.context.request.async.WebAsyncManagerIntegrationFilter.doFilterInternal(WebAsyncManagerIntegrationFilter.java:62) ~[spring-security-web-6.5.7.jar:6.5.7]
	at org.springframework.web.filter.OncePerRequestFilter.doFilter(OncePerRequestFilter.java:116) ~[spring-web-6.2.14.jar:6.2.14]
	at org.springframework.security.web.FilterChainProxy$VirtualFilterChain.doFilter(FilterChainProxy.java:374) ~[spring-security-web-6.5.7.jar:6.5.7]
	at org.springframework.security.web.session.DisableEncodeUrlFilter.doFilterInternal(DisableEncodeUrlFilter.java:42) ~[spring-security-web-6.5.7.jar:6.5.7]
	at org.springframework.web.filter.OncePerRequestFilter.doFilter(OncePerRequestFilter.java:116) ~[spring-web-6.2.14.jar:6.2.14]
	at org.springframework.security.web.FilterChainProxy$VirtualFilterChain.doFilter(FilterChainProxy.java:374) ~[spring-security-web-6.5.7.jar:6.5.7]
	at org.springframework.security.web.FilterChainProxy.doFilterInternal(FilterChainProxy.java:233) ~[spring-security-web-6.5.7.jar:6.5.7]
	at org.springframework.security.web.FilterChainProxy.doFilter(FilterChainProxy.java:191) ~[spring-security-web-6.5.7.jar:6.5.7]
	at org.springframework.web.filter.CompositeFilter$VirtualFilterChain.doFilter(CompositeFilter.java:113) ~[spring-web-6.2.14.jar:6.2.14]
	at org.springframework.web.filter.ServletRequestPathFilter.doFilter(ServletRequestPathFilter.java:52) ~[spring-web-6.2.14.jar:6.2.14]
	at org.springframework.web.filter.CompositeFilter$VirtualFilterChain.doFilter(CompositeFilter.java:113) ~[spring-web-6.2.14.jar:6.2.14]
	at org.springframework.web.filter.CompositeFilter.doFilter(CompositeFilter.java:74) ~[spring-web-6.2.14.jar:6.2.14]
	at org.springframework.security.config.annotation.web.configuration.WebSecurityConfiguration$CompositeFilterChainProxy.doFilter(WebSecurityConfiguration.java:319) ~[spring-security-config-6.5.7.jar:6.5.7]
	at org.springframework.web.filter.CompositeFilter$VirtualFilterChain.doFilter(CompositeFilter.java:113) ~[spring-web-6.2.14.jar:6.2.14]
	at org.springframework.web.servlet.handler.HandlerMappingIntrospector.lambda$createCacheFilter$4(HandlerMappingIntrospector.java:267) ~[spring-webmvc-6.2.14.jar:6.2.14]
	at org.springframework.web.filter.CompositeFilter$VirtualFilterChain.doFilter(CompositeFilter.java:113) ~[spring-web-6.2.14.jar:6.2.14]
	at org.springframework.web.filter.CompositeFilter.doFilter(CompositeFilter.java:74) ~[spring-web-6.2.14.jar:6.2.14]
	at org.springframework.security.config.annotation.web.configuration.WebMvcSecurityConfiguration$CompositeFilterChainProxy.doFilter(WebMvcSecurityConfiguration.java:240) ~[spring-security-config-6.5.7.jar:6.5.7]
	at org.springframework.web.filter.DelegatingFilterProxy.invokeDelegate(DelegatingFilterProxy.java:362) ~[spring-web-6.2.14.jar:6.2.14]
	at org.springframework.web.filter.DelegatingFilterProxy.doFilter(DelegatingFilterProxy.java:278) ~[spring-web-6.2.14.jar:6.2.14]
	at org.apache.catalina.core.ApplicationFilterChain.internalDoFilter(ApplicationFilterChain.java:162) ~[tomcat-embed-core-10.1.49.jar:10.1.49]
	at org.apache.catalina.core.ApplicationFilterChain.doFilter(ApplicationFilterChain.java:138) ~[tomcat-embed-core-10.1.49.jar:10.1.49]
	at org.springframework.web.filter.RequestContextFilter.doFilterInternal(RequestContextFilter.java:100) ~[spring-web-6.2.14.jar:6.2.14]
	at org.springframework.web.filter.OncePerRequestFilter.doFilter(OncePerRequestFilter.java:116) ~[spring-web-6.2.14.jar:6.2.14]
	at org.apache.catalina.core.ApplicationFilterChain.internalDoFilter(ApplicationFilterChain.java:162) ~[tomcat-embed-core-10.1.49.jar:10.1.49]
	at org.apache.catalina.core.ApplicationFilterChain.doFilter(ApplicationFilterChain.java:138) ~[tomcat-embed-core-10.1.49.jar:10.1.49]
	at org.springframework.web.filter.FormContentFilter.doFilterInternal(FormContentFilter.java:93) ~[spring-web-6.2.14.jar:6.2.14]
	at org.springframework.web.filter.OncePerRequestFilter.doFilter(OncePerRequestFilter.java:116) ~[spring-web-6.2.14.jar:6.2.14]
	at org.apache.catalina.core.ApplicationFilterChain.internalDoFilter(ApplicationFilterChain.java:162) ~[tomcat-embed-core-10.1.49.jar:10.1.49]
	at org.apache.catalina.core.ApplicationFilterChain.doFilter(ApplicationFilterChain.java:138) ~[tomcat-embed-core-10.1.49.jar:10.1.49]
	at org.springframework.web.filter.CharacterEncodingFilter.doFilterInternal(CharacterEncodingFilter.java:201) ~[spring-web-6.2.14.jar:6.2.14]
	at org.springframework.web.filter.OncePerRequestFilter.doFilter(OncePerRequestFilter.java:116) ~[spring-web-6.2.14.jar:6.2.14]
	at org.apache.catalina.core.ApplicationFilterChain.internalDoFilter(ApplicationFilterChain.java:162) ~[tomcat-embed-core-10.1.49.jar:10.1.49]
	at org.apache.catalina.core.ApplicationFilterChain.doFilter(ApplicationFilterChain.java:138) ~[tomcat-embed-core-10.1.49.jar:10.1.49]
	at org.apache.catalina.core.StandardWrapperValve.invoke(StandardWrapperValve.java:165) ~[tomcat-embed-core-10.1.49.jar:10.1.49]
	at org.apache.catalina.core.StandardContextValve.invoke(StandardContextValve.java:88) ~[tomcat-embed-core-10.1.49.jar:10.1.49]
	at org.apache.catalina.authenticator.AuthenticatorBase.invoke(AuthenticatorBase.java:482) ~[tomcat-embed-core-10.1.49.jar:10.1.49]
	at org.apache.catalina.core.StandardHostValve.invoke(StandardHostValve.java:113) ~[tomcat-embed-core-10.1.49.jar:10.1.49]
	at org.apache.catalina.valves.ErrorReportValve.invoke(ErrorReportValve.java:83) ~[tomcat-embed-core-10.1.49.jar:10.1.49]
	at org.apache.catalina.core.StandardEngineValve.invoke(StandardEngineValve.java:72) ~[tomcat-embed-core-10.1.49.jar:10.1.49]
	at org.apache.catalina.connector.CoyoteAdapter.service(CoyoteAdapter.java:342) ~[tomcat-embed-core-10.1.49.jar:10.1.49]
	at org.apache.coyote.http11.Http11Processor.service(Http11Processor.java:399) ~[tomcat-embed-core-10.1.49.jar:10.1.49]
	at org.apache.coyote.AbstractProcessorLight.process(AbstractProcessorLight.java:63) ~[tomcat-embed-core-10.1.49.jar:10.1.49]
	at org.apache.coyote.AbstractProtocol$ConnectionHandler.process(AbstractProtocol.java:903) ~[tomcat-embed-core-10.1.49.jar:10.1.49]
	at org.apache.tomcat.util.net.NioEndpoint$SocketProcessor.doRun(NioEndpoint.java:1774) ~[tomcat-embed-core-10.1.49.jar:10.1.49]
	at org.apache.tomcat.util.net.SocketProcessorBase.run(SocketProcessorBase.java:52) ~[tomcat-embed-core-10.1.49.jar:10.1.49]
	at java.base/java.lang.VirtualThread.run(VirtualThread.java:329) ~[?:?]
14:48:52.390 [tomcat-handler-0] ERROR ServiceExceptionHandler - No static resource api/clients/dummy.
org.springframework.web.servlet.resource.NoResourceFoundException: No static resource api/clients/dummy.
	at org.springframework.web.servlet.resource.ResourceHttpRequestHandler.handleRequest(ResourceHttpRequestHandler.java:585) ~[spring-webmvc-6.2.14.jar:6.2.14]
	at org.springframework.web.servlet.mvc.HttpRequestHandlerAdapter.handle(HttpRequestHandlerAdapter.java:52) ~[spring-webmvc-6.2.14.jar:6.2.14]
	at org.springframework.web.servlet.DispatcherServlet.doDispatch(DispatcherServlet.java:1089) ~[spring-webmvc-6.2.14.jar:6.2.14]
	at org.springframework.web.servlet.DispatcherServlet.doService(DispatcherServlet.java:979) ~[spring-webmvc-6.2.14.jar:6.2.14]
	at org.springframework.web.servlet.FrameworkServlet.processRequest(FrameworkServlet.java:1014) ~[spring-webmvc-6.2.14.jar:6.2.14]
	at org.springframework.web.servlet.FrameworkServlet.doPost(FrameworkServlet.java:914) ~[spring-webmvc-6.2.14.jar:6.2.14]
	at jakarta.servlet.http.HttpServlet.service(HttpServlet.java:590) ~[tomcat-embed-core-10.1.49.jar:6.0]
	at org.springframework.web.servlet.FrameworkServlet.service(FrameworkServlet.java:885) ~[spring-webmvc-6.2.14.jar:6.2.14]
	at jakarta.servlet.http.HttpServlet.service(HttpServlet.java:658) ~[tomcat-embed-core-10.1.49.jar:6.0]
	at org.apache.catalina.core.ApplicationFilterChain.internalDoFilter(ApplicationFilterChain.java:193) ~[tomcat-embed-core-10.1.49.jar:10.1.49]
	at org.apache.catalina.core.ApplicationFilterChain.doFilter(ApplicationFilterChain.java:138) ~[tomcat-embed-core-10.1.49.jar:10.1.49]
	at org.apache.tomcat.websocket.server.WsFilter.doFilter(WsFilter.java:51) ~[tomcat-embed-websocket-10.1.49.jar:10.1.49]
	at org.apache.catalina.core.ApplicationFilterChain.internalDoFilter(ApplicationFilterChain.java:162) ~[tomcat-embed-core-10.1.49.jar:10.1.49]
	at org.apache.catalina.core.ApplicationFilterChain.doFilter(ApplicationFilterChain.java:138) ~[tomcat-embed-core-10.1.49.jar:10.1.49]
	at org.springframework.web.filter.CompositeFilter$VirtualFilterChain.doFilter(CompositeFilter.java:108) ~[spring-web-6.2.14.jar:6.2.14]
	at org.springframework.web.filter.CompositeFilter$VirtualFilterChain.doFilter(CompositeFilter.java:108) ~[spring-web-6.2.14.jar:6.2.14]
	at org.springframework.security.web.FilterChainProxy.lambda$doFilterInternal$3(FilterChainProxy.java:231) ~[spring-security-web-6.5.7.jar:6.5.7]
	at org.springframework.security.web.FilterChainProxy$VirtualFilterChain.doFilter(FilterChainProxy.java:365) ~[spring-security-web-6.5.7.jar:6.5.7]
	at org.springframework.security.web.access.intercept.AuthorizationFilter.doFilter(AuthorizationFilter.java:101) ~[spring-security-web-6.5.7.jar:6.5.7]
	at org.springframework.security.web.FilterChainProxy$VirtualFilterChain.doFilter(FilterChainProxy.java:374) ~[spring-security-web-6.5.7.jar:6.5.7]
	at org.springframework.security.web.access.ExceptionTranslationFilter.doFilter(ExceptionTranslationFilter.java:125) ~[spring-security-web-6.5.7.jar:6.5.7]
	at org.springframework.security.web.access.ExceptionTranslationFilter.doFilter(ExceptionTranslationFilter.java:119) ~[spring-security-web-6.5.7.jar:6.5.7]
	at org.springframework.security.web.FilterChainProxy$VirtualFilterChain.doFilter(FilterChainProxy.java:374) ~[spring-security-web-6.5.7.jar:6.5.7]
	at org.springframework.security.web.authentication.AnonymousAuthenticationFilter.doFilter(AnonymousAuthenticationFilter.java:100) ~[spring-security-web-6.5.7.jar:6.5.7]
	at org.springframework.security.web.FilterChainProxy$VirtualFilterChain.doFilter(FilterChainProxy.java:374) ~[spring-security-web-6.5.7.jar:6.5.7]
	at org.springframework.security.web.servletapi.SecurityContextHolderAwareRequestFilter.doFilter(SecurityContextHolderAwareRequestFilter.java:179) ~[spring-security-web-6.5.7.jar:6.5.7]
	at org.springframework.security.web.FilterChainProxy$VirtualFilterChain.doFilter(FilterChainProxy.java:374) ~[spring-security-web-6.5.7.jar:6.5.7]
	at org.springframework.security.web.savedrequest.RequestCacheAwareFilter.doFilter(RequestCacheAwareFilter.java:63) ~[spring-security-web-6.5.7.jar:6.5.7]
	at org.springframework.security.web.FilterChainProxy$VirtualFilterChain.doFilter(FilterChainProxy.java:374) ~[spring-security-web-6.5.7.jar:6.5.7]
	at org.springframework.security.web.authentication.AuthenticationFilter.doFilterInternal(AuthenticationFilter.java:177) ~[spring-security-web-6.5.7.jar:6.5.7]
	at org.springframework.web.filter.OncePerRequestFilter.doFilter(OncePerRequestFilter.java:116) ~[spring-web-6.2.14.jar:6.2.14]
	at org.springframework.security.web.FilterChainProxy$VirtualFilterChain.doFilter(FilterChainProxy.java:374) ~[spring-security-web-6.5.7.jar:6.5.7]
	at org.springframework.security.oauth2.server.resource.web.authentication.BearerTokenAuthenticationFilter.doFilterInternal(BearerTokenAuthenticationFilter.java:158) ~[spring-security-oauth2-resource-server-6.5.7.jar:6.5.7]
	at org.springframework.web.filter.OncePerRequestFilter.doFilter(OncePerRequestFilter.java:116) ~[spring-web-6.2.14.jar:6.2.14]
	at org.springframework.security.web.FilterChainProxy$VirtualFilterChain.doFilter(FilterChainProxy.java:374) ~[spring-security-web-6.5.7.jar:6.5.7]
	at org.springframework.security.web.authentication.logout.LogoutFilter.doFilter(LogoutFilter.java:107) ~[spring-security-web-6.5.7.jar:6.5.7]
	at org.springframework.security.web.authentication.logout.LogoutFilter.doFilter(LogoutFilter.java:93) ~[spring-security-web-6.5.7.jar:6.5.7]
	at org.springframework.security.web.FilterChainProxy$VirtualFilterChain.doFilter(FilterChainProxy.java:374) ~[spring-security-web-6.5.7.jar:6.5.7]
	at org.springframework.security.web.csrf.CsrfFilter.doFilterInternal(CsrfFilter.java:117) ~[spring-security-web-6.5.7.jar:6.5.7]
	at org.springframework.web.filter.OncePerRequestFilter.doFilter(OncePerRequestFilter.java:116) ~[spring-web-6.2.14.jar:6.2.14]
	at org.springframework.security.web.FilterChainProxy$VirtualFilterChain.doFilter(FilterChainProxy.java:374) ~[spring-security-web-6.5.7.jar:6.5.7]
	at org.springframework.security.web.header.HeaderWriterFilter.doHeadersAfter(HeaderWriterFilter.java:90) ~[spring-security-web-6.5.7.jar:6.5.7]
	at org.springframework.security.web.header.HeaderWriterFilter.doFilterInternal(HeaderWriterFilter.java:75) ~[spring-security-web-6.5.7.jar:6.5.7]
	at org.springframework.web.filter.OncePerRequestFilter.doFilter(OncePerRequestFilter.java:116) ~[spring-web-6.2.14.jar:6.2.14]
	at org.springframework.security.web.FilterChainProxy$VirtualFilterChain.doFilter(FilterChainProxy.java:374) ~[spring-security-web-6.5.7.jar:6.5.7]
	at org.springframework.security.web.context.SecurityContextHolderFilter.doFilter(SecurityContextHolderFilter.java:82) ~[spring-security-web-6.5.7.jar:6.5.7]
	at org.springframework.security.web.context.SecurityContextHolderFilter.doFilter(SecurityContextHolderFilter.java:69) ~[spring-security-web-6.5.7.jar:6.5.7]
	at org.springframework.security.web.FilterChainProxy$VirtualFilterChain.doFilter(FilterChainProxy.java:374) ~[spring-security-web-6.5.7.jar:6.5.7]
	at org.springframework.security.web.context.request.async.WebAsyncManagerIntegrationFilter.doFilterInternal(WebAsyncManagerIntegrationFilter.java:62) ~[spring-security-web-6.5.7.jar:6.5.7]
	at org.springframework.web.filter.OncePerRequestFilter.doFilter(OncePerRequestFilter.java:116) ~[spring-web-6.2.14.jar:6.2.14]
	at org.springframework.security.web.FilterChainProxy$VirtualFilterChain.doFilter(FilterChainProxy.java:374) ~[spring-security-web-6.5.7.jar:6.5.7]
	at org.springframework.security.web.session.DisableEncodeUrlFilter.doFilterInternal(DisableEncodeUrlFilter.java:42) ~[spring-security-web-6.5.7.jar:6.5.7]
	at org.springframework.web.filter.OncePerRequestFilter.doFilter(OncePerRequestFilter.java:116) ~[spring-web-6.2.14.jar:6.2.14]
	at org.springframework.security.web.FilterChainProxy$VirtualFilterChain.doFilter(FilterChainProxy.java:374) ~[spring-security-web-6.5.7.jar:6.5.7]
	at org.springframework.security.web.FilterChainProxy.doFilterInternal(FilterChainProxy.java:233) ~[spring-security-web-6.5.7.jar:6.5.7]
	at org.springframework.security.web.FilterChainProxy.doFilter(FilterChainProxy.java:191) ~[spring-security-web-6.5.7.jar:6.5.7]
	at org.springframework.web.filter.CompositeFilter$VirtualFilterChain.doFilter(CompositeFilter.java:113) ~[spring-web-6.2.14.jar:6.2.14]
	at org.springframework.web.filter.ServletRequestPathFilter.doFilter(ServletRequestPathFilter.java:52) ~[spring-web-6.2.14.jar:6.2.14]
	at org.springframework.web.filter.CompositeFilter$VirtualFilterChain.doFilter(CompositeFilter.java:113) ~[spring-web-6.2.14.jar:6.2.14]
	at org.springframework.web.filter.CompositeFilter.doFilter(CompositeFilter.java:74) ~[spring-web-6.2.14.jar:6.2.14]
	at org.springframework.security.config.annotation.web.configuration.WebSecurityConfiguration$CompositeFilterChainProxy.doFilter(WebSecurityConfiguration.java:319) ~[spring-security-config-6.5.7.jar:6.5.7]
	at org.springframework.web.filter.CompositeFilter$VirtualFilterChain.doFilter(CompositeFilter.java:113) ~[spring-web-6.2.14.jar:6.2.14]
	at org.springframework.web.servlet.handler.HandlerMappingIntrospector.lambda$createCacheFilter$4(HandlerMappingIntrospector.java:267) ~[spring-webmvc-6.2.14.jar:6.2.14]
	at org.springframework.web.filter.CompositeFilter$VirtualFilterChain.doFilter(CompositeFilter.java:113) ~[spring-web-6.2.14.jar:6.2.14]
	at org.springframework.web.filter.CompositeFilter.doFilter(CompositeFilter.java:74) ~[spring-web-6.2.14.jar:6.2.14]
	at org.springframework.security.config.annotation.web.configuration.WebMvcSecurityConfiguration$CompositeFilterChainProxy.doFilter(WebMvcSecurityConfiguration.java:240) ~[spring-security-config-6.5.7.jar:6.5.7]
	at org.springframework.web.filter.DelegatingFilterProxy.invokeDelegate(DelegatingFilterProxy.java:362) ~[spring-web-6.2.14.jar:6.2.14]
	at org.springframework.web.filter.DelegatingFilterProxy.doFilter(DelegatingFilterProxy.java:278) ~[spring-web-6.2.14.jar:6.2.14]
	at org.apache.catalina.core.ApplicationFilterChain.internalDoFilter(ApplicationFilterChain.java:162) ~[tomcat-embed-core-10.1.49.jar:10.1.49]
	at org.apache.catalina.core.ApplicationFilterChain.doFilter(ApplicationFilterChain.java:138) ~[tomcat-embed-core-10.1.49.jar:10.1.49]
	at org.springframework.web.filter.RequestContextFilter.doFilterInternal(RequestContextFilter.java:100) ~[spring-web-6.2.14.jar:6.2.14]
	at org.springframework.web.filter.OncePerRequestFilter.doFilter(OncePerRequestFilter.java:116) ~[spring-web-6.2.14.jar:6.2.14]
	at org.apache.catalina.core.ApplicationFilterChain.internalDoFilter(ApplicationFilterChain.java:162) ~[tomcat-embed-core-10.1.49.jar:10.1.49]
	at org.apache.catalina.core.ApplicationFilterChain.doFilter(ApplicationFilterChain.java:138) ~[tomcat-embed-core-10.1.49.jar:10.1.49]
	at org.springframework.web.filter.FormContentFilter.doFilterInternal(FormContentFilter.java:93) ~[spring-web-6.2.14.jar:6.2.14]
	at org.springframework.web.filter.OncePerRequestFilter.doFilter(OncePerRequestFilter.java:116) ~[spring-web-6.2.14.jar:6.2.14]
	at org.apache.catalina.core.ApplicationFilterChain.internalDoFilter(ApplicationFilterChain.java:162) ~[tomcat-embed-core-10.1.49.jar:10.1.49]
	at org.apache.catalina.core.ApplicationFilterChain.doFilter(ApplicationFilterChain.java:138) ~[tomcat-embed-core-10.1.49.jar:10.1.49]
	at org.springframework.web.filter.CharacterEncodingFilter.doFilterInternal(CharacterEncodingFilter.java:201) ~[spring-web-6.2.14.jar:6.2.14]
	at org.springframework.web.filter.OncePerRequestFilter.doFilter(OncePerRequestFilter.java:116) ~[spring-web-6.2.14.jar:6.2.14]
	at org.apache.catalina.core.ApplicationFilterChain.internalDoFilter(ApplicationFilterChain.java:162) ~[tomcat-embed-core-10.1.49.jar:10.1.49]
	at org.apache.catalina.core.ApplicationFilterChain.doFilter(ApplicationFilterChain.java:138) ~[tomcat-embed-core-10.1.49.jar:10.1.49]
	at org.apache.catalina.core.StandardWrapperValve.invoke(StandardWrapperValve.java:165) ~[tomcat-embed-core-10.1.49.jar:10.1.49]
	at org.apache.catalina.core.StandardContextValve.invoke(StandardContextValve.java:88) ~[tomcat-embed-core-10.1.49.jar:10.1.49]
	at org.apache.catalina.authenticator.AuthenticatorBase.invoke(AuthenticatorBase.java:482) ~[tomcat-embed-core-10.1.49.jar:10.1.49]
	at org.apache.catalina.core.StandardHostValve.invoke(StandardHostValve.java:113) ~[tomcat-embed-core-10.1.49.jar:10.1.49]
	at org.apache.catalina.valves.ErrorReportValve.invoke(ErrorReportValve.java:83) ~[tomcat-embed-core-10.1.49.jar:10.1.49]
	at org.apache.catalina.core.StandardEngineValve.invoke(StandardEngineValve.java:72) ~[tomcat-embed-core-10.1.49.jar:10.1.49]
	at org.apache.catalina.connector.CoyoteAdapter.service(CoyoteAdapter.java:342) ~[tomcat-embed-core-10.1.49.jar:10.1.49]
	at org.apache.coyote.http11.Http11Processor.service(Http11Processor.java:399) ~[tomcat-embed-core-10.1.49.jar:10.1.49]
	at org.apache.coyote.AbstractProcessorLight.process(AbstractProcessorLight.java:63) ~[tomcat-embed-core-10.1.49.jar:10.1.49]
	at org.apache.coyote.AbstractProtocol$ConnectionHandler.process(AbstractProtocol.java:903) ~[tomcat-embed-core-10.1.49.jar:10.1.49]
	at org.apache.tomcat.util.net.NioEndpoint$SocketProcessor.doRun(NioEndpoint.java:1774) ~[tomcat-embed-core-10.1.49.jar:10.1.49]
	at org.apache.tomcat.util.net.SocketProcessorBase.run(SocketProcessorBase.java:52) ~[tomcat-embed-core-10.1.49.jar:10.1.49]
	at java.base/java.lang.VirtualThread.run(VirtualThread.java:329) ~[?:?]
14:50:48.342 [tomcat-handler-3] ERROR ServiceExceptionHandler - No static resource api/clients/dummy.
org.springframework.web.servlet.resource.NoResourceFoundException: No static resource api/clients/dummy.
	at org.springframework.web.servlet.resource.ResourceHttpRequestHandler.handleRequest(ResourceHttpRequestHandler.java:585) ~[spring-webmvc-6.2.14.jar:6.2.14]
	at org.springframework.web.servlet.mvc.HttpRequestHandlerAdapter.handle(HttpRequestHandlerAdapter.java:52) ~[spring-webmvc-6.2.14.jar:6.2.14]
	at org.springframework.web.servlet.DispatcherServlet.doDispatch(DispatcherServlet.java:1089) ~[spring-webmvc-6.2.14.jar:6.2.14]
	at org.springframework.web.servlet.DispatcherServlet.doService(DispatcherServlet.java:979) ~[spring-webmvc-6.2.14.jar:6.2.14]
	at org.springframework.web.servlet.FrameworkServlet.processRequest(FrameworkServlet.java:1014) ~[spring-webmvc-6.2.14.jar:6.2.14]
	at org.springframework.web.servlet.FrameworkServlet.doGet(FrameworkServlet.java:903) ~[spring-webmvc-6.2.14.jar:6.2.14]
	at jakarta.servlet.http.HttpServlet.service(HttpServlet.java:564) ~[tomcat-embed-core-10.1.49.jar:6.0]
	at org.springframework.web.servlet.FrameworkServlet.service(FrameworkServlet.java:885) ~[spring-webmvc-6.2.14.jar:6.2.14]
	at jakarta.servlet.http.HttpServlet.service(HttpServlet.java:658) ~[tomcat-embed-core-10.1.49.jar:6.0]
	at org.apache.catalina.core.ApplicationFilterChain.internalDoFilter(ApplicationFilterChain.java:193) ~[tomcat-embed-core-10.1.49.jar:10.1.49]
	at org.apache.catalina.core.ApplicationFilterChain.doFilter(ApplicationFilterChain.java:138) ~[tomcat-embed-core-10.1.49.jar:10.1.49]
	at org.apache.tomcat.websocket.server.WsFilter.doFilter(WsFilter.java:51) ~[tomcat-embed-websocket-10.1.49.jar:10.1.49]
	at org.apache.catalina.core.ApplicationFilterChain.internalDoFilter(ApplicationFilterChain.java:162) ~[tomcat-embed-core-10.1.49.jar:10.1.49]
	at org.apache.catalina.core.ApplicationFilterChain.doFilter(ApplicationFilterChain.java:138) ~[tomcat-embed-core-10.1.49.jar:10.1.49]
	at org.springframework.web.filter.CompositeFilter$VirtualFilterChain.doFilter(CompositeFilter.java:108) ~[spring-web-6.2.14.jar:6.2.14]
	at org.springframework.web.filter.CompositeFilter$VirtualFilterChain.doFilter(CompositeFilter.java:108) ~[spring-web-6.2.14.jar:6.2.14]
	at org.springframework.security.web.FilterChainProxy.lambda$doFilterInternal$3(FilterChainProxy.java:231) ~[spring-security-web-6.5.7.jar:6.5.7]
	at org.springframework.security.web.FilterChainProxy$VirtualFilterChain.doFilter(FilterChainProxy.java:365) ~[spring-security-web-6.5.7.jar:6.5.7]
	at org.springframework.security.web.access.intercept.AuthorizationFilter.doFilter(AuthorizationFilter.java:101) ~[spring-security-web-6.5.7.jar:6.5.7]
	at org.springframework.security.web.FilterChainProxy$VirtualFilterChain.doFilter(FilterChainProxy.java:374) ~[spring-security-web-6.5.7.jar:6.5.7]
	at org.springframework.security.web.access.ExceptionTranslationFilter.doFilter(ExceptionTranslationFilter.java:125) ~[spring-security-web-6.5.7.jar:6.5.7]
	at org.springframework.security.web.access.ExceptionTranslationFilter.doFilter(ExceptionTranslationFilter.java:119) ~[spring-security-web-6.5.7.jar:6.5.7]
	at org.springframework.security.web.FilterChainProxy$VirtualFilterChain.doFilter(FilterChainProxy.java:374) ~[spring-security-web-6.5.7.jar:6.5.7]
	at org.springframework.security.web.authentication.AnonymousAuthenticationFilter.doFilter(AnonymousAuthenticationFilter.java:100) ~[spring-security-web-6.5.7.jar:6.5.7]
	at org.springframework.security.web.FilterChainProxy$VirtualFilterChain.doFilter(FilterChainProxy.java:374) ~[spring-security-web-6.5.7.jar:6.5.7]
	at org.springframework.security.web.servletapi.SecurityContextHolderAwareRequestFilter.doFilter(SecurityContextHolderAwareRequestFilter.java:179) ~[spring-security-web-6.5.7.jar:6.5.7]
	at org.springframework.security.web.FilterChainProxy$VirtualFilterChain.doFilter(FilterChainProxy.java:374) ~[spring-security-web-6.5.7.jar:6.5.7]
	at org.springframework.security.web.savedrequest.RequestCacheAwareFilter.doFilter(RequestCacheAwareFilter.java:63) ~[spring-security-web-6.5.7.jar:6.5.7]
	at org.springframework.security.web.FilterChainProxy$VirtualFilterChain.doFilter(FilterChainProxy.java:374) ~[spring-security-web-6.5.7.jar:6.5.7]
	at org.springframework.security.web.authentication.AuthenticationFilter.doFilterInternal(AuthenticationFilter.java:177) ~[spring-security-web-6.5.7.jar:6.5.7]
	at org.springframework.web.filter.OncePerRequestFilter.doFilter(OncePerRequestFilter.java:116) ~[spring-web-6.2.14.jar:6.2.14]
	at org.springframework.security.web.FilterChainProxy$VirtualFilterChain.doFilter(FilterChainProxy.java:374) ~[spring-security-web-6.5.7.jar:6.5.7]
	at org.springframework.security.oauth2.server.resource.web.authentication.BearerTokenAuthenticationFilter.doFilterInternal(BearerTokenAuthenticationFilter.java:158) ~[spring-security-oauth2-resource-server-6.5.7.jar:6.5.7]
	at org.springframework.web.filter.OncePerRequestFilter.doFilter(OncePerRequestFilter.java:116) ~[spring-web-6.2.14.jar:6.2.14]
	at org.springframework.security.web.FilterChainProxy$VirtualFilterChain.doFilter(FilterChainProxy.java:374) ~[spring-security-web-6.5.7.jar:6.5.7]
	at org.springframework.security.web.authentication.logout.LogoutFilter.doFilter(LogoutFilter.java:107) ~[spring-security-web-6.5.7.jar:6.5.7]
	at org.springframework.security.web.authentication.logout.LogoutFilter.doFilter(LogoutFilter.java:93) ~[spring-security-web-6.5.7.jar:6.5.7]
	at org.springframework.security.web.FilterChainProxy$VirtualFilterChain.doFilter(FilterChainProxy.java:374) ~[spring-security-web-6.5.7.jar:6.5.7]
	at org.springframework.security.web.csrf.CsrfFilter.doFilterInternal(CsrfFilter.java:117) ~[spring-security-web-6.5.7.jar:6.5.7]
	at org.springframework.web.filter.OncePerRequestFilter.doFilter(OncePerRequestFilter.java:116) ~[spring-web-6.2.14.jar:6.2.14]
	at org.springframework.security.web.FilterChainProxy$VirtualFilterChain.doFilter(FilterChainProxy.java:374) ~[spring-security-web-6.5.7.jar:6.5.7]
	at org.springframework.security.web.header.HeaderWriterFilter.doHeadersAfter(HeaderWriterFilter.java:90) ~[spring-security-web-6.5.7.jar:6.5.7]
	at org.springframework.security.web.header.HeaderWriterFilter.doFilterInternal(HeaderWriterFilter.java:75) ~[spring-security-web-6.5.7.jar:6.5.7]
	at org.springframework.web.filter.OncePerRequestFilter.doFilter(OncePerRequestFilter.java:116) ~[spring-web-6.2.14.jar:6.2.14]
	at org.springframework.security.web.FilterChainProxy$VirtualFilterChain.doFilter(FilterChainProxy.java:374) ~[spring-security-web-6.5.7.jar:6.5.7]
	at org.springframework.security.web.context.SecurityContextHolderFilter.doFilter(SecurityContextHolderFilter.java:82) ~[spring-security-web-6.5.7.jar:6.5.7]
	at org.springframework.security.web.context.SecurityContextHolderFilter.doFilter(SecurityContextHolderFilter.java:69) ~[spring-security-web-6.5.7.jar:6.5.7]
	at org.springframework.security.web.FilterChainProxy$VirtualFilterChain.doFilter(FilterChainProxy.java:374) ~[spring-security-web-6.5.7.jar:6.5.7]
	at org.springframework.security.web.context.request.async.WebAsyncManagerIntegrationFilter.doFilterInternal(WebAsyncManagerIntegrationFilter.java:62) ~[spring-security-web-6.5.7.jar:6.5.7]
	at org.springframework.web.filter.OncePerRequestFilter.doFilter(OncePerRequestFilter.java:116) ~[spring-web-6.2.14.jar:6.2.14]
	at org.springframework.security.web.FilterChainProxy$VirtualFilterChain.doFilter(FilterChainProxy.java:374) ~[spring-security-web-6.5.7.jar:6.5.7]
	at org.springframework.security.web.session.DisableEncodeUrlFilter.doFilterInternal(DisableEncodeUrlFilter.java:42) ~[spring-security-web-6.5.7.jar:6.5.7]
	at org.springframework.web.filter.OncePerRequestFilter.doFilter(OncePerRequestFilter.java:116) ~[spring-web-6.2.14.jar:6.2.14]
	at org.springframework.security.web.FilterChainProxy$VirtualFilterChain.doFilter(FilterChainProxy.java:374) ~[spring-security-web-6.5.7.jar:6.5.7]
	at org.springframework.security.web.FilterChainProxy.doFilterInternal(FilterChainProxy.java:233) ~[spring-security-web-6.5.7.jar:6.5.7]
	at org.springframework.security.web.FilterChainProxy.doFilter(FilterChainProxy.java:191) ~[spring-security-web-6.5.7.jar:6.5.7]
	at org.springframework.web.filter.CompositeFilter$VirtualFilterChain.doFilter(CompositeFilter.java:113) ~[spring-web-6.2.14.jar:6.2.14]
	at org.springframework.web.filter.ServletRequestPathFilter.doFilter(ServletRequestPathFilter.java:52) ~[spring-web-6.2.14.jar:6.2.14]
	at org.springframework.web.filter.CompositeFilter$VirtualFilterChain.doFilter(CompositeFilter.java:113) ~[spring-web-6.2.14.jar:6.2.14]
	at org.springframework.web.filter.CompositeFilter.doFilter(CompositeFilter.java:74) ~[spring-web-6.2.14.jar:6.2.14]
	at org.springframework.security.config.annotation.web.configuration.WebSecurityConfiguration$CompositeFilterChainProxy.doFilter(WebSecurityConfiguration.java:319) ~[spring-security-config-6.5.7.jar:6.5.7]
	at org.springframework.web.filter.CompositeFilter$VirtualFilterChain.doFilter(CompositeFilter.java:113) ~[spring-web-6.2.14.jar:6.2.14]
	at org.springframework.web.servlet.handler.HandlerMappingIntrospector.lambda$createCacheFilter$4(HandlerMappingIntrospector.java:267) ~[spring-webmvc-6.2.14.jar:6.2.14]
	at org.springframework.web.filter.CompositeFilter$VirtualFilterChain.doFilter(CompositeFilter.java:113) ~[spring-web-6.2.14.jar:6.2.14]
	at org.springframework.web.filter.CompositeFilter.doFilter(CompositeFilter.java:74) ~[spring-web-6.2.14.jar:6.2.14]
	at org.springframework.security.config.annotation.web.configuration.WebMvcSecurityConfiguration$CompositeFilterChainProxy.doFilter(WebMvcSecurityConfiguration.java:240) ~[spring-security-config-6.5.7.jar:6.5.7]
	at org.springframework.web.filter.DelegatingFilterProxy.invokeDelegate(DelegatingFilterProxy.java:362) ~[spring-web-6.2.14.jar:6.2.14]
	at org.springframework.web.filter.DelegatingFilterProxy.doFilter(DelegatingFilterProxy.java:278) ~[spring-web-6.2.14.jar:6.2.14]
	at org.apache.catalina.core.ApplicationFilterChain.internalDoFilter(ApplicationFilterChain.java:162) ~[tomcat-embed-core-10.1.49.jar:10.1.49]
	at org.apache.catalina.core.ApplicationFilterChain.doFilter(ApplicationFilterChain.java:138) ~[tomcat-embed-core-10.1.49.jar:10.1.49]
	at org.springframework.web.filter.RequestContextFilter.doFilterInternal(RequestContextFilter.java:100) ~[spring-web-6.2.14.jar:6.2.14]
	at org.springframework.web.filter.OncePerRequestFilter.doFilter(OncePerRequestFilter.java:116) ~[spring-web-6.2.14.jar:6.2.14]
	at org.apache.catalina.core.ApplicationFilterChain.internalDoFilter(ApplicationFilterChain.java:162) ~[tomcat-embed-core-10.1.49.jar:10.1.49]
	at org.apache.catalina.core.ApplicationFilterChain.doFilter(ApplicationFilterChain.java:138) ~[tomcat-embed-core-10.1.49.jar:10.1.49]
	at org.springframework.web.filter.FormContentFilter.doFilterInternal(FormContentFilter.java:93) ~[spring-web-6.2.14.jar:6.2.14]
	at org.springframework.web.filter.OncePerRequestFilter.doFilter(OncePerRequestFilter.java:116) ~[spring-web-6.2.14.jar:6.2.14]
	at org.apache.catalina.core.ApplicationFilterChain.internalDoFilter(ApplicationFilterChain.java:162) ~[tomcat-embed-core-10.1.49.jar:10.1.49]
	at org.apache.catalina.core.ApplicationFilterChain.doFilter(ApplicationFilterChain.java:138) ~[tomcat-embed-core-10.1.49.jar:10.1.49]
	at org.springframework.web.filter.CharacterEncodingFilter.doFilterInternal(CharacterEncodingFilter.java:201) ~[spring-web-6.2.14.jar:6.2.14]
	at org.springframework.web.filter.OncePerRequestFilter.doFilter(OncePerRequestFilter.java:116) ~[spring-web-6.2.14.jar:6.2.14]
	at org.apache.catalina.core.ApplicationFilterChain.internalDoFilter(ApplicationFilterChain.java:162) ~[tomcat-embed-core-10.1.49.jar:10.1.49]
	at org.apache.catalina.core.ApplicationFilterChain.doFilter(ApplicationFilterChain.java:138) ~[tomcat-embed-core-10.1.49.jar:10.1.49]
	at org.apache.catalina.core.StandardWrapperValve.invoke(StandardWrapperValve.java:165) ~[tomcat-embed-core-10.1.49.jar:10.1.49]
	at org.apache.catalina.core.StandardContextValve.invoke(StandardContextValve.java:88) ~[tomcat-embed-core-10.1.49.jar:10.1.49]
	at org.apache.catalina.authenticator.AuthenticatorBase.invoke(AuthenticatorBase.java:482) ~[tomcat-embed-core-10.1.49.jar:10.1.49]
	at org.apache.catalina.core.StandardHostValve.invoke(StandardHostValve.java:113) ~[tomcat-embed-core-10.1.49.jar:10.1.49]
	at org.apache.catalina.valves.ErrorReportValve.invoke(ErrorReportValve.java:83) ~[tomcat-embed-core-10.1.49.jar:10.1.49]
	at org.apache.catalina.core.StandardEngineValve.invoke(StandardEngineValve.java:72) ~[tomcat-embed-core-10.1.49.jar:10.1.49]
	at org.apache.catalina.connector.CoyoteAdapter.service(CoyoteAdapter.java:342) ~[tomcat-embed-core-10.1.49.jar:10.1.49]
	at org.apache.coyote.http11.Http11Processor.service(Http11Processor.java:399) ~[tomcat-embed-core-10.1.49.jar:10.1.49]
	at org.apache.coyote.AbstractProcessorLight.process(AbstractProcessorLight.java:63) ~[tomcat-embed-core-10.1.49.jar:10.1.49]
	at org.apache.coyote.AbstractProtocol$ConnectionHandler.process(AbstractProtocol.java:903) ~[tomcat-embed-core-10.1.49.jar:10.1.49]
	at org.apache.tomcat.util.net.NioEndpoint$SocketProcessor.doRun(NioEndpoint.java:1774) ~[tomcat-embed-core-10.1.49.jar:10.1.49]
	at org.apache.tomcat.util.net.SocketProcessorBase.run(SocketProcessorBase.java:52) ~[tomcat-embed-core-10.1.49.jar:10.1.49]
	at java.base/java.lang.VirtualThread.run(VirtualThread.java:329) ~[?:?]
14:50:49.689 [tomcat-handler-5] ERROR ServiceExceptionHandler - No static resource api/clients/dummy.
org.springframework.web.servlet.resource.NoResourceFoundException: No static resource api/clients/dummy.
	at org.springframework.web.servlet.resource.ResourceHttpRequestHandler.handleRequest(ResourceHttpRequestHandler.java:585) ~[spring-webmvc-6.2.14.jar:6.2.14]
	at org.springframework.web.servlet.mvc.HttpRequestHandlerAdapter.handle(HttpRequestHandlerAdapter.java:52) ~[spring-webmvc-6.2.14.jar:6.2.14]
	at org.springframework.web.servlet.DispatcherServlet.doDispatch(DispatcherServlet.java:1089) ~[spring-webmvc-6.2.14.jar:6.2.14]
	at org.springframework.web.servlet.DispatcherServlet.doService(DispatcherServlet.java:979) ~[spring-webmvc-6.2.14.jar:6.2.14]
	at org.springframework.web.servlet.FrameworkServlet.processRequest(FrameworkServlet.java:1014) ~[spring-webmvc-6.2.14.jar:6.2.14]
	at org.springframework.web.servlet.FrameworkServlet.doGet(FrameworkServlet.java:903) ~[spring-webmvc-6.2.14.jar:6.2.14]
	at jakarta.servlet.http.HttpServlet.service(HttpServlet.java:564) ~[tomcat-embed-core-10.1.49.jar:6.0]
	at org.springframework.web.servlet.FrameworkServlet.service(FrameworkServlet.java:885) ~[spring-webmvc-6.2.14.jar:6.2.14]
	at jakarta.servlet.http.HttpServlet.service(HttpServlet.java:658) ~[tomcat-embed-core-10.1.49.jar:6.0]
	at org.apache.catalina.core.ApplicationFilterChain.internalDoFilter(ApplicationFilterChain.java:193) ~[tomcat-embed-core-10.1.49.jar:10.1.49]
	at org.apache.catalina.core.ApplicationFilterChain.doFilter(ApplicationFilterChain.java:138) ~[tomcat-embed-core-10.1.49.jar:10.1.49]
	at org.apache.tomcat.websocket.server.WsFilter.doFilter(WsFilter.java:51) ~[tomcat-embed-websocket-10.1.49.jar:10.1.49]
	at org.apache.catalina.core.ApplicationFilterChain.internalDoFilter(ApplicationFilterChain.java:162) ~[tomcat-embed-core-10.1.49.jar:10.1.49]
	at org.apache.catalina.core.ApplicationFilterChain.doFilter(ApplicationFilterChain.java:138) ~[tomcat-embed-core-10.1.49.jar:10.1.49]
	at org.springframework.web.filter.CompositeFilter$VirtualFilterChain.doFilter(CompositeFilter.java:108) ~[spring-web-6.2.14.jar:6.2.14]
	at org.springframework.web.filter.CompositeFilter$VirtualFilterChain.doFilter(CompositeFilter.java:108) ~[spring-web-6.2.14.jar:6.2.14]
	at org.springframework.security.web.FilterChainProxy.lambda$doFilterInternal$3(FilterChainProxy.java:231) ~[spring-security-web-6.5.7.jar:6.5.7]
	at org.springframework.security.web.FilterChainProxy$VirtualFilterChain.doFilter(FilterChainProxy.java:365) ~[spring-security-web-6.5.7.jar:6.5.7]
	at org.springframework.security.web.access.intercept.AuthorizationFilter.doFilter(AuthorizationFilter.java:101) ~[spring-security-web-6.5.7.jar:6.5.7]
	at org.springframework.security.web.FilterChainProxy$VirtualFilterChain.doFilter(FilterChainProxy.java:374) ~[spring-security-web-6.5.7.jar:6.5.7]
	at org.springframework.security.web.access.ExceptionTranslationFilter.doFilter(ExceptionTranslationFilter.java:125) ~[spring-security-web-6.5.7.jar:6.5.7]
	at org.springframework.security.web.access.ExceptionTranslationFilter.doFilter(ExceptionTranslationFilter.java:119) ~[spring-security-web-6.5.7.jar:6.5.7]
	at org.springframework.security.web.FilterChainProxy$VirtualFilterChain.doFilter(FilterChainProxy.java:374) ~[spring-security-web-6.5.7.jar:6.5.7]
	at org.springframework.security.web.authentication.AnonymousAuthenticationFilter.doFilter(AnonymousAuthenticationFilter.java:100) ~[spring-security-web-6.5.7.jar:6.5.7]
	at org.springframework.security.web.FilterChainProxy$VirtualFilterChain.doFilter(FilterChainProxy.java:374) ~[spring-security-web-6.5.7.jar:6.5.7]
	at org.springframework.security.web.servletapi.SecurityContextHolderAwareRequestFilter.doFilter(SecurityContextHolderAwareRequestFilter.java:179) ~[spring-security-web-6.5.7.jar:6.5.7]
	at org.springframework.security.web.FilterChainProxy$VirtualFilterChain.doFilter(FilterChainProxy.java:374) ~[spring-security-web-6.5.7.jar:6.5.7]
	at org.springframework.security.web.savedrequest.RequestCacheAwareFilter.doFilter(RequestCacheAwareFilter.java:63) ~[spring-security-web-6.5.7.jar:6.5.7]
	at org.springframework.security.web.FilterChainProxy$VirtualFilterChain.doFilter(FilterChainProxy.java:374) ~[spring-security-web-6.5.7.jar:6.5.7]
	at org.springframework.security.web.authentication.AuthenticationFilter.doFilterInternal(AuthenticationFilter.java:177) ~[spring-security-web-6.5.7.jar:6.5.7]
	at org.springframework.web.filter.OncePerRequestFilter.doFilter(OncePerRequestFilter.java:116) ~[spring-web-6.2.14.jar:6.2.14]
	at org.springframework.security.web.FilterChainProxy$VirtualFilterChain.doFilter(FilterChainProxy.java:374) ~[spring-security-web-6.5.7.jar:6.5.7]
	at org.springframework.security.oauth2.server.resource.web.authentication.BearerTokenAuthenticationFilter.doFilterInternal(BearerTokenAuthenticationFilter.java:158) ~[spring-security-oauth2-resource-server-6.5.7.jar:6.5.7]
	at org.springframework.web.filter.OncePerRequestFilter.doFilter(OncePerRequestFilter.java:116) ~[spring-web-6.2.14.jar:6.2.14]
	at org.springframework.security.web.FilterChainProxy$VirtualFilterChain.doFilter(FilterChainProxy.java:374) ~[spring-security-web-6.5.7.jar:6.5.7]
	at org.springframework.security.web.authentication.logout.LogoutFilter.doFilter(LogoutFilter.java:107) ~[spring-security-web-6.5.7.jar:6.5.7]
	at org.springframework.security.web.authentication.logout.LogoutFilter.doFilter(LogoutFilter.java:93) ~[spring-security-web-6.5.7.jar:6.5.7]
	at org.springframework.security.web.FilterChainProxy$VirtualFilterChain.doFilter(FilterChainProxy.java:374) ~[spring-security-web-6.5.7.jar:6.5.7]
	at org.springframework.security.web.csrf.CsrfFilter.doFilterInternal(CsrfFilter.java:117) ~[spring-security-web-6.5.7.jar:6.5.7]
	at org.springframework.web.filter.OncePerRequestFilter.doFilter(OncePerRequestFilter.java:116) ~[spring-web-6.2.14.jar:6.2.14]
	at org.springframework.security.web.FilterChainProxy$VirtualFilterChain.doFilter(FilterChainProxy.java:374) ~[spring-security-web-6.5.7.jar:6.5.7]
	at org.springframework.security.web.header.HeaderWriterFilter.doHeadersAfter(HeaderWriterFilter.java:90) ~[spring-security-web-6.5.7.jar:6.5.7]
	at org.springframework.security.web.header.HeaderWriterFilter.doFilterInternal(HeaderWriterFilter.java:75) ~[spring-security-web-6.5.7.jar:6.5.7]
	at org.springframework.web.filter.OncePerRequestFilter.doFilter(OncePerRequestFilter.java:116) ~[spring-web-6.2.14.jar:6.2.14]
	at org.springframework.security.web.FilterChainProxy$VirtualFilterChain.doFilter(FilterChainProxy.java:374) ~[spring-security-web-6.5.7.jar:6.5.7]
	at org.springframework.security.web.context.SecurityContextHolderFilter.doFilter(SecurityContextHolderFilter.java:82) ~[spring-security-web-6.5.7.jar:6.5.7]
	at org.springframework.security.web.context.SecurityContextHolderFilter.doFilter(SecurityContextHolderFilter.java:69) ~[spring-security-web-6.5.7.jar:6.5.7]
	at org.springframework.security.web.FilterChainProxy$VirtualFilterChain.doFilter(FilterChainProxy.java:374) ~[spring-security-web-6.5.7.jar:6.5.7]
	at org.springframework.security.web.context.request.async.WebAsyncManagerIntegrationFilter.doFilterInternal(WebAsyncManagerIntegrationFilter.java:62) ~[spring-security-web-6.5.7.jar:6.5.7]
	at org.springframework.web.filter.OncePerRequestFilter.doFilter(OncePerRequestFilter.java:116) ~[spring-web-6.2.14.jar:6.2.14]
	at org.springframework.security.web.FilterChainProxy$VirtualFilterChain.doFilter(FilterChainProxy.java:374) ~[spring-security-web-6.5.7.jar:6.5.7]
	at org.springframework.security.web.session.DisableEncodeUrlFilter.doFilterInternal(DisableEncodeUrlFilter.java:42) ~[spring-security-web-6.5.7.jar:6.5.7]
	at org.springframework.web.filter.OncePerRequestFilter.doFilter(OncePerRequestFilter.java:116) ~[spring-web-6.2.14.jar:6.2.14]
	at org.springframework.security.web.FilterChainProxy$VirtualFilterChain.doFilter(FilterChainProxy.java:374) ~[spring-security-web-6.5.7.jar:6.5.7]
	at org.springframework.security.web.FilterChainProxy.doFilterInternal(FilterChainProxy.java:233) ~[spring-security-web-6.5.7.jar:6.5.7]
	at org.springframework.security.web.FilterChainProxy.doFilter(FilterChainProxy.java:191) ~[spring-security-web-6.5.7.jar:6.5.7]
	at org.springframework.web.filter.CompositeFilter$VirtualFilterChain.doFilter(CompositeFilter.java:113) ~[spring-web-6.2.14.jar:6.2.14]
	at org.springframework.web.filter.ServletRequestPathFilter.doFilter(ServletRequestPathFilter.java:52) ~[spring-web-6.2.14.jar:6.2.14]
	at org.springframework.web.filter.CompositeFilter$VirtualFilterChain.doFilter(CompositeFilter.java:113) ~[spring-web-6.2.14.jar:6.2.14]
	at org.springframework.web.filter.CompositeFilter.doFilter(CompositeFilter.java:74) ~[spring-web-6.2.14.jar:6.2.14]
	at org.springframework.security.config.annotation.web.configuration.WebSecurityConfiguration$CompositeFilterChainProxy.doFilter(WebSecurityConfiguration.java:319) ~[spring-security-config-6.5.7.jar:6.5.7]
	at org.springframework.web.filter.CompositeFilter$VirtualFilterChain.doFilter(CompositeFilter.java:113) ~[spring-web-6.2.14.jar:6.2.14]
	at org.springframework.web.servlet.handler.HandlerMappingIntrospector.lambda$createCacheFilter$4(HandlerMappingIntrospector.java:267) ~[spring-webmvc-6.2.14.jar:6.2.14]
	at org.springframework.web.filter.CompositeFilter$VirtualFilterChain.doFilter(CompositeFilter.java:113) ~[spring-web-6.2.14.jar:6.2.14]
	at org.springframework.web.filter.CompositeFilter.doFilter(CompositeFilter.java:74) ~[spring-web-6.2.14.jar:6.2.14]
	at org.springframework.security.config.annotation.web.configuration.WebMvcSecurityConfiguration$CompositeFilterChainProxy.doFilter(WebMvcSecurityConfiguration.java:240) ~[spring-security-config-6.5.7.jar:6.5.7]
	at org.springframework.web.filter.DelegatingFilterProxy.invokeDelegate(DelegatingFilterProxy.java:362) ~[spring-web-6.2.14.jar:6.2.14]
	at org.springframework.web.filter.DelegatingFilterProxy.doFilter(DelegatingFilterProxy.java:278) ~[spring-web-6.2.14.jar:6.2.14]
	at org.apache.catalina.core.ApplicationFilterChain.internalDoFilter(ApplicationFilterChain.java:162) ~[tomcat-embed-core-10.1.49.jar:10.1.49]
	at org.apache.catalina.core.ApplicationFilterChain.doFilter(ApplicationFilterChain.java:138) ~[tomcat-embed-core-10.1.49.jar:10.1.49]
	at org.springframework.web.filter.RequestContextFilter.doFilterInternal(RequestContextFilter.java:100) ~[spring-web-6.2.14.jar:6.2.14]
	at org.springframework.web.filter.OncePerRequestFilter.doFilter(OncePerRequestFilter.java:116) ~[spring-web-6.2.14.jar:6.2.14]
	at org.apache.catalina.core.ApplicationFilterChain.internalDoFilter(ApplicationFilterChain.java:162) ~[tomcat-embed-core-10.1.49.jar:10.1.49]
	at org.apache.catalina.core.ApplicationFilterChain.doFilter(ApplicationFilterChain.java:138) ~[tomcat-embed-core-10.1.49.jar:10.1.49]
	at org.springframework.web.filter.FormContentFilter.doFilterInternal(FormContentFilter.java:93) ~[spring-web-6.2.14.jar:6.2.14]
	at org.springframework.web.filter.OncePerRequestFilter.doFilter(OncePerRequestFilter.java:116) ~[spring-web-6.2.14.jar:6.2.14]
	at org.apache.catalina.core.ApplicationFilterChain.internalDoFilter(ApplicationFilterChain.java:162) ~[tomcat-embed-core-10.1.49.jar:10.1.49]
	at org.apache.catalina.core.ApplicationFilterChain.doFilter(ApplicationFilterChain.java:138) ~[tomcat-embed-core-10.1.49.jar:10.1.49]
	at org.springframework.web.filter.CharacterEncodingFilter.doFilterInternal(CharacterEncodingFilter.java:201) ~[spring-web-6.2.14.jar:6.2.14]
	at org.springframework.web.filter.OncePerRequestFilter.doFilter(OncePerRequestFilter.java:116) ~[spring-web-6.2.14.jar:6.2.14]
	at org.apache.catalina.core.ApplicationFilterChain.internalDoFilter(ApplicationFilterChain.java:162) ~[tomcat-embed-core-10.1.49.jar:10.1.49]
	at org.apache.catalina.core.ApplicationFilterChain.doFilter(ApplicationFilterChain.java:138) ~[tomcat-embed-core-10.1.49.jar:10.1.49]
	at org.apache.catalina.core.StandardWrapperValve.invoke(StandardWrapperValve.java:165) ~[tomcat-embed-core-10.1.49.jar:10.1.49]
	at org.apache.catalina.core.StandardContextValve.invoke(StandardContextValve.java:88) ~[tomcat-embed-core-10.1.49.jar:10.1.49]
	at org.apache.catalina.authenticator.AuthenticatorBase.invoke(AuthenticatorBase.java:482) ~[tomcat-embed-core-10.1.49.jar:10.1.49]
	at org.apache.catalina.core.StandardHostValve.invoke(StandardHostValve.java:113) ~[tomcat-embed-core-10.1.49.jar:10.1.49]
	at org.apache.catalina.valves.ErrorReportValve.invoke(ErrorReportValve.java:83) ~[tomcat-embed-core-10.1.49.jar:10.1.49]
	at org.apache.catalina.core.StandardEngineValve.invoke(StandardEngineValve.java:72) ~[tomcat-embed-core-10.1.49.jar:10.1.49]
	at org.apache.catalina.connector.CoyoteAdapter.service(CoyoteAdapter.java:342) ~[tomcat-embed-core-10.1.49.jar:10.1.49]
	at org.apache.coyote.http11.Http11Processor.service(Http11Processor.java:399) ~[tomcat-embed-core-10.1.49.jar:10.1.49]
	at org.apache.coyote.AbstractProcessorLight.process(AbstractProcessorLight.java:63) ~[tomcat-embed-core-10.1.49.jar:10.1.49]
	at org.apache.coyote.AbstractProtocol$ConnectionHandler.process(AbstractProtocol.java:903) ~[tomcat-embed-core-10.1.49.jar:10.1.49]
	at org.apache.tomcat.util.net.NioEndpoint$SocketProcessor.doRun(NioEndpoint.java:1774) ~[tomcat-embed-core-10.1.49.jar:10.1.49]
	at org.apache.tomcat.util.net.SocketProcessorBase.run(SocketProcessorBase.java:52) ~[tomcat-embed-core-10.1.49.jar:10.1.49]
	at java.base/java.lang.VirtualThread.run(VirtualThread.java:329) ~[?:?]
14:53:20.346 [tomcat-handler-0] ERROR ServiceExceptionHandler - No static resource api/clients/dummy.
org.springframework.web.servlet.resource.NoResourceFoundException: No static resource api/clients/dummy.
	at org.springframework.web.servlet.resource.ResourceHttpRequestHandler.handleRequest(ResourceHttpRequestHandler.java:585) ~[spring-webmvc-6.2.14.jar:6.2.14]
	at org.springframework.web.servlet.mvc.HttpRequestHandlerAdapter.handle(HttpRequestHandlerAdapter.java:52) ~[spring-webmvc-6.2.14.jar:6.2.14]
	at org.springframework.web.servlet.DispatcherServlet.doDispatch(DispatcherServlet.java:1089) ~[spring-webmvc-6.2.14.jar:6.2.14]
	at org.springframework.web.servlet.DispatcherServlet.doService(DispatcherServlet.java:979) ~[spring-webmvc-6.2.14.jar:6.2.14]
	at org.springframework.web.servlet.FrameworkServlet.processRequest(FrameworkServlet.java:1014) ~[spring-webmvc-6.2.14.jar:6.2.14]
	at org.springframework.web.servlet.FrameworkServlet.doGet(FrameworkServlet.java:903) ~[spring-webmvc-6.2.14.jar:6.2.14]
	at jakarta.servlet.http.HttpServlet.service(HttpServlet.java:564) ~[tomcat-embed-core-10.1.49.jar:6.0]
	at org.springframework.web.servlet.FrameworkServlet.service(FrameworkServlet.java:885) ~[spring-webmvc-6.2.14.jar:6.2.14]
	at jakarta.servlet.http.HttpServlet.service(HttpServlet.java:658) ~[tomcat-embed-core-10.1.49.jar:6.0]
	at org.apache.catalina.core.ApplicationFilterChain.internalDoFilter(ApplicationFilterChain.java:193) ~[tomcat-embed-core-10.1.49.jar:10.1.49]
	at org.apache.catalina.core.ApplicationFilterChain.doFilter(ApplicationFilterChain.java:138) ~[tomcat-embed-core-10.1.49.jar:10.1.49]
	at org.apache.tomcat.websocket.server.WsFilter.doFilter(WsFilter.java:51) ~[tomcat-embed-websocket-10.1.49.jar:10.1.49]
	at org.apache.catalina.core.ApplicationFilterChain.internalDoFilter(ApplicationFilterChain.java:162) ~[tomcat-embed-core-10.1.49.jar:10.1.49]
	at org.apache.catalina.core.ApplicationFilterChain.doFilter(ApplicationFilterChain.java:138) ~[tomcat-embed-core-10.1.49.jar:10.1.49]
	at org.springframework.web.filter.CompositeFilter$VirtualFilterChain.doFilter(CompositeFilter.java:108) ~[spring-web-6.2.14.jar:6.2.14]
	at org.springframework.web.filter.CompositeFilter$VirtualFilterChain.doFilter(CompositeFilter.java:108) ~[spring-web-6.2.14.jar:6.2.14]
	at org.springframework.security.web.FilterChainProxy.lambda$doFilterInternal$3(FilterChainProxy.java:231) ~[spring-security-web-6.5.7.jar:6.5.7]
	at org.springframework.security.web.FilterChainProxy$VirtualFilterChain.doFilter(FilterChainProxy.java:365) ~[spring-security-web-6.5.7.jar:6.5.7]
	at org.springframework.security.web.access.intercept.AuthorizationFilter.doFilter(AuthorizationFilter.java:101) ~[spring-security-web-6.5.7.jar:6.5.7]
	at org.springframework.security.web.FilterChainProxy$VirtualFilterChain.doFilter(FilterChainProxy.java:374) ~[spring-security-web-6.5.7.jar:6.5.7]
	at org.springframework.security.web.access.ExceptionTranslationFilter.doFilter(ExceptionTranslationFilter.java:125) ~[spring-security-web-6.5.7.jar:6.5.7]
	at org.springframework.security.web.access.ExceptionTranslationFilter.doFilter(ExceptionTranslationFilter.java:119) ~[spring-security-web-6.5.7.jar:6.5.7]
	at org.springframework.security.web.FilterChainProxy$VirtualFilterChain.doFilter(FilterChainProxy.java:374) ~[spring-security-web-6.5.7.jar:6.5.7]
	at org.springframework.security.web.authentication.AnonymousAuthenticationFilter.doFilter(AnonymousAuthenticationFilter.java:100) ~[spring-security-web-6.5.7.jar:6.5.7]
	at org.springframework.security.web.FilterChainProxy$VirtualFilterChain.doFilter(FilterChainProxy.java:374) ~[spring-security-web-6.5.7.jar:6.5.7]
	at org.springframework.security.web.servletapi.SecurityContextHolderAwareRequestFilter.doFilter(SecurityContextHolderAwareRequestFilter.java:179) ~[spring-security-web-6.5.7.jar:6.5.7]
	at org.springframework.security.web.FilterChainProxy$VirtualFilterChain.doFilter(FilterChainProxy.java:374) ~[spring-security-web-6.5.7.jar:6.5.7]
	at org.springframework.security.web.savedrequest.RequestCacheAwareFilter.doFilter(RequestCacheAwareFilter.java:63) ~[spring-security-web-6.5.7.jar:6.5.7]
	at org.springframework.security.web.FilterChainProxy$VirtualFilterChain.doFilter(FilterChainProxy.java:374) ~[spring-security-web-6.5.7.jar:6.5.7]
	at org.springframework.security.web.authentication.AuthenticationFilter.doFilterInternal(AuthenticationFilter.java:177) ~[spring-security-web-6.5.7.jar:6.5.7]
	at org.springframework.web.filter.OncePerRequestFilter.doFilter(OncePerRequestFilter.java:116) ~[spring-web-6.2.14.jar:6.2.14]
	at org.springframework.security.web.FilterChainProxy$VirtualFilterChain.doFilter(FilterChainProxy.java:374) ~[spring-security-web-6.5.7.jar:6.5.7]
	at org.springframework.security.oauth2.server.resource.web.authentication.BearerTokenAuthenticationFilter.doFilterInternal(BearerTokenAuthenticationFilter.java:158) ~[spring-security-oauth2-resource-server-6.5.7.jar:6.5.7]
	at org.springframework.web.filter.OncePerRequestFilter.doFilter(OncePerRequestFilter.java:116) ~[spring-web-6.2.14.jar:6.2.14]
	at org.springframework.security.web.FilterChainProxy$VirtualFilterChain.doFilter(FilterChainProxy.java:374) ~[spring-security-web-6.5.7.jar:6.5.7]
	at org.springframework.security.web.authentication.logout.LogoutFilter.doFilter(LogoutFilter.java:107) ~[spring-security-web-6.5.7.jar:6.5.7]
	at org.springframework.security.web.authentication.logout.LogoutFilter.doFilter(LogoutFilter.java:93) ~[spring-security-web-6.5.7.jar:6.5.7]
	at org.springframework.security.web.FilterChainProxy$VirtualFilterChain.doFilter(FilterChainProxy.java:374) ~[spring-security-web-6.5.7.jar:6.5.7]
	at org.springframework.security.web.csrf.CsrfFilter.doFilterInternal(CsrfFilter.java:117) ~[spring-security-web-6.5.7.jar:6.5.7]
	at org.springframework.web.filter.OncePerRequestFilter.doFilter(OncePerRequestFilter.java:116) ~[spring-web-6.2.14.jar:6.2.14]
	at org.springframework.security.web.FilterChainProxy$VirtualFilterChain.doFilter(FilterChainProxy.java:374) ~[spring-security-web-6.5.7.jar:6.5.7]
	at org.springframework.security.web.header.HeaderWriterFilter.doHeadersAfter(HeaderWriterFilter.java:90) ~[spring-security-web-6.5.7.jar:6.5.7]
	at org.springframework.security.web.header.HeaderWriterFilter.doFilterInternal(HeaderWriterFilter.java:75) ~[spring-security-web-6.5.7.jar:6.5.7]
	at org.springframework.web.filter.OncePerRequestFilter.doFilter(OncePerRequestFilter.java:116) ~[spring-web-6.2.14.jar:6.2.14]
	at org.springframework.security.web.FilterChainProxy$VirtualFilterChain.doFilter(FilterChainProxy.java:374) ~[spring-security-web-6.5.7.jar:6.5.7]
	at org.springframework.security.web.context.SecurityContextHolderFilter.doFilter(SecurityContextHolderFilter.java:82) ~[spring-security-web-6.5.7.jar:6.5.7]
	at org.springframework.security.web.context.SecurityContextHolderFilter.doFilter(SecurityContextHolderFilter.java:69) ~[spring-security-web-6.5.7.jar:6.5.7]
	at org.springframework.security.web.FilterChainProxy$VirtualFilterChain.doFilter(FilterChainProxy.java:374) ~[spring-security-web-6.5.7.jar:6.5.7]
	at org.springframework.security.web.context.request.async.WebAsyncManagerIntegrationFilter.doFilterInternal(WebAsyncManagerIntegrationFilter.java:62) ~[spring-security-web-6.5.7.jar:6.5.7]
	at org.springframework.web.filter.OncePerRequestFilter.doFilter(OncePerRequestFilter.java:116) ~[spring-web-6.2.14.jar:6.2.14]
	at org.springframework.security.web.FilterChainProxy$VirtualFilterChain.doFilter(FilterChainProxy.java:374) ~[spring-security-web-6.5.7.jar:6.5.7]
	at org.springframework.security.web.session.DisableEncodeUrlFilter.doFilterInternal(DisableEncodeUrlFilter.java:42) ~[spring-security-web-6.5.7.jar:6.5.7]
	at org.springframework.web.filter.OncePerRequestFilter.doFilter(OncePerRequestFilter.java:116) ~[spring-web-6.2.14.jar:6.2.14]
	at org.springframework.security.web.FilterChainProxy$VirtualFilterChain.doFilter(FilterChainProxy.java:374) ~[spring-security-web-6.5.7.jar:6.5.7]
	at org.springframework.security.web.FilterChainProxy.doFilterInternal(FilterChainProxy.java:233) ~[spring-security-web-6.5.7.jar:6.5.7]
	at org.springframework.security.web.FilterChainProxy.doFilter(FilterChainProxy.java:191) ~[spring-security-web-6.5.7.jar:6.5.7]
	at org.springframework.web.filter.CompositeFilter$VirtualFilterChain.doFilter(CompositeFilter.java:113) ~[spring-web-6.2.14.jar:6.2.14]
	at org.springframework.web.filter.ServletRequestPathFilter.doFilter(ServletRequestPathFilter.java:52) ~[spring-web-6.2.14.jar:6.2.14]
	at org.springframework.web.filter.CompositeFilter$VirtualFilterChain.doFilter(CompositeFilter.java:113) ~[spring-web-6.2.14.jar:6.2.14]
	at org.springframework.web.filter.CompositeFilter.doFilter(CompositeFilter.java:74) ~[spring-web-6.2.14.jar:6.2.14]
	at org.springframework.security.config.annotation.web.configuration.WebSecurityConfiguration$CompositeFilterChainProxy.doFilter(WebSecurityConfiguration.java:319) ~[spring-security-config-6.5.7.jar:6.5.7]
	at org.springframework.web.filter.CompositeFilter$VirtualFilterChain.doFilter(CompositeFilter.java:113) ~[spring-web-6.2.14.jar:6.2.14]
	at org.springframework.web.servlet.handler.HandlerMappingIntrospector.lambda$createCacheFilter$4(HandlerMappingIntrospector.java:267) ~[spring-webmvc-6.2.14.jar:6.2.14]
	at org.springframework.web.filter.CompositeFilter$VirtualFilterChain.doFilter(CompositeFilter.java:113) ~[spring-web-6.2.14.jar:6.2.14]
	at org.springframework.web.filter.CompositeFilter.doFilter(CompositeFilter.java:74) ~[spring-web-6.2.14.jar:6.2.14]
	at org.springframework.security.config.annotation.web.configuration.WebMvcSecurityConfiguration$CompositeFilterChainProxy.doFilter(WebMvcSecurityConfiguration.java:240) ~[spring-security-config-6.5.7.jar:6.5.7]
	at org.springframework.web.filter.DelegatingFilterProxy.invokeDelegate(DelegatingFilterProxy.java:362) ~[spring-web-6.2.14.jar:6.2.14]
	at org.springframework.web.filter.DelegatingFilterProxy.doFilter(DelegatingFilterProxy.java:278) ~[spring-web-6.2.14.jar:6.2.14]
	at org.apache.catalina.core.ApplicationFilterChain.internalDoFilter(ApplicationFilterChain.java:162) ~[tomcat-embed-core-10.1.49.jar:10.1.49]
	at org.apache.catalina.core.ApplicationFilterChain.doFilter(ApplicationFilterChain.java:138) ~[tomcat-embed-core-10.1.49.jar:10.1.49]
	at org.springframework.web.filter.RequestContextFilter.doFilterInternal(RequestContextFilter.java:100) ~[spring-web-6.2.14.jar:6.2.14]
	at org.springframework.web.filter.OncePerRequestFilter.doFilter(OncePerRequestFilter.java:116) ~[spring-web-6.2.14.jar:6.2.14]
	at org.apache.catalina.core.ApplicationFilterChain.internalDoFilter(ApplicationFilterChain.java:162) ~[tomcat-embed-core-10.1.49.jar:10.1.49]
	at org.apache.catalina.core.ApplicationFilterChain.doFilter(ApplicationFilterChain.java:138) ~[tomcat-embed-core-10.1.49.jar:10.1.49]
	at org.springframework.web.filter.FormContentFilter.doFilterInternal(FormContentFilter.java:93) ~[spring-web-6.2.14.jar:6.2.14]
	at org.springframework.web.filter.OncePerRequestFilter.doFilter(OncePerRequestFilter.java:116) ~[spring-web-6.2.14.jar:6.2.14]
	at org.apache.catalina.core.ApplicationFilterChain.internalDoFilter(ApplicationFilterChain.java:162) ~[tomcat-embed-core-10.1.49.jar:10.1.49]
	at org.apache.catalina.core.ApplicationFilterChain.doFilter(ApplicationFilterChain.java:138) ~[tomcat-embed-core-10.1.49.jar:10.1.49]
	at org.springframework.web.filter.CharacterEncodingFilter.doFilterInternal(CharacterEncodingFilter.java:201) ~[spring-web-6.2.14.jar:6.2.14]
	at org.springframework.web.filter.OncePerRequestFilter.doFilter(OncePerRequestFilter.java:116) ~[spring-web-6.2.14.jar:6.2.14]
	at org.apache.catalina.core.ApplicationFilterChain.internalDoFilter(ApplicationFilterChain.java:162) ~[tomcat-embed-core-10.1.49.jar:10.1.49]
	at org.apache.catalina.core.ApplicationFilterChain.doFilter(ApplicationFilterChain.java:138) ~[tomcat-embed-core-10.1.49.jar:10.1.49]
	at org.apache.catalina.core.StandardWrapperValve.invoke(StandardWrapperValve.java:165) ~[tomcat-embed-core-10.1.49.jar:10.1.49]
	at org.apache.catalina.core.StandardContextValve.invoke(StandardContextValve.java:88) ~[tomcat-embed-core-10.1.49.jar:10.1.49]
	at org.apache.catalina.authenticator.AuthenticatorBase.invoke(AuthenticatorBase.java:482) ~[tomcat-embed-core-10.1.49.jar:10.1.49]
	at org.apache.catalina.core.StandardHostValve.invoke(StandardHostValve.java:113) ~[tomcat-embed-core-10.1.49.jar:10.1.49]
	at org.apache.catalina.valves.ErrorReportValve.invoke(ErrorReportValve.java:83) ~[tomcat-embed-core-10.1.49.jar:10.1.49]
	at org.apache.catalina.core.StandardEngineValve.invoke(StandardEngineValve.java:72) ~[tomcat-embed-core-10.1.49.jar:10.1.49]
	at org.apache.catalina.connector.CoyoteAdapter.service(CoyoteAdapter.java:342) ~[tomcat-embed-core-10.1.49.jar:10.1.49]
	at org.apache.coyote.http11.Http11Processor.service(Http11Processor.java:399) ~[tomcat-embed-core-10.1.49.jar:10.1.49]
	at org.apache.coyote.AbstractProcessorLight.process(AbstractProcessorLight.java:63) ~[tomcat-embed-core-10.1.49.jar:10.1.49]
	at org.apache.coyote.AbstractProtocol$ConnectionHandler.process(AbstractProtocol.java:903) ~[tomcat-embed-core-10.1.49.jar:10.1.49]
	at org.apache.tomcat.util.net.NioEndpoint$SocketProcessor.doRun(NioEndpoint.java:1774) ~[tomcat-embed-core-10.1.49.jar:10.1.49]
	at org.apache.tomcat.util.net.SocketProcessorBase.run(SocketProcessorBase.java:52) ~[tomcat-embed-core-10.1.49.jar:10.1.49]
	at java.base/java.lang.VirtualThread.run(VirtualThread.java:329) ~[?:?]
14:57:33.975 [tomcat-handler-0] ERROR ServiceExceptionHandler - No static resource api/clients/dummy.
org.springframework.web.servlet.resource.NoResourceFoundException: No static resource api/clients/dummy.
	at org.springframework.web.servlet.resource.ResourceHttpRequestHandler.handleRequest(ResourceHttpRequestHandler.java:585) ~[spring-webmvc-6.2.14.jar:6.2.14]
	at org.springframework.web.servlet.mvc.HttpRequestHandlerAdapter.handle(HttpRequestHandlerAdapter.java:52) ~[spring-webmvc-6.2.14.jar:6.2.14]
	at org.springframework.web.servlet.DispatcherServlet.doDispatch(DispatcherServlet.java:1089) ~[spring-webmvc-6.2.14.jar:6.2.14]
	at org.springframework.web.servlet.DispatcherServlet.doService(DispatcherServlet.java:979) ~[spring-webmvc-6.2.14.jar:6.2.14]
	at org.springframework.web.servlet.FrameworkServlet.processRequest(FrameworkServlet.java:1014) ~[spring-webmvc-6.2.14.jar:6.2.14]
	at org.springframework.web.servlet.FrameworkServlet.doGet(FrameworkServlet.java:903) ~[spring-webmvc-6.2.14.jar:6.2.14]
	at jakarta.servlet.http.HttpServlet.service(HttpServlet.java:564) ~[tomcat-embed-core-10.1.49.jar:6.0]
	at org.springframework.web.servlet.FrameworkServlet.service(FrameworkServlet.java:885) ~[spring-webmvc-6.2.14.jar:6.2.14]
	at jakarta.servlet.http.HttpServlet.service(HttpServlet.java:658) ~[tomcat-embed-core-10.1.49.jar:6.0]
	at org.apache.catalina.core.ApplicationFilterChain.internalDoFilter(ApplicationFilterChain.java:193) ~[tomcat-embed-core-10.1.49.jar:10.1.49]
	at org.apache.catalina.core.ApplicationFilterChain.doFilter(ApplicationFilterChain.java:138) ~[tomcat-embed-core-10.1.49.jar:10.1.49]
	at org.apache.tomcat.websocket.server.WsFilter.doFilter(WsFilter.java:51) ~[tomcat-embed-websocket-10.1.49.jar:10.1.49]
	at org.apache.catalina.core.ApplicationFilterChain.internalDoFilter(ApplicationFilterChain.java:162) ~[tomcat-embed-core-10.1.49.jar:10.1.49]
	at org.apache.catalina.core.ApplicationFilterChain.doFilter(ApplicationFilterChain.java:138) ~[tomcat-embed-core-10.1.49.jar:10.1.49]
	at org.springframework.web.filter.CompositeFilter$VirtualFilterChain.doFilter(CompositeFilter.java:108) ~[spring-web-6.2.14.jar:6.2.14]
	at org.springframework.web.filter.CompositeFilter$VirtualFilterChain.doFilter(CompositeFilter.java:108) ~[spring-web-6.2.14.jar:6.2.14]
	at org.springframework.security.web.FilterChainProxy.lambda$doFilterInternal$3(FilterChainProxy.java:231) ~[spring-security-web-6.5.7.jar:6.5.7]
	at org.springframework.security.web.FilterChainProxy$VirtualFilterChain.doFilter(FilterChainProxy.java:365) ~[spring-security-web-6.5.7.jar:6.5.7]
	at org.springframework.security.web.access.intercept.AuthorizationFilter.doFilter(AuthorizationFilter.java:101) ~[spring-security-web-6.5.7.jar:6.5.7]
	at org.springframework.security.web.FilterChainProxy$VirtualFilterChain.doFilter(FilterChainProxy.java:374) ~[spring-security-web-6.5.7.jar:6.5.7]
	at org.springframework.security.web.access.ExceptionTranslationFilter.doFilter(ExceptionTranslationFilter.java:125) ~[spring-security-web-6.5.7.jar:6.5.7]
	at org.springframework.security.web.access.ExceptionTranslationFilter.doFilter(ExceptionTranslationFilter.java:119) ~[spring-security-web-6.5.7.jar:6.5.7]
	at org.springframework.security.web.FilterChainProxy$VirtualFilterChain.doFilter(FilterChainProxy.java:374) ~[spring-security-web-6.5.7.jar:6.5.7]
	at org.springframework.security.web.authentication.AnonymousAuthenticationFilter.doFilter(AnonymousAuthenticationFilter.java:100) ~[spring-security-web-6.5.7.jar:6.5.7]
	at org.springframework.security.web.FilterChainProxy$VirtualFilterChain.doFilter(FilterChainProxy.java:374) ~[spring-security-web-6.5.7.jar:6.5.7]
	at org.springframework.security.web.servletapi.SecurityContextHolderAwareRequestFilter.doFilter(SecurityContextHolderAwareRequestFilter.java:179) ~[spring-security-web-6.5.7.jar:6.5.7]
	at org.springframework.security.web.FilterChainProxy$VirtualFilterChain.doFilter(FilterChainProxy.java:374) ~[spring-security-web-6.5.7.jar:6.5.7]
	at org.springframework.security.web.savedrequest.RequestCacheAwareFilter.doFilter(RequestCacheAwareFilter.java:63) ~[spring-security-web-6.5.7.jar:6.5.7]
	at org.springframework.security.web.FilterChainProxy$VirtualFilterChain.doFilter(FilterChainProxy.java:374) ~[spring-security-web-6.5.7.jar:6.5.7]
	at org.springframework.security.web.authentication.AuthenticationFilter.doFilterInternal(AuthenticationFilter.java:177) ~[spring-security-web-6.5.7.jar:6.5.7]
	at org.springframework.web.filter.OncePerRequestFilter.doFilter(OncePerRequestFilter.java:116) ~[spring-web-6.2.14.jar:6.2.14]
	at org.springframework.security.web.FilterChainProxy$VirtualFilterChain.doFilter(FilterChainProxy.java:374) ~[spring-security-web-6.5.7.jar:6.5.7]
	at org.springframework.security.oauth2.server.resource.web.authentication.BearerTokenAuthenticationFilter.doFilterInternal(BearerTokenAuthenticationFilter.java:158) ~[spring-security-oauth2-resource-server-6.5.7.jar:6.5.7]
	at org.springframework.web.filter.OncePerRequestFilter.doFilter(OncePerRequestFilter.java:116) ~[spring-web-6.2.14.jar:6.2.14]
	at org.springframework.security.web.FilterChainProxy$VirtualFilterChain.doFilter(FilterChainProxy.java:374) ~[spring-security-web-6.5.7.jar:6.5.7]
	at org.springframework.security.web.authentication.logout.LogoutFilter.doFilter(LogoutFilter.java:107) ~[spring-security-web-6.5.7.jar:6.5.7]
	at org.springframework.security.web.authentication.logout.LogoutFilter.doFilter(LogoutFilter.java:93) ~[spring-security-web-6.5.7.jar:6.5.7]
	at org.springframework.security.web.FilterChainProxy$VirtualFilterChain.doFilter(FilterChainProxy.java:374) ~[spring-security-web-6.5.7.jar:6.5.7]
	at org.springframework.security.web.csrf.CsrfFilter.doFilterInternal(CsrfFilter.java:117) ~[spring-security-web-6.5.7.jar:6.5.7]
	at org.springframework.web.filter.OncePerRequestFilter.doFilter(OncePerRequestFilter.java:116) ~[spring-web-6.2.14.jar:6.2.14]
	at org.springframework.security.web.FilterChainProxy$VirtualFilterChain.doFilter(FilterChainProxy.java:374) ~[spring-security-web-6.5.7.jar:6.5.7]
	at org.springframework.security.web.header.HeaderWriterFilter.doHeadersAfter(HeaderWriterFilter.java:90) ~[spring-security-web-6.5.7.jar:6.5.7]
	at org.springframework.security.web.header.HeaderWriterFilter.doFilterInternal(HeaderWriterFilter.java:75) ~[spring-security-web-6.5.7.jar:6.5.7]
	at org.springframework.web.filter.OncePerRequestFilter.doFilter(OncePerRequestFilter.java:116) ~[spring-web-6.2.14.jar:6.2.14]
	at org.springframework.security.web.FilterChainProxy$VirtualFilterChain.doFilter(FilterChainProxy.java:374) ~[spring-security-web-6.5.7.jar:6.5.7]
	at org.springframework.security.web.context.SecurityContextHolderFilter.doFilter(SecurityContextHolderFilter.java:82) ~[spring-security-web-6.5.7.jar:6.5.7]
	at org.springframework.security.web.context.SecurityContextHolderFilter.doFilter(SecurityContextHolderFilter.java:69) ~[spring-security-web-6.5.7.jar:6.5.7]
	at org.springframework.security.web.FilterChainProxy$VirtualFilterChain.doFilter(FilterChainProxy.java:374) ~[spring-security-web-6.5.7.jar:6.5.7]
	at org.springframework.security.web.context.request.async.WebAsyncManagerIntegrationFilter.doFilterInternal(WebAsyncManagerIntegrationFilter.java:62) ~[spring-security-web-6.5.7.jar:6.5.7]
	at org.springframework.web.filter.OncePerRequestFilter.doFilter(OncePerRequestFilter.java:116) ~[spring-web-6.2.14.jar:6.2.14]
	at org.springframework.security.web.FilterChainProxy$VirtualFilterChain.doFilter(FilterChainProxy.java:374) ~[spring-security-web-6.5.7.jar:6.5.7]
	at org.springframework.security.web.session.DisableEncodeUrlFilter.doFilterInternal(DisableEncodeUrlFilter.java:42) ~[spring-security-web-6.5.7.jar:6.5.7]
	at org.springframework.web.filter.OncePerRequestFilter.doFilter(OncePerRequestFilter.java:116) ~[spring-web-6.2.14.jar:6.2.14]
	at org.springframework.security.web.FilterChainProxy$VirtualFilterChain.doFilter(FilterChainProxy.java:374) ~[spring-security-web-6.5.7.jar:6.5.7]
	at org.springframework.security.web.FilterChainProxy.doFilterInternal(FilterChainProxy.java:233) ~[spring-security-web-6.5.7.jar:6.5.7]
	at org.springframework.security.web.FilterChainProxy.doFilter(FilterChainProxy.java:191) ~[spring-security-web-6.5.7.jar:6.5.7]
	at org.springframework.web.filter.CompositeFilter$VirtualFilterChain.doFilter(CompositeFilter.java:113) ~[spring-web-6.2.14.jar:6.2.14]
	at org.springframework.web.filter.ServletRequestPathFilter.doFilter(ServletRequestPathFilter.java:52) ~[spring-web-6.2.14.jar:6.2.14]
	at org.springframework.web.filter.CompositeFilter$VirtualFilterChain.doFilter(CompositeFilter.java:113) ~[spring-web-6.2.14.jar:6.2.14]
	at org.springframework.web.filter.CompositeFilter.doFilter(CompositeFilter.java:74) ~[spring-web-6.2.14.jar:6.2.14]
	at org.springframework.security.config.annotation.web.configuration.WebSecurityConfiguration$CompositeFilterChainProxy.doFilter(WebSecurityConfiguration.java:319) ~[spring-security-config-6.5.7.jar:6.5.7]
	at org.springframework.web.filter.CompositeFilter$VirtualFilterChain.doFilter(CompositeFilter.java:113) ~[spring-web-6.2.14.jar:6.2.14]
	at org.springframework.web.servlet.handler.HandlerMappingIntrospector.lambda$createCacheFilter$4(HandlerMappingIntrospector.java:267) ~[spring-webmvc-6.2.14.jar:6.2.14]
	at org.springframework.web.filter.CompositeFilter$VirtualFilterChain.doFilter(CompositeFilter.java:113) ~[spring-web-6.2.14.jar:6.2.14]
	at org.springframework.web.filter.CompositeFilter.doFilter(CompositeFilter.java:74) ~[spring-web-6.2.14.jar:6.2.14]
	at org.springframework.security.config.annotation.web.configuration.WebMvcSecurityConfiguration$CompositeFilterChainProxy.doFilter(WebMvcSecurityConfiguration.java:240) ~[spring-security-config-6.5.7.jar:6.5.7]
	at org.springframework.web.filter.DelegatingFilterProxy.invokeDelegate(DelegatingFilterProxy.java:362) ~[spring-web-6.2.14.jar:6.2.14]
	at org.springframework.web.filter.DelegatingFilterProxy.doFilter(DelegatingFilterProxy.java:278) ~[spring-web-6.2.14.jar:6.2.14]
	at org.apache.catalina.core.ApplicationFilterChain.internalDoFilter(ApplicationFilterChain.java:162) ~[tomcat-embed-core-10.1.49.jar:10.1.49]
	at org.apache.catalina.core.ApplicationFilterChain.doFilter(ApplicationFilterChain.java:138) ~[tomcat-embed-core-10.1.49.jar:10.1.49]
	at org.springframework.web.filter.RequestContextFilter.doFilterInternal(RequestContextFilter.java:100) ~[spring-web-6.2.14.jar:6.2.14]
	at org.springframework.web.filter.OncePerRequestFilter.doFilter(OncePerRequestFilter.java:116) ~[spring-web-6.2.14.jar:6.2.14]
	at org.apache.catalina.core.ApplicationFilterChain.internalDoFilter(ApplicationFilterChain.java:162) ~[tomcat-embed-core-10.1.49.jar:10.1.49]
	at org.apache.catalina.core.ApplicationFilterChain.doFilter(ApplicationFilterChain.java:138) ~[tomcat-embed-core-10.1.49.jar:10.1.49]
	at org.springframework.web.filter.FormContentFilter.doFilterInternal(FormContentFilter.java:93) ~[spring-web-6.2.14.jar:6.2.14]
	at org.springframework.web.filter.OncePerRequestFilter.doFilter(OncePerRequestFilter.java:116) ~[spring-web-6.2.14.jar:6.2.14]
	at org.apache.catalina.core.ApplicationFilterChain.internalDoFilter(ApplicationFilterChain.java:162) ~[tomcat-embed-core-10.1.49.jar:10.1.49]
	at org.apache.catalina.core.ApplicationFilterChain.doFilter(ApplicationFilterChain.java:138) ~[tomcat-embed-core-10.1.49.jar:10.1.49]
	at org.springframework.web.filter.CharacterEncodingFilter.doFilterInternal(CharacterEncodingFilter.java:201) ~[spring-web-6.2.14.jar:6.2.14]
	at org.springframework.web.filter.OncePerRequestFilter.doFilter(OncePerRequestFilter.java:116) ~[spring-web-6.2.14.jar:6.2.14]
	at org.apache.catalina.core.ApplicationFilterChain.internalDoFilter(ApplicationFilterChain.java:162) ~[tomcat-embed-core-10.1.49.jar:10.1.49]
	at org.apache.catalina.core.ApplicationFilterChain.doFilter(ApplicationFilterChain.java:138) ~[tomcat-embed-core-10.1.49.jar:10.1.49]
	at org.apache.catalina.core.StandardWrapperValve.invoke(StandardWrapperValve.java:165) ~[tomcat-embed-core-10.1.49.jar:10.1.49]
	at org.apache.catalina.core.StandardContextValve.invoke(StandardContextValve.java:88) ~[tomcat-embed-core-10.1.49.jar:10.1.49]
	at org.apache.catalina.authenticator.AuthenticatorBase.invoke(AuthenticatorBase.java:482) ~[tomcat-embed-core-10.1.49.jar:10.1.49]
	at org.apache.catalina.core.StandardHostValve.invoke(StandardHostValve.java:113) ~[tomcat-embed-core-10.1.49.jar:10.1.49]
	at org.apache.catalina.valves.ErrorReportValve.invoke(ErrorReportValve.java:83) ~[tomcat-embed-core-10.1.49.jar:10.1.49]
	at org.apache.catalina.core.StandardEngineValve.invoke(StandardEngineValve.java:72) ~[tomcat-embed-core-10.1.49.jar:10.1.49]
	at org.apache.catalina.connector.CoyoteAdapter.service(CoyoteAdapter.java:342) ~[tomcat-embed-core-10.1.49.jar:10.1.49]
	at org.apache.coyote.http11.Http11Processor.service(Http11Processor.java:399) ~[tomcat-embed-core-10.1.49.jar:10.1.49]
	at org.apache.coyote.AbstractProcessorLight.process(AbstractProcessorLight.java:63) ~[tomcat-embed-core-10.1.49.jar:10.1.49]
	at org.apache.coyote.AbstractProtocol$ConnectionHandler.process(AbstractProtocol.java:903) ~[tomcat-embed-core-10.1.49.jar:10.1.49]
	at org.apache.tomcat.util.net.NioEndpoint$SocketProcessor.doRun(NioEndpoint.java:1774) ~[tomcat-embed-core-10.1.49.jar:10.1.49]
	at org.apache.tomcat.util.net.SocketProcessorBase.run(SocketProcessorBase.java:52) ~[tomcat-embed-core-10.1.49.jar:10.1.49]
	at java.base/java.lang.VirtualThread.run(VirtualThread.java:329) ~[?:?]
14:59:27.451 [tomcat-handler-3] ERROR ServiceExceptionHandler - No static resource api/clients/dummy.
org.springframework.web.servlet.resource.NoResourceFoundException: No static resource api/clients/dummy.
	at org.springframework.web.servlet.resource.ResourceHttpRequestHandler.handleRequest(ResourceHttpRequestHandler.java:585) ~[spring-webmvc-6.2.14.jar:6.2.14]
	at org.springframework.web.servlet.mvc.HttpRequestHandlerAdapter.handle(HttpRequestHandlerAdapter.java:52) ~[spring-webmvc-6.2.14.jar:6.2.14]
	at org.springframework.web.servlet.DispatcherServlet.doDispatch(DispatcherServlet.java:1089) ~[spring-webmvc-6.2.14.jar:6.2.14]
	at org.springframework.web.servlet.DispatcherServlet.doService(DispatcherServlet.java:979) ~[spring-webmvc-6.2.14.jar:6.2.14]
	at org.springframework.web.servlet.FrameworkServlet.processRequest(FrameworkServlet.java:1014) ~[spring-webmvc-6.2.14.jar:6.2.14]
	at org.springframework.web.servlet.FrameworkServlet.doGet(FrameworkServlet.java:903) ~[spring-webmvc-6.2.14.jar:6.2.14]
	at jakarta.servlet.http.HttpServlet.service(HttpServlet.java:564) ~[tomcat-embed-core-10.1.49.jar:6.0]
	at org.springframework.web.servlet.FrameworkServlet.service(FrameworkServlet.java:885) ~[spring-webmvc-6.2.14.jar:6.2.14]
	at jakarta.servlet.http.HttpServlet.service(HttpServlet.java:658) ~[tomcat-embed-core-10.1.49.jar:6.0]
	at org.apache.catalina.core.ApplicationFilterChain.internalDoFilter(ApplicationFilterChain.java:193) ~[tomcat-embed-core-10.1.49.jar:10.1.49]
	at org.apache.catalina.core.ApplicationFilterChain.doFilter(ApplicationFilterChain.java:138) ~[tomcat-embed-core-10.1.49.jar:10.1.49]
	at org.apache.tomcat.websocket.server.WsFilter.doFilter(WsFilter.java:51) ~[tomcat-embed-websocket-10.1.49.jar:10.1.49]
	at org.apache.catalina.core.ApplicationFilterChain.internalDoFilter(ApplicationFilterChain.java:162) ~[tomcat-embed-core-10.1.49.jar:10.1.49]
	at org.apache.catalina.core.ApplicationFilterChain.doFilter(ApplicationFilterChain.java:138) ~[tomcat-embed-core-10.1.49.jar:10.1.49]
	at org.springframework.web.filter.CompositeFilter$VirtualFilterChain.doFilter(CompositeFilter.java:108) ~[spring-web-6.2.14.jar:6.2.14]
	at org.springframework.web.filter.CompositeFilter$VirtualFilterChain.doFilter(CompositeFilter.java:108) ~[spring-web-6.2.14.jar:6.2.14]
	at org.springframework.security.web.FilterChainProxy.lambda$doFilterInternal$3(FilterChainProxy.java:231) ~[spring-security-web-6.5.7.jar:6.5.7]
	at org.springframework.security.web.FilterChainProxy$VirtualFilterChain.doFilter(FilterChainProxy.java:365) ~[spring-security-web-6.5.7.jar:6.5.7]
	at org.springframework.security.web.access.intercept.AuthorizationFilter.doFilter(AuthorizationFilter.java:101) ~[spring-security-web-6.5.7.jar:6.5.7]
	at org.springframework.security.web.FilterChainProxy$VirtualFilterChain.doFilter(FilterChainProxy.java:374) ~[spring-security-web-6.5.7.jar:6.5.7]
	at org.springframework.security.web.access.ExceptionTranslationFilter.doFilter(ExceptionTranslationFilter.java:125) ~[spring-security-web-6.5.7.jar:6.5.7]
	at org.springframework.security.web.access.ExceptionTranslationFilter.doFilter(ExceptionTranslationFilter.java:119) ~[spring-security-web-6.5.7.jar:6.5.7]
	at org.springframework.security.web.FilterChainProxy$VirtualFilterChain.doFilter(FilterChainProxy.java:374) ~[spring-security-web-6.5.7.jar:6.5.7]
	at org.springframework.security.web.authentication.AnonymousAuthenticationFilter.doFilter(AnonymousAuthenticationFilter.java:100) ~[spring-security-web-6.5.7.jar:6.5.7]
	at org.springframework.security.web.FilterChainProxy$VirtualFilterChain.doFilter(FilterChainProxy.java:374) ~[spring-security-web-6.5.7.jar:6.5.7]
	at org.springframework.security.web.servletapi.SecurityContextHolderAwareRequestFilter.doFilter(SecurityContextHolderAwareRequestFilter.java:179) ~[spring-security-web-6.5.7.jar:6.5.7]
	at org.springframework.security.web.FilterChainProxy$VirtualFilterChain.doFilter(FilterChainProxy.java:374) ~[spring-security-web-6.5.7.jar:6.5.7]
	at org.springframework.security.web.savedrequest.RequestCacheAwareFilter.doFilter(RequestCacheAwareFilter.java:63) ~[spring-security-web-6.5.7.jar:6.5.7]
	at org.springframework.security.web.FilterChainProxy$VirtualFilterChain.doFilter(FilterChainProxy.java:374) ~[spring-security-web-6.5.7.jar:6.5.7]
	at org.springframework.security.web.authentication.AuthenticationFilter.doFilterInternal(AuthenticationFilter.java:177) ~[spring-security-web-6.5.7.jar:6.5.7]
	at org.springframework.web.filter.OncePerRequestFilter.doFilter(OncePerRequestFilter.java:116) ~[spring-web-6.2.14.jar:6.2.14]
	at org.springframework.security.web.FilterChainProxy$VirtualFilterChain.doFilter(FilterChainProxy.java:374) ~[spring-security-web-6.5.7.jar:6.5.7]
	at org.springframework.security.oauth2.server.resource.web.authentication.BearerTokenAuthenticationFilter.doFilterInternal(BearerTokenAuthenticationFilter.java:158) ~[spring-security-oauth2-resource-server-6.5.7.jar:6.5.7]
	at org.springframework.web.filter.OncePerRequestFilter.doFilter(OncePerRequestFilter.java:116) ~[spring-web-6.2.14.jar:6.2.14]
	at org.springframework.security.web.FilterChainProxy$VirtualFilterChain.doFilter(FilterChainProxy.java:374) ~[spring-security-web-6.5.7.jar:6.5.7]
	at org.springframework.security.web.authentication.logout.LogoutFilter.doFilter(LogoutFilter.java:107) ~[spring-security-web-6.5.7.jar:6.5.7]
	at org.springframework.security.web.authentication.logout.LogoutFilter.doFilter(LogoutFilter.java:93) ~[spring-security-web-6.5.7.jar:6.5.7]
	at org.springframework.security.web.FilterChainProxy$VirtualFilterChain.doFilter(FilterChainProxy.java:374) ~[spring-security-web-6.5.7.jar:6.5.7]
	at org.springframework.security.web.csrf.CsrfFilter.doFilterInternal(CsrfFilter.java:117) ~[spring-security-web-6.5.7.jar:6.5.7]
	at org.springframework.web.filter.OncePerRequestFilter.doFilter(OncePerRequestFilter.java:116) ~[spring-web-6.2.14.jar:6.2.14]
	at org.springframework.security.web.FilterChainProxy$VirtualFilterChain.doFilter(FilterChainProxy.java:374) ~[spring-security-web-6.5.7.jar:6.5.7]
	at org.springframework.security.web.header.HeaderWriterFilter.doHeadersAfter(HeaderWriterFilter.java:90) ~[spring-security-web-6.5.7.jar:6.5.7]
	at org.springframework.security.web.header.HeaderWriterFilter.doFilterInternal(HeaderWriterFilter.java:75) ~[spring-security-web-6.5.7.jar:6.5.7]
	at org.springframework.web.filter.OncePerRequestFilter.doFilter(OncePerRequestFilter.java:116) ~[spring-web-6.2.14.jar:6.2.14]
	at org.springframework.security.web.FilterChainProxy$VirtualFilterChain.doFilter(FilterChainProxy.java:374) ~[spring-security-web-6.5.7.jar:6.5.7]
	at org.springframework.security.web.context.SecurityContextHolderFilter.doFilter(SecurityContextHolderFilter.java:82) ~[spring-security-web-6.5.7.jar:6.5.7]
	at org.springframework.security.web.context.SecurityContextHolderFilter.doFilter(SecurityContextHolderFilter.java:69) ~[spring-security-web-6.5.7.jar:6.5.7]
	at org.springframework.security.web.FilterChainProxy$VirtualFilterChain.doFilter(FilterChainProxy.java:374) ~[spring-security-web-6.5.7.jar:6.5.7]
	at org.springframework.security.web.context.request.async.WebAsyncManagerIntegrationFilter.doFilterInternal(WebAsyncManagerIntegrationFilter.java:62) ~[spring-security-web-6.5.7.jar:6.5.7]
	at org.springframework.web.filter.OncePerRequestFilter.doFilter(OncePerRequestFilter.java:116) ~[spring-web-6.2.14.jar:6.2.14]
	at org.springframework.security.web.FilterChainProxy$VirtualFilterChain.doFilter(FilterChainProxy.java:374) ~[spring-security-web-6.5.7.jar:6.5.7]
	at org.springframework.security.web.session.DisableEncodeUrlFilter.doFilterInternal(DisableEncodeUrlFilter.java:42) ~[spring-security-web-6.5.7.jar:6.5.7]
	at org.springframework.web.filter.OncePerRequestFilter.doFilter(OncePerRequestFilter.java:116) ~[spring-web-6.2.14.jar:6.2.14]
	at org.springframework.security.web.FilterChainProxy$VirtualFilterChain.doFilter(FilterChainProxy.java:374) ~[spring-security-web-6.5.7.jar:6.5.7]
	at org.springframework.security.web.FilterChainProxy.doFilterInternal(FilterChainProxy.java:233) ~[spring-security-web-6.5.7.jar:6.5.7]
	at org.springframework.security.web.FilterChainProxy.doFilter(FilterChainProxy.java:191) ~[spring-security-web-6.5.7.jar:6.5.7]
	at org.springframework.web.filter.CompositeFilter$VirtualFilterChain.doFilter(CompositeFilter.java:113) ~[spring-web-6.2.14.jar:6.2.14]
	at org.springframework.web.filter.ServletRequestPathFilter.doFilter(ServletRequestPathFilter.java:52) ~[spring-web-6.2.14.jar:6.2.14]
	at org.springframework.web.filter.CompositeFilter$VirtualFilterChain.doFilter(CompositeFilter.java:113) ~[spring-web-6.2.14.jar:6.2.14]
	at org.springframework.web.filter.CompositeFilter.doFilter(CompositeFilter.java:74) ~[spring-web-6.2.14.jar:6.2.14]
	at org.springframework.security.config.annotation.web.configuration.WebSecurityConfiguration$CompositeFilterChainProxy.doFilter(WebSecurityConfiguration.java:319) ~[spring-security-config-6.5.7.jar:6.5.7]
	at org.springframework.web.filter.CompositeFilter$VirtualFilterChain.doFilter(CompositeFilter.java:113) ~[spring-web-6.2.14.jar:6.2.14]
	at org.springframework.web.servlet.handler.HandlerMappingIntrospector.lambda$createCacheFilter$4(HandlerMappingIntrospector.java:267) ~[spring-webmvc-6.2.14.jar:6.2.14]
	at org.springframework.web.filter.CompositeFilter$VirtualFilterChain.doFilter(CompositeFilter.java:113) ~[spring-web-6.2.14.jar:6.2.14]
	at org.springframework.web.filter.CompositeFilter.doFilter(CompositeFilter.java:74) ~[spring-web-6.2.14.jar:6.2.14]
	at org.springframework.security.config.annotation.web.configuration.WebMvcSecurityConfiguration$CompositeFilterChainProxy.doFilter(WebMvcSecurityConfiguration.java:240) ~[spring-security-config-6.5.7.jar:6.5.7]
	at org.springframework.web.filter.DelegatingFilterProxy.invokeDelegate(DelegatingFilterProxy.java:362) ~[spring-web-6.2.14.jar:6.2.14]
	at org.springframework.web.filter.DelegatingFilterProxy.doFilter(DelegatingFilterProxy.java:278) ~[spring-web-6.2.14.jar:6.2.14]
	at org.apache.catalina.core.ApplicationFilterChain.internalDoFilter(ApplicationFilterChain.java:162) ~[tomcat-embed-core-10.1.49.jar:10.1.49]
	at org.apache.catalina.core.ApplicationFilterChain.doFilter(ApplicationFilterChain.java:138) ~[tomcat-embed-core-10.1.49.jar:10.1.49]
	at org.springframework.web.filter.RequestContextFilter.doFilterInternal(RequestContextFilter.java:100) ~[spring-web-6.2.14.jar:6.2.14]
	at org.springframework.web.filter.OncePerRequestFilter.doFilter(OncePerRequestFilter.java:116) ~[spring-web-6.2.14.jar:6.2.14]
	at org.apache.catalina.core.ApplicationFilterChain.internalDoFilter(ApplicationFilterChain.java:162) ~[tomcat-embed-core-10.1.49.jar:10.1.49]
	at org.apache.catalina.core.ApplicationFilterChain.doFilter(ApplicationFilterChain.java:138) ~[tomcat-embed-core-10.1.49.jar:10.1.49]
	at org.springframework.web.filter.FormContentFilter.doFilterInternal(FormContentFilter.java:93) ~[spring-web-6.2.14.jar:6.2.14]
	at org.springframework.web.filter.OncePerRequestFilter.doFilter(OncePerRequestFilter.java:116) ~[spring-web-6.2.14.jar:6.2.14]
	at org.apache.catalina.core.ApplicationFilterChain.internalDoFilter(ApplicationFilterChain.java:162) ~[tomcat-embed-core-10.1.49.jar:10.1.49]
	at org.apache.catalina.core.ApplicationFilterChain.doFilter(ApplicationFilterChain.java:138) ~[tomcat-embed-core-10.1.49.jar:10.1.49]
	at org.springframework.web.filter.CharacterEncodingFilter.doFilterInternal(CharacterEncodingFilter.java:201) ~[spring-web-6.2.14.jar:6.2.14]
	at org.springframework.web.filter.OncePerRequestFilter.doFilter(OncePerRequestFilter.java:116) ~[spring-web-6.2.14.jar:6.2.14]
	at org.apache.catalina.core.ApplicationFilterChain.internalDoFilter(ApplicationFilterChain.java:162) ~[tomcat-embed-core-10.1.49.jar:10.1.49]
	at org.apache.catalina.core.ApplicationFilterChain.doFilter(ApplicationFilterChain.java:138) ~[tomcat-embed-core-10.1.49.jar:10.1.49]
	at org.apache.catalina.core.StandardWrapperValve.invoke(StandardWrapperValve.java:165) ~[tomcat-embed-core-10.1.49.jar:10.1.49]
	at org.apache.catalina.core.StandardContextValve.invoke(StandardContextValve.java:88) ~[tomcat-embed-core-10.1.49.jar:10.1.49]
	at org.apache.catalina.authenticator.AuthenticatorBase.invoke(AuthenticatorBase.java:482) ~[tomcat-embed-core-10.1.49.jar:10.1.49]
	at org.apache.catalina.core.StandardHostValve.invoke(StandardHostValve.java:113) ~[tomcat-embed-core-10.1.49.jar:10.1.49]
	at org.apache.catalina.valves.ErrorReportValve.invoke(ErrorReportValve.java:83) ~[tomcat-embed-core-10.1.49.jar:10.1.49]
	at org.apache.catalina.core.StandardEngineValve.invoke(StandardEngineValve.java:72) ~[tomcat-embed-core-10.1.49.jar:10.1.49]
	at org.apache.catalina.connector.CoyoteAdapter.service(CoyoteAdapter.java:342) ~[tomcat-embed-core-10.1.49.jar:10.1.49]
	at org.apache.coyote.http11.Http11Processor.service(Http11Processor.java:399) ~[tomcat-embed-core-10.1.49.jar:10.1.49]
	at org.apache.coyote.AbstractProcessorLight.process(AbstractProcessorLight.java:63) ~[tomcat-embed-core-10.1.49.jar:10.1.49]
	at org.apache.coyote.AbstractProtocol$ConnectionHandler.process(AbstractProtocol.java:903) ~[tomcat-embed-core-10.1.49.jar:10.1.49]
	at org.apache.tomcat.util.net.NioEndpoint$SocketProcessor.doRun(NioEndpoint.java:1774) ~[tomcat-embed-core-10.1.49.jar:10.1.49]
	at org.apache.tomcat.util.net.SocketProcessorBase.run(SocketProcessorBase.java:52) ~[tomcat-embed-core-10.1.49.jar:10.1.49]
	at java.base/java.lang.VirtualThread.run(VirtualThread.java:329) ~[?:?]
14:59:33.015 [tomcat-handler-5] ERROR ServiceExceptionHandler - No static resource api/clients/dummy.
org.springframework.web.servlet.resource.NoResourceFoundException: No static resource api/clients/dummy.
	at org.springframework.web.servlet.resource.ResourceHttpRequestHandler.handleRequest(ResourceHttpRequestHandler.java:585) ~[spring-webmvc-6.2.14.jar:6.2.14]
	at org.springframework.web.servlet.mvc.HttpRequestHandlerAdapter.handle(HttpRequestHandlerAdapter.java:52) ~[spring-webmvc-6.2.14.jar:6.2.14]
	at org.springframework.web.servlet.DispatcherServlet.doDispatch(DispatcherServlet.java:1089) ~[spring-webmvc-6.2.14.jar:6.2.14]
	at org.springframework.web.servlet.DispatcherServlet.doService(DispatcherServlet.java:979) ~[spring-webmvc-6.2.14.jar:6.2.14]
	at org.springframework.web.servlet.FrameworkServlet.processRequest(FrameworkServlet.java:1014) ~[spring-webmvc-6.2.14.jar:6.2.14]
	at org.springframework.web.servlet.FrameworkServlet.doGet(FrameworkServlet.java:903) ~[spring-webmvc-6.2.14.jar:6.2.14]
	at jakarta.servlet.http.HttpServlet.service(HttpServlet.java:564) ~[tomcat-embed-core-10.1.49.jar:6.0]
	at org.springframework.web.servlet.FrameworkServlet.service(FrameworkServlet.java:885) ~[spring-webmvc-6.2.14.jar:6.2.14]
	at jakarta.servlet.http.HttpServlet.service(HttpServlet.java:658) ~[tomcat-embed-core-10.1.49.jar:6.0]
	at org.apache.catalina.core.ApplicationFilterChain.internalDoFilter(ApplicationFilterChain.java:193) ~[tomcat-embed-core-10.1.49.jar:10.1.49]
	at org.apache.catalina.core.ApplicationFilterChain.doFilter(ApplicationFilterChain.java:138) ~[tomcat-embed-core-10.1.49.jar:10.1.49]
	at org.apache.tomcat.websocket.server.WsFilter.doFilter(WsFilter.java:51) ~[tomcat-embed-websocket-10.1.49.jar:10.1.49]
	at org.apache.catalina.core.ApplicationFilterChain.internalDoFilter(ApplicationFilterChain.java:162) ~[tomcat-embed-core-10.1.49.jar:10.1.49]
	at org.apache.catalina.core.ApplicationFilterChain.doFilter(ApplicationFilterChain.java:138) ~[tomcat-embed-core-10.1.49.jar:10.1.49]
	at org.springframework.web.filter.CompositeFilter$VirtualFilterChain.doFilter(CompositeFilter.java:108) ~[spring-web-6.2.14.jar:6.2.14]
	at org.springframework.web.filter.CompositeFilter$VirtualFilterChain.doFilter(CompositeFilter.java:108) ~[spring-web-6.2.14.jar:6.2.14]
	at org.springframework.security.web.FilterChainProxy.lambda$doFilterInternal$3(FilterChainProxy.java:231) ~[spring-security-web-6.5.7.jar:6.5.7]
	at org.springframework.security.web.FilterChainProxy$VirtualFilterChain.doFilter(FilterChainProxy.java:365) ~[spring-security-web-6.5.7.jar:6.5.7]
	at org.springframework.security.web.access.intercept.AuthorizationFilter.doFilter(AuthorizationFilter.java:101) ~[spring-security-web-6.5.7.jar:6.5.7]
	at org.springframework.security.web.FilterChainProxy$VirtualFilterChain.doFilter(FilterChainProxy.java:374) ~[spring-security-web-6.5.7.jar:6.5.7]
	at org.springframework.security.web.access.ExceptionTranslationFilter.doFilter(ExceptionTranslationFilter.java:125) ~[spring-security-web-6.5.7.jar:6.5.7]
	at org.springframework.security.web.access.ExceptionTranslationFilter.doFilter(ExceptionTranslationFilter.java:119) ~[spring-security-web-6.5.7.jar:6.5.7]
	at org.springframework.security.web.FilterChainProxy$VirtualFilterChain.doFilter(FilterChainProxy.java:374) ~[spring-security-web-6.5.7.jar:6.5.7]
	at org.springframework.security.web.authentication.AnonymousAuthenticationFilter.doFilter(AnonymousAuthenticationFilter.java:100) ~[spring-security-web-6.5.7.jar:6.5.7]
	at org.springframework.security.web.FilterChainProxy$VirtualFilterChain.doFilter(FilterChainProxy.java:374) ~[spring-security-web-6.5.7.jar:6.5.7]
	at org.springframework.security.web.servletapi.SecurityContextHolderAwareRequestFilter.doFilter(SecurityContextHolderAwareRequestFilter.java:179) ~[spring-security-web-6.5.7.jar:6.5.7]
	at org.springframework.security.web.FilterChainProxy$VirtualFilterChain.doFilter(FilterChainProxy.java:374) ~[spring-security-web-6.5.7.jar:6.5.7]
	at org.springframework.security.web.savedrequest.RequestCacheAwareFilter.doFilter(RequestCacheAwareFilter.java:63) ~[spring-security-web-6.5.7.jar:6.5.7]
	at org.springframework.security.web.FilterChainProxy$VirtualFilterChain.doFilter(FilterChainProxy.java:374) ~[spring-security-web-6.5.7.jar:6.5.7]
	at org.springframework.security.web.authentication.AuthenticationFilter.doFilterInternal(AuthenticationFilter.java:177) ~[spring-security-web-6.5.7.jar:6.5.7]
	at org.springframework.web.filter.OncePerRequestFilter.doFilter(OncePerRequestFilter.java:116) ~[spring-web-6.2.14.jar:6.2.14]
	at org.springframework.security.web.FilterChainProxy$VirtualFilterChain.doFilter(FilterChainProxy.java:374) ~[spring-security-web-6.5.7.jar:6.5.7]
	at org.springframework.security.oauth2.server.resource.web.authentication.BearerTokenAuthenticationFilter.doFilterInternal(BearerTokenAuthenticationFilter.java:158) ~[spring-security-oauth2-resource-server-6.5.7.jar:6.5.7]
	at org.springframework.web.filter.OncePerRequestFilter.doFilter(OncePerRequestFilter.java:116) ~[spring-web-6.2.14.jar:6.2.14]
	at org.springframework.security.web.FilterChainProxy$VirtualFilterChain.doFilter(FilterChainProxy.java:374) ~[spring-security-web-6.5.7.jar:6.5.7]
	at org.springframework.security.web.authentication.logout.LogoutFilter.doFilter(LogoutFilter.java:107) ~[spring-security-web-6.5.7.jar:6.5.7]
	at org.springframework.security.web.authentication.logout.LogoutFilter.doFilter(LogoutFilter.java:93) ~[spring-security-web-6.5.7.jar:6.5.7]
	at org.springframework.security.web.FilterChainProxy$VirtualFilterChain.doFilter(FilterChainProxy.java:374) ~[spring-security-web-6.5.7.jar:6.5.7]
	at org.springframework.security.web.csrf.CsrfFilter.doFilterInternal(CsrfFilter.java:117) ~[spring-security-web-6.5.7.jar:6.5.7]
	at org.springframework.web.filter.OncePerRequestFilter.doFilter(OncePerRequestFilter.java:116) ~[spring-web-6.2.14.jar:6.2.14]
	at org.springframework.security.web.FilterChainProxy$VirtualFilterChain.doFilter(FilterChainProxy.java:374) ~[spring-security-web-6.5.7.jar:6.5.7]
	at org.springframework.security.web.header.HeaderWriterFilter.doHeadersAfter(HeaderWriterFilter.java:90) ~[spring-security-web-6.5.7.jar:6.5.7]
	at org.springframework.security.web.header.HeaderWriterFilter.doFilterInternal(HeaderWriterFilter.java:75) ~[spring-security-web-6.5.7.jar:6.5.7]
	at org.springframework.web.filter.OncePerRequestFilter.doFilter(OncePerRequestFilter.java:116) ~[spring-web-6.2.14.jar:6.2.14]
	at org.springframework.security.web.FilterChainProxy$VirtualFilterChain.doFilter(FilterChainProxy.java:374) ~[spring-security-web-6.5.7.jar:6.5.7]
	at org.springframework.security.web.context.SecurityContextHolderFilter.doFilter(SecurityContextHolderFilter.java:82) ~[spring-security-web-6.5.7.jar:6.5.7]
	at org.springframework.security.web.context.SecurityContextHolderFilter.doFilter(SecurityContextHolderFilter.java:69) ~[spring-security-web-6.5.7.jar:6.5.7]
	at org.springframework.security.web.FilterChainProxy$VirtualFilterChain.doFilter(FilterChainProxy.java:374) ~[spring-security-web-6.5.7.jar:6.5.7]
	at org.springframework.security.web.context.request.async.WebAsyncManagerIntegrationFilter.doFilterInternal(WebAsyncManagerIntegrationFilter.java:62) ~[spring-security-web-6.5.7.jar:6.5.7]
	at org.springframework.web.filter.OncePerRequestFilter.doFilter(OncePerRequestFilter.java:116) ~[spring-web-6.2.14.jar:6.2.14]
	at org.springframework.security.web.FilterChainProxy$VirtualFilterChain.doFilter(FilterChainProxy.java:374) ~[spring-security-web-6.5.7.jar:6.5.7]
	at org.springframework.security.web.session.DisableEncodeUrlFilter.doFilterInternal(DisableEncodeUrlFilter.java:42) ~[spring-security-web-6.5.7.jar:6.5.7]
	at org.springframework.web.filter.OncePerRequestFilter.doFilter(OncePerRequestFilter.java:116) ~[spring-web-6.2.14.jar:6.2.14]
	at org.springframework.security.web.FilterChainProxy$VirtualFilterChain.doFilter(FilterChainProxy.java:374) ~[spring-security-web-6.5.7.jar:6.5.7]
	at org.springframework.security.web.FilterChainProxy.doFilterInternal(FilterChainProxy.java:233) ~[spring-security-web-6.5.7.jar:6.5.7]
	at org.springframework.security.web.FilterChainProxy.doFilter(FilterChainProxy.java:191) ~[spring-security-web-6.5.7.jar:6.5.7]
	at org.springframework.web.filter.CompositeFilter$VirtualFilterChain.doFilter(CompositeFilter.java:113) ~[spring-web-6.2.14.jar:6.2.14]
	at org.springframework.web.filter.ServletRequestPathFilter.doFilter(ServletRequestPathFilter.java:52) ~[spring-web-6.2.14.jar:6.2.14]
	at org.springframework.web.filter.CompositeFilter$VirtualFilterChain.doFilter(CompositeFilter.java:113) ~[spring-web-6.2.14.jar:6.2.14]
	at org.springframework.web.filter.CompositeFilter.doFilter(CompositeFilter.java:74) ~[spring-web-6.2.14.jar:6.2.14]
	at org.springframework.security.config.annotation.web.configuration.WebSecurityConfiguration$CompositeFilterChainProxy.doFilter(WebSecurityConfiguration.java:319) ~[spring-security-config-6.5.7.jar:6.5.7]
	at org.springframework.web.filter.CompositeFilter$VirtualFilterChain.doFilter(CompositeFilter.java:113) ~[spring-web-6.2.14.jar:6.2.14]
	at org.springframework.web.servlet.handler.HandlerMappingIntrospector.lambda$createCacheFilter$4(HandlerMappingIntrospector.java:267) ~[spring-webmvc-6.2.14.jar:6.2.14]
	at org.springframework.web.filter.CompositeFilter$VirtualFilterChain.doFilter(CompositeFilter.java:113) ~[spring-web-6.2.14.jar:6.2.14]
	at org.springframework.web.filter.CompositeFilter.doFilter(CompositeFilter.java:74) ~[spring-web-6.2.14.jar:6.2.14]
	at org.springframework.security.config.annotation.web.configuration.WebMvcSecurityConfiguration$CompositeFilterChainProxy.doFilter(WebMvcSecurityConfiguration.java:240) ~[spring-security-config-6.5.7.jar:6.5.7]
	at org.springframework.web.filter.DelegatingFilterProxy.invokeDelegate(DelegatingFilterProxy.java:362) ~[spring-web-6.2.14.jar:6.2.14]
	at org.springframework.web.filter.DelegatingFilterProxy.doFilter(DelegatingFilterProxy.java:278) ~[spring-web-6.2.14.jar:6.2.14]
	at org.apache.catalina.core.ApplicationFilterChain.internalDoFilter(ApplicationFilterChain.java:162) ~[tomcat-embed-core-10.1.49.jar:10.1.49]
	at org.apache.catalina.core.ApplicationFilterChain.doFilter(ApplicationFilterChain.java:138) ~[tomcat-embed-core-10.1.49.jar:10.1.49]
	at org.springframework.web.filter.RequestContextFilter.doFilterInternal(RequestContextFilter.java:100) ~[spring-web-6.2.14.jar:6.2.14]
	at org.springframework.web.filter.OncePerRequestFilter.doFilter(OncePerRequestFilter.java:116) ~[spring-web-6.2.14.jar:6.2.14]
	at org.apache.catalina.core.ApplicationFilterChain.internalDoFilter(ApplicationFilterChain.java:162) ~[tomcat-embed-core-10.1.49.jar:10.1.49]
	at org.apache.catalina.core.ApplicationFilterChain.doFilter(ApplicationFilterChain.java:138) ~[tomcat-embed-core-10.1.49.jar:10.1.49]
	at org.springframework.web.filter.FormContentFilter.doFilterInternal(FormContentFilter.java:93) ~[spring-web-6.2.14.jar:6.2.14]
	at org.springframework.web.filter.OncePerRequestFilter.doFilter(OncePerRequestFilter.java:116) ~[spring-web-6.2.14.jar:6.2.14]
	at org.apache.catalina.core.ApplicationFilterChain.internalDoFilter(ApplicationFilterChain.java:162) ~[tomcat-embed-core-10.1.49.jar:10.1.49]
	at org.apache.catalina.core.ApplicationFilterChain.doFilter(ApplicationFilterChain.java:138) ~[tomcat-embed-core-10.1.49.jar:10.1.49]
	at org.springframework.web.filter.CharacterEncodingFilter.doFilterInternal(CharacterEncodingFilter.java:201) ~[spring-web-6.2.14.jar:6.2.14]
	at org.springframework.web.filter.OncePerRequestFilter.doFilter(OncePerRequestFilter.java:116) ~[spring-web-6.2.14.jar:6.2.14]
	at org.apache.catalina.core.ApplicationFilterChain.internalDoFilter(ApplicationFilterChain.java:162) ~[tomcat-embed-core-10.1.49.jar:10.1.49]
	at org.apache.catalina.core.ApplicationFilterChain.doFilter(ApplicationFilterChain.java:138) ~[tomcat-embed-core-10.1.49.jar:10.1.49]
	at org.apache.catalina.core.StandardWrapperValve.invoke(StandardWrapperValve.java:165) ~[tomcat-embed-core-10.1.49.jar:10.1.49]
	at org.apache.catalina.core.StandardContextValve.invoke(StandardContextValve.java:88) ~[tomcat-embed-core-10.1.49.jar:10.1.49]
	at org.apache.catalina.authenticator.AuthenticatorBase.invoke(AuthenticatorBase.java:482) ~[tomcat-embed-core-10.1.49.jar:10.1.49]
	at org.apache.catalina.core.StandardHostValve.invoke(StandardHostValve.java:113) ~[tomcat-embed-core-10.1.49.jar:10.1.49]
	at org.apache.catalina.valves.ErrorReportValve.invoke(ErrorReportValve.java:83) ~[tomcat-embed-core-10.1.49.jar:10.1.49]
	at org.apache.catalina.core.StandardEngineValve.invoke(StandardEngineValve.java:72) ~[tomcat-embed-core-10.1.49.jar:10.1.49]
	at org.apache.catalina.connector.CoyoteAdapter.service(CoyoteAdapter.java:342) ~[tomcat-embed-core-10.1.49.jar:10.1.49]
	at org.apache.coyote.http11.Http11Processor.service(Http11Processor.java:399) ~[tomcat-embed-core-10.1.49.jar:10.1.49]
	at org.apache.coyote.AbstractProcessorLight.process(AbstractProcessorLight.java:63) ~[tomcat-embed-core-10.1.49.jar:10.1.49]
	at org.apache.coyote.AbstractProtocol$ConnectionHandler.process(AbstractProtocol.java:903) ~[tomcat-embed-core-10.1.49.jar:10.1.49]
	at org.apache.tomcat.util.net.NioEndpoint$SocketProcessor.doRun(NioEndpoint.java:1774) ~[tomcat-embed-core-10.1.49.jar:10.1.49]
	at org.apache.tomcat.util.net.SocketProcessorBase.run(SocketProcessorBase.java:52) ~[tomcat-embed-core-10.1.49.jar:10.1.49]
	at java.base/java.lang.VirtualThread.run(VirtualThread.java:329) ~[?:?]
14:59:33.725 [tomcat-handler-7] ERROR ServiceExceptionHandler - No static resource api/clients/dummy.
org.springframework.web.servlet.resource.NoResourceFoundException: No static resource api/clients/dummy.
	at org.springframework.web.servlet.resource.ResourceHttpRequestHandler.handleRequest(ResourceHttpRequestHandler.java:585) ~[spring-webmvc-6.2.14.jar:6.2.14]
	at org.springframework.web.servlet.mvc.HttpRequestHandlerAdapter.handle(HttpRequestHandlerAdapter.java:52) ~[spring-webmvc-6.2.14.jar:6.2.14]
	at org.springframework.web.servlet.DispatcherServlet.doDispatch(DispatcherServlet.java:1089) ~[spring-webmvc-6.2.14.jar:6.2.14]
	at org.springframework.web.servlet.DispatcherServlet.doService(DispatcherServlet.java:979) ~[spring-webmvc-6.2.14.jar:6.2.14]
	at org.springframework.web.servlet.FrameworkServlet.processRequest(FrameworkServlet.java:1014) ~[spring-webmvc-6.2.14.jar:6.2.14]
	at org.springframework.web.servlet.FrameworkServlet.doGet(FrameworkServlet.java:903) ~[spring-webmvc-6.2.14.jar:6.2.14]
	at jakarta.servlet.http.HttpServlet.service(HttpServlet.java:564) ~[tomcat-embed-core-10.1.49.jar:6.0]
	at org.springframework.web.servlet.FrameworkServlet.service(FrameworkServlet.java:885) ~[spring-webmvc-6.2.14.jar:6.2.14]
	at jakarta.servlet.http.HttpServlet.service(HttpServlet.java:658) ~[tomcat-embed-core-10.1.49.jar:6.0]
	at org.apache.catalina.core.ApplicationFilterChain.internalDoFilter(ApplicationFilterChain.java:193) ~[tomcat-embed-core-10.1.49.jar:10.1.49]
	at org.apache.catalina.core.ApplicationFilterChain.doFilter(ApplicationFilterChain.java:138) ~[tomcat-embed-core-10.1.49.jar:10.1.49]
	at org.apache.tomcat.websocket.server.WsFilter.doFilter(WsFilter.java:51) ~[tomcat-embed-websocket-10.1.49.jar:10.1.49]
	at org.apache.catalina.core.ApplicationFilterChain.internalDoFilter(ApplicationFilterChain.java:162) ~[tomcat-embed-core-10.1.49.jar:10.1.49]
	at org.apache.catalina.core.ApplicationFilterChain.doFilter(ApplicationFilterChain.java:138) ~[tomcat-embed-core-10.1.49.jar:10.1.49]
	at org.springframework.web.filter.CompositeFilter$VirtualFilterChain.doFilter(CompositeFilter.java:108) ~[spring-web-6.2.14.jar:6.2.14]
	at org.springframework.web.filter.CompositeFilter$VirtualFilterChain.doFilter(CompositeFilter.java:108) ~[spring-web-6.2.14.jar:6.2.14]
	at org.springframework.security.web.FilterChainProxy.lambda$doFilterInternal$3(FilterChainProxy.java:231) ~[spring-security-web-6.5.7.jar:6.5.7]
	at org.springframework.security.web.FilterChainProxy$VirtualFilterChain.doFilter(FilterChainProxy.java:365) ~[spring-security-web-6.5.7.jar:6.5.7]
	at org.springframework.security.web.access.intercept.AuthorizationFilter.doFilter(AuthorizationFilter.java:101) ~[spring-security-web-6.5.7.jar:6.5.7]
	at org.springframework.security.web.FilterChainProxy$VirtualFilterChain.doFilter(FilterChainProxy.java:374) ~[spring-security-web-6.5.7.jar:6.5.7]
	at org.springframework.security.web.access.ExceptionTranslationFilter.doFilter(ExceptionTranslationFilter.java:125) ~[spring-security-web-6.5.7.jar:6.5.7]
	at org.springframework.security.web.access.ExceptionTranslationFilter.doFilter(ExceptionTranslationFilter.java:119) ~[spring-security-web-6.5.7.jar:6.5.7]
	at org.springframework.security.web.FilterChainProxy$VirtualFilterChain.doFilter(FilterChainProxy.java:374) ~[spring-security-web-6.5.7.jar:6.5.7]
	at org.springframework.security.web.authentication.AnonymousAuthenticationFilter.doFilter(AnonymousAuthenticationFilter.java:100) ~[spring-security-web-6.5.7.jar:6.5.7]
	at org.springframework.security.web.FilterChainProxy$VirtualFilterChain.doFilter(FilterChainProxy.java:374) ~[spring-security-web-6.5.7.jar:6.5.7]
	at org.springframework.security.web.servletapi.SecurityContextHolderAwareRequestFilter.doFilter(SecurityContextHolderAwareRequestFilter.java:179) ~[spring-security-web-6.5.7.jar:6.5.7]
	at org.springframework.security.web.FilterChainProxy$VirtualFilterChain.doFilter(FilterChainProxy.java:374) ~[spring-security-web-6.5.7.jar:6.5.7]
	at org.springframework.security.web.savedrequest.RequestCacheAwareFilter.doFilter(RequestCacheAwareFilter.java:63) ~[spring-security-web-6.5.7.jar:6.5.7]
	at org.springframework.security.web.FilterChainProxy$VirtualFilterChain.doFilter(FilterChainProxy.java:374) ~[spring-security-web-6.5.7.jar:6.5.7]
	at org.springframework.security.web.authentication.AuthenticationFilter.doFilterInternal(AuthenticationFilter.java:177) ~[spring-security-web-6.5.7.jar:6.5.7]
	at org.springframework.web.filter.OncePerRequestFilter.doFilter(OncePerRequestFilter.java:116) ~[spring-web-6.2.14.jar:6.2.14]
	at org.springframework.security.web.FilterChainProxy$VirtualFilterChain.doFilter(FilterChainProxy.java:374) ~[spring-security-web-6.5.7.jar:6.5.7]
	at org.springframework.security.oauth2.server.resource.web.authentication.BearerTokenAuthenticationFilter.doFilterInternal(BearerTokenAuthenticationFilter.java:158) ~[spring-security-oauth2-resource-server-6.5.7.jar:6.5.7]
	at org.springframework.web.filter.OncePerRequestFilter.doFilter(OncePerRequestFilter.java:116) ~[spring-web-6.2.14.jar:6.2.14]
	at org.springframework.security.web.FilterChainProxy$VirtualFilterChain.doFilter(FilterChainProxy.java:374) ~[spring-security-web-6.5.7.jar:6.5.7]
	at org.springframework.security.web.authentication.logout.LogoutFilter.doFilter(LogoutFilter.java:107) ~[spring-security-web-6.5.7.jar:6.5.7]
	at org.springframework.security.web.authentication.logout.LogoutFilter.doFilter(LogoutFilter.java:93) ~[spring-security-web-6.5.7.jar:6.5.7]
	at org.springframework.security.web.FilterChainProxy$VirtualFilterChain.doFilter(FilterChainProxy.java:374) ~[spring-security-web-6.5.7.jar:6.5.7]
	at org.springframework.security.web.csrf.CsrfFilter.doFilterInternal(CsrfFilter.java:117) ~[spring-security-web-6.5.7.jar:6.5.7]
	at org.springframework.web.filter.OncePerRequestFilter.doFilter(OncePerRequestFilter.java:116) ~[spring-web-6.2.14.jar:6.2.14]
	at org.springframework.security.web.FilterChainProxy$VirtualFilterChain.doFilter(FilterChainProxy.java:374) ~[spring-security-web-6.5.7.jar:6.5.7]
	at org.springframework.security.web.header.HeaderWriterFilter.doHeadersAfter(HeaderWriterFilter.java:90) ~[spring-security-web-6.5.7.jar:6.5.7]
	at org.springframework.security.web.header.HeaderWriterFilter.doFilterInternal(HeaderWriterFilter.java:75) ~[spring-security-web-6.5.7.jar:6.5.7]
	at org.springframework.web.filter.OncePerRequestFilter.doFilter(OncePerRequestFilter.java:116) ~[spring-web-6.2.14.jar:6.2.14]
	at org.springframework.security.web.FilterChainProxy$VirtualFilterChain.doFilter(FilterChainProxy.java:374) ~[spring-security-web-6.5.7.jar:6.5.7]
	at org.springframework.security.web.context.SecurityContextHolderFilter.doFilter(SecurityContextHolderFilter.java:82) ~[spring-security-web-6.5.7.jar:6.5.7]
	at org.springframework.security.web.context.SecurityContextHolderFilter.doFilter(SecurityContextHolderFilter.java:69) ~[spring-security-web-6.5.7.jar:6.5.7]
	at org.springframework.security.web.FilterChainProxy$VirtualFilterChain.doFilter(FilterChainProxy.java:374) ~[spring-security-web-6.5.7.jar:6.5.7]
	at org.springframework.security.web.context.request.async.WebAsyncManagerIntegrationFilter.doFilterInternal(WebAsyncManagerIntegrationFilter.java:62) ~[spring-security-web-6.5.7.jar:6.5.7]
	at org.springframework.web.filter.OncePerRequestFilter.doFilter(OncePerRequestFilter.java:116) ~[spring-web-6.2.14.jar:6.2.14]
	at org.springframework.security.web.FilterChainProxy$VirtualFilterChain.doFilter(FilterChainProxy.java:374) ~[spring-security-web-6.5.7.jar:6.5.7]
	at org.springframework.security.web.session.DisableEncodeUrlFilter.doFilterInternal(DisableEncodeUrlFilter.java:42) ~[spring-security-web-6.5.7.jar:6.5.7]
	at org.springframework.web.filter.OncePerRequestFilter.doFilter(OncePerRequestFilter.java:116) ~[spring-web-6.2.14.jar:6.2.14]
	at org.springframework.security.web.FilterChainProxy$VirtualFilterChain.doFilter(FilterChainProxy.java:374) ~[spring-security-web-6.5.7.jar:6.5.7]
	at org.springframework.security.web.FilterChainProxy.doFilterInternal(FilterChainProxy.java:233) ~[spring-security-web-6.5.7.jar:6.5.7]
	at org.springframework.security.web.FilterChainProxy.doFilter(FilterChainProxy.java:191) ~[spring-security-web-6.5.7.jar:6.5.7]
	at org.springframework.web.filter.CompositeFilter$VirtualFilterChain.doFilter(CompositeFilter.java:113) ~[spring-web-6.2.14.jar:6.2.14]
	at org.springframework.web.filter.ServletRequestPathFilter.doFilter(ServletRequestPathFilter.java:52) ~[spring-web-6.2.14.jar:6.2.14]
	at org.springframework.web.filter.CompositeFilter$VirtualFilterChain.doFilter(CompositeFilter.java:113) ~[spring-web-6.2.14.jar:6.2.14]
	at org.springframework.web.filter.CompositeFilter.doFilter(CompositeFilter.java:74) ~[spring-web-6.2.14.jar:6.2.14]
	at org.springframework.security.config.annotation.web.configuration.WebSecurityConfiguration$CompositeFilterChainProxy.doFilter(WebSecurityConfiguration.java:319) ~[spring-security-config-6.5.7.jar:6.5.7]
	at org.springframework.web.filter.CompositeFilter$VirtualFilterChain.doFilter(CompositeFilter.java:113) ~[spring-web-6.2.14.jar:6.2.14]
	at org.springframework.web.servlet.handler.HandlerMappingIntrospector.lambda$createCacheFilter$4(HandlerMappingIntrospector.java:267) ~[spring-webmvc-6.2.14.jar:6.2.14]
	at org.springframework.web.filter.CompositeFilter$VirtualFilterChain.doFilter(CompositeFilter.java:113) ~[spring-web-6.2.14.jar:6.2.14]
	at org.springframework.web.filter.CompositeFilter.doFilter(CompositeFilter.java:74) ~[spring-web-6.2.14.jar:6.2.14]
	at org.springframework.security.config.annotation.web.configuration.WebMvcSecurityConfiguration$CompositeFilterChainProxy.doFilter(WebMvcSecurityConfiguration.java:240) ~[spring-security-config-6.5.7.jar:6.5.7]
	at org.springframework.web.filter.DelegatingFilterProxy.invokeDelegate(DelegatingFilterProxy.java:362) ~[spring-web-6.2.14.jar:6.2.14]
	at org.springframework.web.filter.DelegatingFilterProxy.doFilter(DelegatingFilterProxy.java:278) ~[spring-web-6.2.14.jar:6.2.14]
	at org.apache.catalina.core.ApplicationFilterChain.internalDoFilter(ApplicationFilterChain.java:162) ~[tomcat-embed-core-10.1.49.jar:10.1.49]
	at org.apache.catalina.core.ApplicationFilterChain.doFilter(ApplicationFilterChain.java:138) ~[tomcat-embed-core-10.1.49.jar:10.1.49]
	at org.springframework.web.filter.RequestContextFilter.doFilterInternal(RequestContextFilter.java:100) ~[spring-web-6.2.14.jar:6.2.14]
	at org.springframework.web.filter.OncePerRequestFilter.doFilter(OncePerRequestFilter.java:116) ~[spring-web-6.2.14.jar:6.2.14]
	at org.apache.catalina.core.ApplicationFilterChain.internalDoFilter(ApplicationFilterChain.java:162) ~[tomcat-embed-core-10.1.49.jar:10.1.49]
	at org.apache.catalina.core.ApplicationFilterChain.doFilter(ApplicationFilterChain.java:138) ~[tomcat-embed-core-10.1.49.jar:10.1.49]
	at org.springframework.web.filter.FormContentFilter.doFilterInternal(FormContentFilter.java:93) ~[spring-web-6.2.14.jar:6.2.14]
	at org.springframework.web.filter.OncePerRequestFilter.doFilter(OncePerRequestFilter.java:116) ~[spring-web-6.2.14.jar:6.2.14]
	at org.apache.catalina.core.ApplicationFilterChain.internalDoFilter(ApplicationFilterChain.java:162) ~[tomcat-embed-core-10.1.49.jar:10.1.49]
	at org.apache.catalina.core.ApplicationFilterChain.doFilter(ApplicationFilterChain.java:138) ~[tomcat-embed-core-10.1.49.jar:10.1.49]
	at org.springframework.web.filter.CharacterEncodingFilter.doFilterInternal(CharacterEncodingFilter.java:201) ~[spring-web-6.2.14.jar:6.2.14]
	at org.springframework.web.filter.OncePerRequestFilter.doFilter(OncePerRequestFilter.java:116) ~[spring-web-6.2.14.jar:6.2.14]
	at org.apache.catalina.core.ApplicationFilterChain.internalDoFilter(ApplicationFilterChain.java:162) ~[tomcat-embed-core-10.1.49.jar:10.1.49]
	at org.apache.catalina.core.ApplicationFilterChain.doFilter(ApplicationFilterChain.java:138) ~[tomcat-embed-core-10.1.49.jar:10.1.49]
	at org.apache.catalina.core.StandardWrapperValve.invoke(StandardWrapperValve.java:165) ~[tomcat-embed-core-10.1.49.jar:10.1.49]
	at org.apache.catalina.core.StandardContextValve.invoke(StandardContextValve.java:88) ~[tomcat-embed-core-10.1.49.jar:10.1.49]
	at org.apache.catalina.authenticator.AuthenticatorBase.invoke(AuthenticatorBase.java:482) ~[tomcat-embed-core-10.1.49.jar:10.1.49]
	at org.apache.catalina.core.StandardHostValve.invoke(StandardHostValve.java:113) ~[tomcat-embed-core-10.1.49.jar:10.1.49]
	at org.apache.catalina.valves.ErrorReportValve.invoke(ErrorReportValve.java:83) ~[tomcat-embed-core-10.1.49.jar:10.1.49]
	at org.apache.catalina.core.StandardEngineValve.invoke(StandardEngineValve.java:72) ~[tomcat-embed-core-10.1.49.jar:10.1.49]
	at org.apache.catalina.connector.CoyoteAdapter.service(CoyoteAdapter.java:342) ~[tomcat-embed-core-10.1.49.jar:10.1.49]
	at org.apache.coyote.http11.Http11Processor.service(Http11Processor.java:399) ~[tomcat-embed-core-10.1.49.jar:10.1.49]
	at org.apache.coyote.AbstractProcessorLight.process(AbstractProcessorLight.java:63) ~[tomcat-embed-core-10.1.49.jar:10.1.49]
	at org.apache.coyote.AbstractProtocol$ConnectionHandler.process(AbstractProtocol.java:903) ~[tomcat-embed-core-10.1.49.jar:10.1.49]
	at org.apache.tomcat.util.net.NioEndpoint$SocketProcessor.doRun(NioEndpoint.java:1774) ~[tomcat-embed-core-10.1.49.jar:10.1.49]
	at org.apache.tomcat.util.net.SocketProcessorBase.run(SocketProcessorBase.java:52) ~[tomcat-embed-core-10.1.49.jar:10.1.49]
	at java.base/java.lang.VirtualThread.run(VirtualThread.java:329) ~[?:?]
14:59:34.140 [tomcat-handler-9] ERROR ServiceExceptionHandler - No static resource api/clients/dummy.
org.springframework.web.servlet.resource.NoResourceFoundException: No static resource api/clients/dummy.
	at org.springframework.web.servlet.resource.ResourceHttpRequestHandler.handleRequest(ResourceHttpRequestHandler.java:585) ~[spring-webmvc-6.2.14.jar:6.2.14]
	at org.springframework.web.servlet.mvc.HttpRequestHandlerAdapter.handle(HttpRequestHandlerAdapter.java:52) ~[spring-webmvc-6.2.14.jar:6.2.14]
	at org.springframework.web.servlet.DispatcherServlet.doDispatch(DispatcherServlet.java:1089) ~[spring-webmvc-6.2.14.jar:6.2.14]
	at org.springframework.web.servlet.DispatcherServlet.doService(DispatcherServlet.java:979) ~[spring-webmvc-6.2.14.jar:6.2.14]
	at org.springframework.web.servlet.FrameworkServlet.processRequest(FrameworkServlet.java:1014) ~[spring-webmvc-6.2.14.jar:6.2.14]
	at org.springframework.web.servlet.FrameworkServlet.doGet(FrameworkServlet.java:903) ~[spring-webmvc-6.2.14.jar:6.2.14]
	at jakarta.servlet.http.HttpServlet.service(HttpServlet.java:564) ~[tomcat-embed-core-10.1.49.jar:6.0]
	at org.springframework.web.servlet.FrameworkServlet.service(FrameworkServlet.java:885) ~[spring-webmvc-6.2.14.jar:6.2.14]
	at jakarta.servlet.http.HttpServlet.service(HttpServlet.java:658) ~[tomcat-embed-core-10.1.49.jar:6.0]
	at org.apache.catalina.core.ApplicationFilterChain.internalDoFilter(ApplicationFilterChain.java:193) ~[tomcat-embed-core-10.1.49.jar:10.1.49]
	at org.apache.catalina.core.ApplicationFilterChain.doFilter(ApplicationFilterChain.java:138) ~[tomcat-embed-core-10.1.49.jar:10.1.49]
	at org.apache.tomcat.websocket.server.WsFilter.doFilter(WsFilter.java:51) ~[tomcat-embed-websocket-10.1.49.jar:10.1.49]
	at org.apache.catalina.core.ApplicationFilterChain.internalDoFilter(ApplicationFilterChain.java:162) ~[tomcat-embed-core-10.1.49.jar:10.1.49]
	at org.apache.catalina.core.ApplicationFilterChain.doFilter(ApplicationFilterChain.java:138) ~[tomcat-embed-core-10.1.49.jar:10.1.49]
	at org.springframework.web.filter.CompositeFilter$VirtualFilterChain.doFilter(CompositeFilter.java:108) ~[spring-web-6.2.14.jar:6.2.14]
	at org.springframework.web.filter.CompositeFilter$VirtualFilterChain.doFilter(CompositeFilter.java:108) ~[spring-web-6.2.14.jar:6.2.14]
	at org.springframework.security.web.FilterChainProxy.lambda$doFilterInternal$3(FilterChainProxy.java:231) ~[spring-security-web-6.5.7.jar:6.5.7]
	at org.springframework.security.web.FilterChainProxy$VirtualFilterChain.doFilter(FilterChainProxy.java:365) ~[spring-security-web-6.5.7.jar:6.5.7]
	at org.springframework.security.web.access.intercept.AuthorizationFilter.doFilter(AuthorizationFilter.java:101) ~[spring-security-web-6.5.7.jar:6.5.7]
	at org.springframework.security.web.FilterChainProxy$VirtualFilterChain.doFilter(FilterChainProxy.java:374) ~[spring-security-web-6.5.7.jar:6.5.7]
	at org.springframework.security.web.access.ExceptionTranslationFilter.doFilter(ExceptionTranslationFilter.java:125) ~[spring-security-web-6.5.7.jar:6.5.7]
	at org.springframework.security.web.access.ExceptionTranslationFilter.doFilter(ExceptionTranslationFilter.java:119) ~[spring-security-web-6.5.7.jar:6.5.7]
	at org.springframework.security.web.FilterChainProxy$VirtualFilterChain.doFilter(FilterChainProxy.java:374) ~[spring-security-web-6.5.7.jar:6.5.7]
	at org.springframework.security.web.authentication.AnonymousAuthenticationFilter.doFilter(AnonymousAuthenticationFilter.java:100) ~[spring-security-web-6.5.7.jar:6.5.7]
	at org.springframework.security.web.FilterChainProxy$VirtualFilterChain.doFilter(FilterChainProxy.java:374) ~[spring-security-web-6.5.7.jar:6.5.7]
	at org.springframework.security.web.servletapi.SecurityContextHolderAwareRequestFilter.doFilter(SecurityContextHolderAwareRequestFilter.java:179) ~[spring-security-web-6.5.7.jar:6.5.7]
	at org.springframework.security.web.FilterChainProxy$VirtualFilterChain.doFilter(FilterChainProxy.java:374) ~[spring-security-web-6.5.7.jar:6.5.7]
	at org.springframework.security.web.savedrequest.RequestCacheAwareFilter.doFilter(RequestCacheAwareFilter.java:63) ~[spring-security-web-6.5.7.jar:6.5.7]
	at org.springframework.security.web.FilterChainProxy$VirtualFilterChain.doFilter(FilterChainProxy.java:374) ~[spring-security-web-6.5.7.jar:6.5.7]
	at org.springframework.security.web.authentication.AuthenticationFilter.doFilterInternal(AuthenticationFilter.java:177) ~[spring-security-web-6.5.7.jar:6.5.7]
	at org.springframework.web.filter.OncePerRequestFilter.doFilter(OncePerRequestFilter.java:116) ~[spring-web-6.2.14.jar:6.2.14]
	at org.springframework.security.web.FilterChainProxy$VirtualFilterChain.doFilter(FilterChainProxy.java:374) ~[spring-security-web-6.5.7.jar:6.5.7]
	at org.springframework.security.oauth2.server.resource.web.authentication.BearerTokenAuthenticationFilter.doFilterInternal(BearerTokenAuthenticationFilter.java:158) ~[spring-security-oauth2-resource-server-6.5.7.jar:6.5.7]
	at org.springframework.web.filter.OncePerRequestFilter.doFilter(OncePerRequestFilter.java:116) ~[spring-web-6.2.14.jar:6.2.14]
	at org.springframework.security.web.FilterChainProxy$VirtualFilterChain.doFilter(FilterChainProxy.java:374) ~[spring-security-web-6.5.7.jar:6.5.7]
	at org.springframework.security.web.authentication.logout.LogoutFilter.doFilter(LogoutFilter.java:107) ~[spring-security-web-6.5.7.jar:6.5.7]
	at org.springframework.security.web.authentication.logout.LogoutFilter.doFilter(LogoutFilter.java:93) ~[spring-security-web-6.5.7.jar:6.5.7]
	at org.springframework.security.web.FilterChainProxy$VirtualFilterChain.doFilter(FilterChainProxy.java:374) ~[spring-security-web-6.5.7.jar:6.5.7]
	at org.springframework.security.web.csrf.CsrfFilter.doFilterInternal(CsrfFilter.java:117) ~[spring-security-web-6.5.7.jar:6.5.7]
	at org.springframework.web.filter.OncePerRequestFilter.doFilter(OncePerRequestFilter.java:116) ~[spring-web-6.2.14.jar:6.2.14]
	at org.springframework.security.web.FilterChainProxy$VirtualFilterChain.doFilter(FilterChainProxy.java:374) ~[spring-security-web-6.5.7.jar:6.5.7]
	at org.springframework.security.web.header.HeaderWriterFilter.doHeadersAfter(HeaderWriterFilter.java:90) ~[spring-security-web-6.5.7.jar:6.5.7]
	at org.springframework.security.web.header.HeaderWriterFilter.doFilterInternal(HeaderWriterFilter.java:75) ~[spring-security-web-6.5.7.jar:6.5.7]
	at org.springframework.web.filter.OncePerRequestFilter.doFilter(OncePerRequestFilter.java:116) ~[spring-web-6.2.14.jar:6.2.14]
	at org.springframework.security.web.FilterChainProxy$VirtualFilterChain.doFilter(FilterChainProxy.java:374) ~[spring-security-web-6.5.7.jar:6.5.7]
	at org.springframework.security.web.context.SecurityContextHolderFilter.doFilter(SecurityContextHolderFilter.java:82) ~[spring-security-web-6.5.7.jar:6.5.7]
	at org.springframework.security.web.context.SecurityContextHolderFilter.doFilter(SecurityContextHolderFilter.java:69) ~[spring-security-web-6.5.7.jar:6.5.7]
	at org.springframework.security.web.FilterChainProxy$VirtualFilterChain.doFilter(FilterChainProxy.java:374) ~[spring-security-web-6.5.7.jar:6.5.7]
	at org.springframework.security.web.context.request.async.WebAsyncManagerIntegrationFilter.doFilterInternal(WebAsyncManagerIntegrationFilter.java:62) ~[spring-security-web-6.5.7.jar:6.5.7]
	at org.springframework.web.filter.OncePerRequestFilter.doFilter(OncePerRequestFilter.java:116) ~[spring-web-6.2.14.jar:6.2.14]
	at org.springframework.security.web.FilterChainProxy$VirtualFilterChain.doFilter(FilterChainProxy.java:374) ~[spring-security-web-6.5.7.jar:6.5.7]
	at org.springframework.security.web.session.DisableEncodeUrlFilter.doFilterInternal(DisableEncodeUrlFilter.java:42) ~[spring-security-web-6.5.7.jar:6.5.7]
	at org.springframework.web.filter.OncePerRequestFilter.doFilter(OncePerRequestFilter.java:116) ~[spring-web-6.2.14.jar:6.2.14]
	at org.springframework.security.web.FilterChainProxy$VirtualFilterChain.doFilter(FilterChainProxy.java:374) ~[spring-security-web-6.5.7.jar:6.5.7]
	at org.springframework.security.web.FilterChainProxy.doFilterInternal(FilterChainProxy.java:233) ~[spring-security-web-6.5.7.jar:6.5.7]
	at org.springframework.security.web.FilterChainProxy.doFilter(FilterChainProxy.java:191) ~[spring-security-web-6.5.7.jar:6.5.7]
	at org.springframework.web.filter.CompositeFilter$VirtualFilterChain.doFilter(CompositeFilter.java:113) ~[spring-web-6.2.14.jar:6.2.14]
	at org.springframework.web.filter.ServletRequestPathFilter.doFilter(ServletRequestPathFilter.java:52) ~[spring-web-6.2.14.jar:6.2.14]
	at org.springframework.web.filter.CompositeFilter$VirtualFilterChain.doFilter(CompositeFilter.java:113) ~[spring-web-6.2.14.jar:6.2.14]
	at org.springframework.web.filter.CompositeFilter.doFilter(CompositeFilter.java:74) ~[spring-web-6.2.14.jar:6.2.14]
	at org.springframework.security.config.annotation.web.configuration.WebSecurityConfiguration$CompositeFilterChainProxy.doFilter(WebSecurityConfiguration.java:319) ~[spring-security-config-6.5.7.jar:6.5.7]
	at org.springframework.web.filter.CompositeFilter$VirtualFilterChain.doFilter(CompositeFilter.java:113) ~[spring-web-6.2.14.jar:6.2.14]
	at org.springframework.web.servlet.handler.HandlerMappingIntrospector.lambda$createCacheFilter$4(HandlerMappingIntrospector.java:267) ~[spring-webmvc-6.2.14.jar:6.2.14]
	at org.springframework.web.filter.CompositeFilter$VirtualFilterChain.doFilter(CompositeFilter.java:113) ~[spring-web-6.2.14.jar:6.2.14]
	at org.springframework.web.filter.CompositeFilter.doFilter(CompositeFilter.java:74) ~[spring-web-6.2.14.jar:6.2.14]
	at org.springframework.security.config.annotation.web.configuration.WebMvcSecurityConfiguration$CompositeFilterChainProxy.doFilter(WebMvcSecurityConfiguration.java:240) ~[spring-security-config-6.5.7.jar:6.5.7]
	at org.springframework.web.filter.DelegatingFilterProxy.invokeDelegate(DelegatingFilterProxy.java:362) ~[spring-web-6.2.14.jar:6.2.14]
	at org.springframework.web.filter.DelegatingFilterProxy.doFilter(DelegatingFilterProxy.java:278) ~[spring-web-6.2.14.jar:6.2.14]
	at org.apache.catalina.core.ApplicationFilterChain.internalDoFilter(ApplicationFilterChain.java:162) ~[tomcat-embed-core-10.1.49.jar:10.1.49]
	at org.apache.catalina.core.ApplicationFilterChain.doFilter(ApplicationFilterChain.java:138) ~[tomcat-embed-core-10.1.49.jar:10.1.49]
	at org.springframework.web.filter.RequestContextFilter.doFilterInternal(RequestContextFilter.java:100) ~[spring-web-6.2.14.jar:6.2.14]
	at org.springframework.web.filter.OncePerRequestFilter.doFilter(OncePerRequestFilter.java:116) ~[spring-web-6.2.14.jar:6.2.14]
	at org.apache.catalina.core.ApplicationFilterChain.internalDoFilter(ApplicationFilterChain.java:162) ~[tomcat-embed-core-10.1.49.jar:10.1.49]
	at org.apache.catalina.core.ApplicationFilterChain.doFilter(ApplicationFilterChain.java:138) ~[tomcat-embed-core-10.1.49.jar:10.1.49]
	at org.springframework.web.filter.FormContentFilter.doFilterInternal(FormContentFilter.java:93) ~[spring-web-6.2.14.jar:6.2.14]
	at org.springframework.web.filter.OncePerRequestFilter.doFilter(OncePerRequestFilter.java:116) ~[spring-web-6.2.14.jar:6.2.14]
	at org.apache.catalina.core.ApplicationFilterChain.internalDoFilter(ApplicationFilterChain.java:162) ~[tomcat-embed-core-10.1.49.jar:10.1.49]
	at org.apache.catalina.core.ApplicationFilterChain.doFilter(ApplicationFilterChain.java:138) ~[tomcat-embed-core-10.1.49.jar:10.1.49]
	at org.springframework.web.filter.CharacterEncodingFilter.doFilterInternal(CharacterEncodingFilter.java:201) ~[spring-web-6.2.14.jar:6.2.14]
	at org.springframework.web.filter.OncePerRequestFilter.doFilter(OncePerRequestFilter.java:116) ~[spring-web-6.2.14.jar:6.2.14]
	at org.apache.catalina.core.ApplicationFilterChain.internalDoFilter(ApplicationFilterChain.java:162) ~[tomcat-embed-core-10.1.49.jar:10.1.49]
	at org.apache.catalina.core.ApplicationFilterChain.doFilter(ApplicationFilterChain.java:138) ~[tomcat-embed-core-10.1.49.jar:10.1.49]
	at org.apache.catalina.core.StandardWrapperValve.invoke(StandardWrapperValve.java:165) ~[tomcat-embed-core-10.1.49.jar:10.1.49]
	at org.apache.catalina.core.StandardContextValve.invoke(StandardContextValve.java:88) ~[tomcat-embed-core-10.1.49.jar:10.1.49]
	at org.apache.catalina.authenticator.AuthenticatorBase.invoke(AuthenticatorBase.java:482) ~[tomcat-embed-core-10.1.49.jar:10.1.49]
	at org.apache.catalina.core.StandardHostValve.invoke(StandardHostValve.java:113) ~[tomcat-embed-core-10.1.49.jar:10.1.49]
	at org.apache.catalina.valves.ErrorReportValve.invoke(ErrorReportValve.java:83) ~[tomcat-embed-core-10.1.49.jar:10.1.49]
	at org.apache.catalina.core.StandardEngineValve.invoke(StandardEngineValve.java:72) ~[tomcat-embed-core-10.1.49.jar:10.1.49]
	at org.apache.catalina.connector.CoyoteAdapter.service(CoyoteAdapter.java:342) ~[tomcat-embed-core-10.1.49.jar:10.1.49]
	at org.apache.coyote.http11.Http11Processor.service(Http11Processor.java:399) ~[tomcat-embed-core-10.1.49.jar:10.1.49]
	at org.apache.coyote.AbstractProcessorLight.process(AbstractProcessorLight.java:63) ~[tomcat-embed-core-10.1.49.jar:10.1.49]
	at org.apache.coyote.AbstractProtocol$ConnectionHandler.process(AbstractProtocol.java:903) ~[tomcat-embed-core-10.1.49.jar:10.1.49]
	at org.apache.tomcat.util.net.NioEndpoint$SocketProcessor.doRun(NioEndpoint.java:1774) ~[tomcat-embed-core-10.1.49.jar:10.1.49]
	at org.apache.tomcat.util.net.SocketProcessorBase.run(SocketProcessorBase.java:52) ~[tomcat-embed-core-10.1.49.jar:10.1.49]
	at java.base/java.lang.VirtualThread.run(VirtualThread.java:329) ~[?:?]
14:59:42.462 [tomcat-handler-11] ERROR ServiceExceptionHandler - No static resource api/clients/genid.
org.springframework.web.servlet.resource.NoResourceFoundException: No static resource api/clients/genid.
	at org.springframework.web.servlet.resource.ResourceHttpRequestHandler.handleRequest(ResourceHttpRequestHandler.java:585) ~[spring-webmvc-6.2.14.jar:6.2.14]
	at org.springframework.web.servlet.mvc.HttpRequestHandlerAdapter.handle(HttpRequestHandlerAdapter.java:52) ~[spring-webmvc-6.2.14.jar:6.2.14]
	at org.springframework.web.servlet.DispatcherServlet.doDispatch(DispatcherServlet.java:1089) ~[spring-webmvc-6.2.14.jar:6.2.14]
	at org.springframework.web.servlet.DispatcherServlet.doService(DispatcherServlet.java:979) ~[spring-webmvc-6.2.14.jar:6.2.14]
	at org.springframework.web.servlet.FrameworkServlet.processRequest(FrameworkServlet.java:1014) ~[spring-webmvc-6.2.14.jar:6.2.14]
	at org.springframework.web.servlet.FrameworkServlet.doPost(FrameworkServlet.java:914) ~[spring-webmvc-6.2.14.jar:6.2.14]
	at jakarta.servlet.http.HttpServlet.service(HttpServlet.java:590) ~[tomcat-embed-core-10.1.49.jar:6.0]
	at org.springframework.web.servlet.FrameworkServlet.service(FrameworkServlet.java:885) ~[spring-webmvc-6.2.14.jar:6.2.14]
	at jakarta.servlet.http.HttpServlet.service(HttpServlet.java:658) ~[tomcat-embed-core-10.1.49.jar:6.0]
	at org.apache.catalina.core.ApplicationFilterChain.internalDoFilter(ApplicationFilterChain.java:193) ~[tomcat-embed-core-10.1.49.jar:10.1.49]
	at org.apache.catalina.core.ApplicationFilterChain.doFilter(ApplicationFilterChain.java:138) ~[tomcat-embed-core-10.1.49.jar:10.1.49]
	at org.apache.tomcat.websocket.server.WsFilter.doFilter(WsFilter.java:51) ~[tomcat-embed-websocket-10.1.49.jar:10.1.49]
	at org.apache.catalina.core.ApplicationFilterChain.internalDoFilter(ApplicationFilterChain.java:162) ~[tomcat-embed-core-10.1.49.jar:10.1.49]
	at org.apache.catalina.core.ApplicationFilterChain.doFilter(ApplicationFilterChain.java:138) ~[tomcat-embed-core-10.1.49.jar:10.1.49]
	at org.springframework.web.filter.CompositeFilter$VirtualFilterChain.doFilter(CompositeFilter.java:108) ~[spring-web-6.2.14.jar:6.2.14]
	at org.springframework.web.filter.CompositeFilter$VirtualFilterChain.doFilter(CompositeFilter.java:108) ~[spring-web-6.2.14.jar:6.2.14]
	at org.springframework.security.web.FilterChainProxy.lambda$doFilterInternal$3(FilterChainProxy.java:231) ~[spring-security-web-6.5.7.jar:6.5.7]
	at org.springframework.security.web.FilterChainProxy$VirtualFilterChain.doFilter(FilterChainProxy.java:365) ~[spring-security-web-6.5.7.jar:6.5.7]
	at org.springframework.security.web.access.intercept.AuthorizationFilter.doFilter(AuthorizationFilter.java:101) ~[spring-security-web-6.5.7.jar:6.5.7]
	at org.springframework.security.web.FilterChainProxy$VirtualFilterChain.doFilter(FilterChainProxy.java:374) ~[spring-security-web-6.5.7.jar:6.5.7]
	at org.springframework.security.web.access.ExceptionTranslationFilter.doFilter(ExceptionTranslationFilter.java:125) ~[spring-security-web-6.5.7.jar:6.5.7]
	at org.springframework.security.web.access.ExceptionTranslationFilter.doFilter(ExceptionTranslationFilter.java:119) ~[spring-security-web-6.5.7.jar:6.5.7]
	at org.springframework.security.web.FilterChainProxy$VirtualFilterChain.doFilter(FilterChainProxy.java:374) ~[spring-security-web-6.5.7.jar:6.5.7]
	at org.springframework.security.web.authentication.AnonymousAuthenticationFilter.doFilter(AnonymousAuthenticationFilter.java:100) ~[spring-security-web-6.5.7.jar:6.5.7]
	at org.springframework.security.web.FilterChainProxy$VirtualFilterChain.doFilter(FilterChainProxy.java:374) ~[spring-security-web-6.5.7.jar:6.5.7]
	at org.springframework.security.web.servletapi.SecurityContextHolderAwareRequestFilter.doFilter(SecurityContextHolderAwareRequestFilter.java:179) ~[spring-security-web-6.5.7.jar:6.5.7]
	at org.springframework.security.web.FilterChainProxy$VirtualFilterChain.doFilter(FilterChainProxy.java:374) ~[spring-security-web-6.5.7.jar:6.5.7]
	at org.springframework.security.web.savedrequest.RequestCacheAwareFilter.doFilter(RequestCacheAwareFilter.java:63) ~[spring-security-web-6.5.7.jar:6.5.7]
	at org.springframework.security.web.FilterChainProxy$VirtualFilterChain.doFilter(FilterChainProxy.java:374) ~[spring-security-web-6.5.7.jar:6.5.7]
	at org.springframework.security.web.authentication.AuthenticationFilter.doFilterInternal(AuthenticationFilter.java:177) ~[spring-security-web-6.5.7.jar:6.5.7]
	at org.springframework.web.filter.OncePerRequestFilter.doFilter(OncePerRequestFilter.java:116) ~[spring-web-6.2.14.jar:6.2.14]
	at org.springframework.security.web.FilterChainProxy$VirtualFilterChain.doFilter(FilterChainProxy.java:374) ~[spring-security-web-6.5.7.jar:6.5.7]
	at org.springframework.security.oauth2.server.resource.web.authentication.BearerTokenAuthenticationFilter.doFilterInternal(BearerTokenAuthenticationFilter.java:158) ~[spring-security-oauth2-resource-server-6.5.7.jar:6.5.7]
	at org.springframework.web.filter.OncePerRequestFilter.doFilter(OncePerRequestFilter.java:116) ~[spring-web-6.2.14.jar:6.2.14]
	at org.springframework.security.web.FilterChainProxy$VirtualFilterChain.doFilter(FilterChainProxy.java:374) ~[spring-security-web-6.5.7.jar:6.5.7]
	at org.springframework.security.web.authentication.logout.LogoutFilter.doFilter(LogoutFilter.java:107) ~[spring-security-web-6.5.7.jar:6.5.7]
	at org.springframework.security.web.authentication.logout.LogoutFilter.doFilter(LogoutFilter.java:93) ~[spring-security-web-6.5.7.jar:6.5.7]
	at org.springframework.security.web.FilterChainProxy$VirtualFilterChain.doFilter(FilterChainProxy.java:374) ~[spring-security-web-6.5.7.jar:6.5.7]
	at org.springframework.security.web.csrf.CsrfFilter.doFilterInternal(CsrfFilter.java:117) ~[spring-security-web-6.5.7.jar:6.5.7]
	at org.springframework.web.filter.OncePerRequestFilter.doFilter(OncePerRequestFilter.java:116) ~[spring-web-6.2.14.jar:6.2.14]
	at org.springframework.security.web.FilterChainProxy$VirtualFilterChain.doFilter(FilterChainProxy.java:374) ~[spring-security-web-6.5.7.jar:6.5.7]
	at org.springframework.security.web.header.HeaderWriterFilter.doHeadersAfter(HeaderWriterFilter.java:90) ~[spring-security-web-6.5.7.jar:6.5.7]
	at org.springframework.security.web.header.HeaderWriterFilter.doFilterInternal(HeaderWriterFilter.java:75) ~[spring-security-web-6.5.7.jar:6.5.7]
	at org.springframework.web.filter.OncePerRequestFilter.doFilter(OncePerRequestFilter.java:116) ~[spring-web-6.2.14.jar:6.2.14]
	at org.springframework.security.web.FilterChainProxy$VirtualFilterChain.doFilter(FilterChainProxy.java:374) ~[spring-security-web-6.5.7.jar:6.5.7]
	at org.springframework.security.web.context.SecurityContextHolderFilter.doFilter(SecurityContextHolderFilter.java:82) ~[spring-security-web-6.5.7.jar:6.5.7]
	at org.springframework.security.web.context.SecurityContextHolderFilter.doFilter(SecurityContextHolderFilter.java:69) ~[spring-security-web-6.5.7.jar:6.5.7]
	at org.springframework.security.web.FilterChainProxy$VirtualFilterChain.doFilter(FilterChainProxy.java:374) ~[spring-security-web-6.5.7.jar:6.5.7]
	at org.springframework.security.web.context.request.async.WebAsyncManagerIntegrationFilter.doFilterInternal(WebAsyncManagerIntegrationFilter.java:62) ~[spring-security-web-6.5.7.jar:6.5.7]
	at org.springframework.web.filter.OncePerRequestFilter.doFilter(OncePerRequestFilter.java:116) ~[spring-web-6.2.14.jar:6.2.14]
	at org.springframework.security.web.FilterChainProxy$VirtualFilterChain.doFilter(FilterChainProxy.java:374) ~[spring-security-web-6.5.7.jar:6.5.7]
	at org.springframework.security.web.session.DisableEncodeUrlFilter.doFilterInternal(DisableEncodeUrlFilter.java:42) ~[spring-security-web-6.5.7.jar:6.5.7]
	at org.springframework.web.filter.OncePerRequestFilter.doFilter(OncePerRequestFilter.java:116) ~[spring-web-6.2.14.jar:6.2.14]
	at org.springframework.security.web.FilterChainProxy$VirtualFilterChain.doFilter(FilterChainProxy.java:374) ~[spring-security-web-6.5.7.jar:6.5.7]
	at org.springframework.security.web.FilterChainProxy.doFilterInternal(FilterChainProxy.java:233) ~[spring-security-web-6.5.7.jar:6.5.7]
	at org.springframework.security.web.FilterChainProxy.doFilter(FilterChainProxy.java:191) ~[spring-security-web-6.5.7.jar:6.5.7]
	at org.springframework.web.filter.CompositeFilter$VirtualFilterChain.doFilter(CompositeFilter.java:113) ~[spring-web-6.2.14.jar:6.2.14]
	at org.springframework.web.filter.ServletRequestPathFilter.doFilter(ServletRequestPathFilter.java:52) ~[spring-web-6.2.14.jar:6.2.14]
	at org.springframework.web.filter.CompositeFilter$VirtualFilterChain.doFilter(CompositeFilter.java:113) ~[spring-web-6.2.14.jar:6.2.14]
	at org.springframework.web.filter.CompositeFilter.doFilter(CompositeFilter.java:74) ~[spring-web-6.2.14.jar:6.2.14]
	at org.springframework.security.config.annotation.web.configuration.WebSecurityConfiguration$CompositeFilterChainProxy.doFilter(WebSecurityConfiguration.java:319) ~[spring-security-config-6.5.7.jar:6.5.7]
	at org.springframework.web.filter.CompositeFilter$VirtualFilterChain.doFilter(CompositeFilter.java:113) ~[spring-web-6.2.14.jar:6.2.14]
	at org.springframework.web.servlet.handler.HandlerMappingIntrospector.lambda$createCacheFilter$4(HandlerMappingIntrospector.java:267) ~[spring-webmvc-6.2.14.jar:6.2.14]
	at org.springframework.web.filter.CompositeFilter$VirtualFilterChain.doFilter(CompositeFilter.java:113) ~[spring-web-6.2.14.jar:6.2.14]
	at org.springframework.web.filter.CompositeFilter.doFilter(CompositeFilter.java:74) ~[spring-web-6.2.14.jar:6.2.14]
	at org.springframework.security.config.annotation.web.configuration.WebMvcSecurityConfiguration$CompositeFilterChainProxy.doFilter(WebMvcSecurityConfiguration.java:240) ~[spring-security-config-6.5.7.jar:6.5.7]
	at org.springframework.web.filter.DelegatingFilterProxy.invokeDelegate(DelegatingFilterProxy.java:362) ~[spring-web-6.2.14.jar:6.2.14]
	at org.springframework.web.filter.DelegatingFilterProxy.doFilter(DelegatingFilterProxy.java:278) ~[spring-web-6.2.14.jar:6.2.14]
	at org.apache.catalina.core.ApplicationFilterChain.internalDoFilter(ApplicationFilterChain.java:162) ~[tomcat-embed-core-10.1.49.jar:10.1.49]
	at org.apache.catalina.core.ApplicationFilterChain.doFilter(ApplicationFilterChain.java:138) ~[tomcat-embed-core-10.1.49.jar:10.1.49]
	at org.springframework.web.filter.RequestContextFilter.doFilterInternal(RequestContextFilter.java:100) ~[spring-web-6.2.14.jar:6.2.14]
	at org.springframework.web.filter.OncePerRequestFilter.doFilter(OncePerRequestFilter.java:116) ~[spring-web-6.2.14.jar:6.2.14]
	at org.apache.catalina.core.ApplicationFilterChain.internalDoFilter(ApplicationFilterChain.java:162) ~[tomcat-embed-core-10.1.49.jar:10.1.49]
	at org.apache.catalina.core.ApplicationFilterChain.doFilter(ApplicationFilterChain.java:138) ~[tomcat-embed-core-10.1.49.jar:10.1.49]
	at org.springframework.web.filter.FormContentFilter.doFilterInternal(FormContentFilter.java:93) ~[spring-web-6.2.14.jar:6.2.14]
	at org.springframework.web.filter.OncePerRequestFilter.doFilter(OncePerRequestFilter.java:116) ~[spring-web-6.2.14.jar:6.2.14]
	at org.apache.catalina.core.ApplicationFilterChain.internalDoFilter(ApplicationFilterChain.java:162) ~[tomcat-embed-core-10.1.49.jar:10.1.49]
	at org.apache.catalina.core.ApplicationFilterChain.doFilter(ApplicationFilterChain.java:138) ~[tomcat-embed-core-10.1.49.jar:10.1.49]
	at org.springframework.web.filter.CharacterEncodingFilter.doFilterInternal(CharacterEncodingFilter.java:201) ~[spring-web-6.2.14.jar:6.2.14]
	at org.springframework.web.filter.OncePerRequestFilter.doFilter(OncePerRequestFilter.java:116) ~[spring-web-6.2.14.jar:6.2.14]
	at org.apache.catalina.core.ApplicationFilterChain.internalDoFilter(ApplicationFilterChain.java:162) ~[tomcat-embed-core-10.1.49.jar:10.1.49]
	at org.apache.catalina.core.ApplicationFilterChain.doFilter(ApplicationFilterChain.java:138) ~[tomcat-embed-core-10.1.49.jar:10.1.49]
	at org.apache.catalina.core.StandardWrapperValve.invoke(StandardWrapperValve.java:165) ~[tomcat-embed-core-10.1.49.jar:10.1.49]
	at org.apache.catalina.core.StandardContextValve.invoke(StandardContextValve.java:88) ~[tomcat-embed-core-10.1.49.jar:10.1.49]
	at org.apache.catalina.authenticator.AuthenticatorBase.invoke(AuthenticatorBase.java:482) ~[tomcat-embed-core-10.1.49.jar:10.1.49]
	at org.apache.catalina.core.StandardHostValve.invoke(StandardHostValve.java:113) ~[tomcat-embed-core-10.1.49.jar:10.1.49]
	at org.apache.catalina.valves.ErrorReportValve.invoke(ErrorReportValve.java:83) ~[tomcat-embed-core-10.1.49.jar:10.1.49]
	at org.apache.catalina.core.StandardEngineValve.invoke(StandardEngineValve.java:72) ~[tomcat-embed-core-10.1.49.jar:10.1.49]
	at org.apache.catalina.connector.CoyoteAdapter.service(CoyoteAdapter.java:342) ~[tomcat-embed-core-10.1.49.jar:10.1.49]
	at org.apache.coyote.http11.Http11Processor.service(Http11Processor.java:399) ~[tomcat-embed-core-10.1.49.jar:10.1.49]
	at org.apache.coyote.AbstractProcessorLight.process(AbstractProcessorLight.java:63) ~[tomcat-embed-core-10.1.49.jar:10.1.49]
	at org.apache.coyote.AbstractProtocol$ConnectionHandler.process(AbstractProtocol.java:903) ~[tomcat-embed-core-10.1.49.jar:10.1.49]
	at org.apache.tomcat.util.net.NioEndpoint$SocketProcessor.doRun(NioEndpoint.java:1774) ~[tomcat-embed-core-10.1.49.jar:10.1.49]
	at org.apache.tomcat.util.net.SocketProcessorBase.run(SocketProcessorBase.java:52) ~[tomcat-embed-core-10.1.49.jar:10.1.49]
	at java.base/java.lang.VirtualThread.run(VirtualThread.java:329) ~[?:?]
15:05:49.070 [tomcat-handler-1] ERROR ServiceExceptionHandler - No static resource api/clients/genid.
org.springframework.web.servlet.resource.NoResourceFoundException: No static resource api/clients/genid.
	at org.springframework.web.servlet.resource.ResourceHttpRequestHandler.handleRequest(ResourceHttpRequestHandler.java:585) ~[spring-webmvc-6.2.14.jar:6.2.14]
	at org.springframework.web.servlet.mvc.HttpRequestHandlerAdapter.handle(HttpRequestHandlerAdapter.java:52) ~[spring-webmvc-6.2.14.jar:6.2.14]
	at org.springframework.web.servlet.DispatcherServlet.doDispatch(DispatcherServlet.java:1089) ~[spring-webmvc-6.2.14.jar:6.2.14]
	at org.springframework.web.servlet.DispatcherServlet.doService(DispatcherServlet.java:979) ~[spring-webmvc-6.2.14.jar:6.2.14]
	at org.springframework.web.servlet.FrameworkServlet.processRequest(FrameworkServlet.java:1014) ~[spring-webmvc-6.2.14.jar:6.2.14]
	at org.springframework.web.servlet.FrameworkServlet.doPost(FrameworkServlet.java:914) ~[spring-webmvc-6.2.14.jar:6.2.14]
	at jakarta.servlet.http.HttpServlet.service(HttpServlet.java:590) ~[tomcat-embed-core-10.1.49.jar:6.0]
	at org.springframework.web.servlet.FrameworkServlet.service(FrameworkServlet.java:885) ~[spring-webmvc-6.2.14.jar:6.2.14]
	at jakarta.servlet.http.HttpServlet.service(HttpServlet.java:658) ~[tomcat-embed-core-10.1.49.jar:6.0]
	at org.apache.catalina.core.ApplicationFilterChain.internalDoFilter(ApplicationFilterChain.java:193) ~[tomcat-embed-core-10.1.49.jar:10.1.49]
	at org.apache.catalina.core.ApplicationFilterChain.doFilter(ApplicationFilterChain.java:138) ~[tomcat-embed-core-10.1.49.jar:10.1.49]
	at org.apache.tomcat.websocket.server.WsFilter.doFilter(WsFilter.java:51) ~[tomcat-embed-websocket-10.1.49.jar:10.1.49]
	at org.apache.catalina.core.ApplicationFilterChain.internalDoFilter(ApplicationFilterChain.java:162) ~[tomcat-embed-core-10.1.49.jar:10.1.49]
	at org.apache.catalina.core.ApplicationFilterChain.doFilter(ApplicationFilterChain.java:138) ~[tomcat-embed-core-10.1.49.jar:10.1.49]
	at org.springframework.web.filter.CompositeFilter$VirtualFilterChain.doFilter(CompositeFilter.java:108) ~[spring-web-6.2.14.jar:6.2.14]
	at org.springframework.web.filter.CompositeFilter$VirtualFilterChain.doFilter(CompositeFilter.java:108) ~[spring-web-6.2.14.jar:6.2.14]
	at org.springframework.security.web.FilterChainProxy.lambda$doFilterInternal$3(FilterChainProxy.java:231) ~[spring-security-web-6.5.7.jar:6.5.7]
	at org.springframework.security.web.FilterChainProxy$VirtualFilterChain.doFilter(FilterChainProxy.java:365) ~[spring-security-web-6.5.7.jar:6.5.7]
	at org.springframework.security.web.access.intercept.AuthorizationFilter.doFilter(AuthorizationFilter.java:101) ~[spring-security-web-6.5.7.jar:6.5.7]
	at org.springframework.security.web.FilterChainProxy$VirtualFilterChain.doFilter(FilterChainProxy.java:374) ~[spring-security-web-6.5.7.jar:6.5.7]
	at org.springframework.security.web.access.ExceptionTranslationFilter.doFilter(ExceptionTranslationFilter.java:125) ~[spring-security-web-6.5.7.jar:6.5.7]
	at org.springframework.security.web.access.ExceptionTranslationFilter.doFilter(ExceptionTranslationFilter.java:119) ~[spring-security-web-6.5.7.jar:6.5.7]
	at org.springframework.security.web.FilterChainProxy$VirtualFilterChain.doFilter(FilterChainProxy.java:374) ~[spring-security-web-6.5.7.jar:6.5.7]
	at org.springframework.security.web.authentication.AnonymousAuthenticationFilter.doFilter(AnonymousAuthenticationFilter.java:100) ~[spring-security-web-6.5.7.jar:6.5.7]
	at org.springframework.security.web.FilterChainProxy$VirtualFilterChain.doFilter(FilterChainProxy.java:374) ~[spring-security-web-6.5.7.jar:6.5.7]
	at org.springframework.security.web.servletapi.SecurityContextHolderAwareRequestFilter.doFilter(SecurityContextHolderAwareRequestFilter.java:179) ~[spring-security-web-6.5.7.jar:6.5.7]
	at org.springframework.security.web.FilterChainProxy$VirtualFilterChain.doFilter(FilterChainProxy.java:374) ~[spring-security-web-6.5.7.jar:6.5.7]
	at org.springframework.security.web.savedrequest.RequestCacheAwareFilter.doFilter(RequestCacheAwareFilter.java:63) ~[spring-security-web-6.5.7.jar:6.5.7]
	at org.springframework.security.web.FilterChainProxy$VirtualFilterChain.doFilter(FilterChainProxy.java:374) ~[spring-security-web-6.5.7.jar:6.5.7]
	at org.springframework.security.web.authentication.AuthenticationFilter.doFilterInternal(AuthenticationFilter.java:177) ~[spring-security-web-6.5.7.jar:6.5.7]
	at org.springframework.web.filter.OncePerRequestFilter.doFilter(OncePerRequestFilter.java:116) ~[spring-web-6.2.14.jar:6.2.14]
	at org.springframework.security.web.FilterChainProxy$VirtualFilterChain.doFilter(FilterChainProxy.java:374) ~[spring-security-web-6.5.7.jar:6.5.7]
	at org.springframework.security.oauth2.server.resource.web.authentication.BearerTokenAuthenticationFilter.doFilterInternal(BearerTokenAuthenticationFilter.java:158) ~[spring-security-oauth2-resource-server-6.5.7.jar:6.5.7]
	at org.springframework.web.filter.OncePerRequestFilter.doFilter(OncePerRequestFilter.java:116) ~[spring-web-6.2.14.jar:6.2.14]
	at org.springframework.security.web.FilterChainProxy$VirtualFilterChain.doFilter(FilterChainProxy.java:374) ~[spring-security-web-6.5.7.jar:6.5.7]
	at org.springframework.security.web.authentication.logout.LogoutFilter.doFilter(LogoutFilter.java:107) ~[spring-security-web-6.5.7.jar:6.5.7]
	at org.springframework.security.web.authentication.logout.LogoutFilter.doFilter(LogoutFilter.java:93) ~[spring-security-web-6.5.7.jar:6.5.7]
	at org.springframework.security.web.FilterChainProxy$VirtualFilterChain.doFilter(FilterChainProxy.java:374) ~[spring-security-web-6.5.7.jar:6.5.7]
	at org.springframework.security.web.csrf.CsrfFilter.doFilterInternal(CsrfFilter.java:117) ~[spring-security-web-6.5.7.jar:6.5.7]
	at org.springframework.web.filter.OncePerRequestFilter.doFilter(OncePerRequestFilter.java:116) ~[spring-web-6.2.14.jar:6.2.14]
	at org.springframework.security.web.FilterChainProxy$VirtualFilterChain.doFilter(FilterChainProxy.java:374) ~[spring-security-web-6.5.7.jar:6.5.7]
	at org.springframework.security.web.header.HeaderWriterFilter.doHeadersAfter(HeaderWriterFilter.java:90) ~[spring-security-web-6.5.7.jar:6.5.7]
	at org.springframework.security.web.header.HeaderWriterFilter.doFilterInternal(HeaderWriterFilter.java:75) ~[spring-security-web-6.5.7.jar:6.5.7]
	at org.springframework.web.filter.OncePerRequestFilter.doFilter(OncePerRequestFilter.java:116) ~[spring-web-6.2.14.jar:6.2.14]
	at org.springframework.security.web.FilterChainProxy$VirtualFilterChain.doFilter(FilterChainProxy.java:374) ~[spring-security-web-6.5.7.jar:6.5.7]
	at org.springframework.security.web.context.SecurityContextHolderFilter.doFilter(SecurityContextHolderFilter.java:82) ~[spring-security-web-6.5.7.jar:6.5.7]
	at org.springframework.security.web.context.SecurityContextHolderFilter.doFilter(SecurityContextHolderFilter.java:69) ~[spring-security-web-6.5.7.jar:6.5.7]
	at org.springframework.security.web.FilterChainProxy$VirtualFilterChain.doFilter(FilterChainProxy.java:374) ~[spring-security-web-6.5.7.jar:6.5.7]
	at org.springframework.security.web.context.request.async.WebAsyncManagerIntegrationFilter.doFilterInternal(WebAsyncManagerIntegrationFilter.java:62) ~[spring-security-web-6.5.7.jar:6.5.7]
	at org.springframework.web.filter.OncePerRequestFilter.doFilter(OncePerRequestFilter.java:116) ~[spring-web-6.2.14.jar:6.2.14]
	at org.springframework.security.web.FilterChainProxy$VirtualFilterChain.doFilter(FilterChainProxy.java:374) ~[spring-security-web-6.5.7.jar:6.5.7]
	at org.springframework.security.web.session.DisableEncodeUrlFilter.doFilterInternal(DisableEncodeUrlFilter.java:42) ~[spring-security-web-6.5.7.jar:6.5.7]
	at org.springframework.web.filter.OncePerRequestFilter.doFilter(OncePerRequestFilter.java:116) ~[spring-web-6.2.14.jar:6.2.14]
	at org.springframework.security.web.FilterChainProxy$VirtualFilterChain.doFilter(FilterChainProxy.java:374) ~[spring-security-web-6.5.7.jar:6.5.7]
	at org.springframework.security.web.FilterChainProxy.doFilterInternal(FilterChainProxy.java:233) ~[spring-security-web-6.5.7.jar:6.5.7]
	at org.springframework.security.web.FilterChainProxy.doFilter(FilterChainProxy.java:191) ~[spring-security-web-6.5.7.jar:6.5.7]
	at org.springframework.web.filter.CompositeFilter$VirtualFilterChain.doFilter(CompositeFilter.java:113) ~[spring-web-6.2.14.jar:6.2.14]
	at org.springframework.web.filter.ServletRequestPathFilter.doFilter(ServletRequestPathFilter.java:52) ~[spring-web-6.2.14.jar:6.2.14]
	at org.springframework.web.filter.CompositeFilter$VirtualFilterChain.doFilter(CompositeFilter.java:113) ~[spring-web-6.2.14.jar:6.2.14]
	at org.springframework.web.filter.CompositeFilter.doFilter(CompositeFilter.java:74) ~[spring-web-6.2.14.jar:6.2.14]
	at org.springframework.security.config.annotation.web.configuration.WebSecurityConfiguration$CompositeFilterChainProxy.doFilter(WebSecurityConfiguration.java:319) ~[spring-security-config-6.5.7.jar:6.5.7]
	at org.springframework.web.filter.CompositeFilter$VirtualFilterChain.doFilter(CompositeFilter.java:113) ~[spring-web-6.2.14.jar:6.2.14]
	at org.springframework.web.servlet.handler.HandlerMappingIntrospector.lambda$createCacheFilter$4(HandlerMappingIntrospector.java:267) ~[spring-webmvc-6.2.14.jar:6.2.14]
	at org.springframework.web.filter.CompositeFilter$VirtualFilterChain.doFilter(CompositeFilter.java:113) ~[spring-web-6.2.14.jar:6.2.14]
	at org.springframework.web.filter.CompositeFilter.doFilter(CompositeFilter.java:74) ~[spring-web-6.2.14.jar:6.2.14]
	at org.springframework.security.config.annotation.web.configuration.WebMvcSecurityConfiguration$CompositeFilterChainProxy.doFilter(WebMvcSecurityConfiguration.java:240) ~[spring-security-config-6.5.7.jar:6.5.7]
	at org.springframework.web.filter.DelegatingFilterProxy.invokeDelegate(DelegatingFilterProxy.java:362) ~[spring-web-6.2.14.jar:6.2.14]
	at org.springframework.web.filter.DelegatingFilterProxy.doFilter(DelegatingFilterProxy.java:278) ~[spring-web-6.2.14.jar:6.2.14]
	at org.apache.catalina.core.ApplicationFilterChain.internalDoFilter(ApplicationFilterChain.java:162) ~[tomcat-embed-core-10.1.49.jar:10.1.49]
	at org.apache.catalina.core.ApplicationFilterChain.doFilter(ApplicationFilterChain.java:138) ~[tomcat-embed-core-10.1.49.jar:10.1.49]
	at org.springframework.web.filter.RequestContextFilter.doFilterInternal(RequestContextFilter.java:100) ~[spring-web-6.2.14.jar:6.2.14]
	at org.springframework.web.filter.OncePerRequestFilter.doFilter(OncePerRequestFilter.java:116) ~[spring-web-6.2.14.jar:6.2.14]
	at org.apache.catalina.core.ApplicationFilterChain.internalDoFilter(ApplicationFilterChain.java:162) ~[tomcat-embed-core-10.1.49.jar:10.1.49]
	at org.apache.catalina.core.ApplicationFilterChain.doFilter(ApplicationFilterChain.java:138) ~[tomcat-embed-core-10.1.49.jar:10.1.49]
	at org.springframework.web.filter.FormContentFilter.doFilterInternal(FormContentFilter.java:93) ~[spring-web-6.2.14.jar:6.2.14]
	at org.springframework.web.filter.OncePerRequestFilter.doFilter(OncePerRequestFilter.java:116) ~[spring-web-6.2.14.jar:6.2.14]
	at org.apache.catalina.core.ApplicationFilterChain.internalDoFilter(ApplicationFilterChain.java:162) ~[tomcat-embed-core-10.1.49.jar:10.1.49]
	at org.apache.catalina.core.ApplicationFilterChain.doFilter(ApplicationFilterChain.java:138) ~[tomcat-embed-core-10.1.49.jar:10.1.49]
	at org.springframework.web.filter.CharacterEncodingFilter.doFilterInternal(CharacterEncodingFilter.java:201) ~[spring-web-6.2.14.jar:6.2.14]
	at org.springframework.web.filter.OncePerRequestFilter.doFilter(OncePerRequestFilter.java:116) ~[spring-web-6.2.14.jar:6.2.14]
	at org.apache.catalina.core.ApplicationFilterChain.internalDoFilter(ApplicationFilterChain.java:162) ~[tomcat-embed-core-10.1.49.jar:10.1.49]
	at org.apache.catalina.core.ApplicationFilterChain.doFilter(ApplicationFilterChain.java:138) ~[tomcat-embed-core-10.1.49.jar:10.1.49]
	at org.apache.catalina.core.StandardWrapperValve.invoke(StandardWrapperValve.java:165) ~[tomcat-embed-core-10.1.49.jar:10.1.49]
	at org.apache.catalina.core.StandardContextValve.invoke(StandardContextValve.java:88) ~[tomcat-embed-core-10.1.49.jar:10.1.49]
	at org.apache.catalina.authenticator.AuthenticatorBase.invoke(AuthenticatorBase.java:482) ~[tomcat-embed-core-10.1.49.jar:10.1.49]
	at org.apache.catalina.core.StandardHostValve.invoke(StandardHostValve.java:113) ~[tomcat-embed-core-10.1.49.jar:10.1.49]
	at org.apache.catalina.valves.ErrorReportValve.invoke(ErrorReportValve.java:83) ~[tomcat-embed-core-10.1.49.jar:10.1.49]
	at org.apache.catalina.core.StandardEngineValve.invoke(StandardEngineValve.java:72) ~[tomcat-embed-core-10.1.49.jar:10.1.49]
	at org.apache.catalina.connector.CoyoteAdapter.service(CoyoteAdapter.java:342) ~[tomcat-embed-core-10.1.49.jar:10.1.49]
	at org.apache.coyote.http11.Http11Processor.service(Http11Processor.java:399) ~[tomcat-embed-core-10.1.49.jar:10.1.49]
	at org.apache.coyote.AbstractProcessorLight.process(AbstractProcessorLight.java:63) ~[tomcat-embed-core-10.1.49.jar:10.1.49]
	at org.apache.coyote.AbstractProtocol$ConnectionHandler.process(AbstractProtocol.java:903) ~[tomcat-embed-core-10.1.49.jar:10.1.49]
	at org.apache.tomcat.util.net.NioEndpoint$SocketProcessor.doRun(NioEndpoint.java:1774) ~[tomcat-embed-core-10.1.49.jar:10.1.49]
	at org.apache.tomcat.util.net.SocketProcessorBase.run(SocketProcessorBase.java:52) ~[tomcat-embed-core-10.1.49.jar:10.1.49]
	at java.base/java.lang.VirtualThread.run(Unknown Source) ~[?:?]
15:05:56.495 [tomcat-handler-3] ERROR ServiceExceptionHandler - No static resource api/clients/dummy.
org.springframework.web.servlet.resource.NoResourceFoundException: No static resource api/clients/dummy.
	at org.springframework.web.servlet.resource.ResourceHttpRequestHandler.handleRequest(ResourceHttpRequestHandler.java:585) ~[spring-webmvc-6.2.14.jar:6.2.14]
	at org.springframework.web.servlet.mvc.HttpRequestHandlerAdapter.handle(HttpRequestHandlerAdapter.java:52) ~[spring-webmvc-6.2.14.jar:6.2.14]
	at org.springframework.web.servlet.DispatcherServlet.doDispatch(DispatcherServlet.java:1089) ~[spring-webmvc-6.2.14.jar:6.2.14]
	at org.springframework.web.servlet.DispatcherServlet.doService(DispatcherServlet.java:979) ~[spring-webmvc-6.2.14.jar:6.2.14]
	at org.springframework.web.servlet.FrameworkServlet.processRequest(FrameworkServlet.java:1014) ~[spring-webmvc-6.2.14.jar:6.2.14]
	at org.springframework.web.servlet.FrameworkServlet.doGet(FrameworkServlet.java:903) ~[spring-webmvc-6.2.14.jar:6.2.14]
	at jakarta.servlet.http.HttpServlet.service(HttpServlet.java:564) ~[tomcat-embed-core-10.1.49.jar:6.0]
	at org.springframework.web.servlet.FrameworkServlet.service(FrameworkServlet.java:885) ~[spring-webmvc-6.2.14.jar:6.2.14]
	at jakarta.servlet.http.HttpServlet.service(HttpServlet.java:658) ~[tomcat-embed-core-10.1.49.jar:6.0]
	at org.apache.catalina.core.ApplicationFilterChain.internalDoFilter(ApplicationFilterChain.java:193) ~[tomcat-embed-core-10.1.49.jar:10.1.49]
	at org.apache.catalina.core.ApplicationFilterChain.doFilter(ApplicationFilterChain.java:138) ~[tomcat-embed-core-10.1.49.jar:10.1.49]
	at org.apache.tomcat.websocket.server.WsFilter.doFilter(WsFilter.java:51) ~[tomcat-embed-websocket-10.1.49.jar:10.1.49]
	at org.apache.catalina.core.ApplicationFilterChain.internalDoFilter(ApplicationFilterChain.java:162) ~[tomcat-embed-core-10.1.49.jar:10.1.49]
	at org.apache.catalina.core.ApplicationFilterChain.doFilter(ApplicationFilterChain.java:138) ~[tomcat-embed-core-10.1.49.jar:10.1.49]
	at org.springframework.web.filter.CompositeFilter$VirtualFilterChain.doFilter(CompositeFilter.java:108) ~[spring-web-6.2.14.jar:6.2.14]
	at org.springframework.web.filter.CompositeFilter$VirtualFilterChain.doFilter(CompositeFilter.java:108) ~[spring-web-6.2.14.jar:6.2.14]
	at org.springframework.security.web.FilterChainProxy.lambda$doFilterInternal$3(FilterChainProxy.java:231) ~[spring-security-web-6.5.7.jar:6.5.7]
	at org.springframework.security.web.FilterChainProxy$VirtualFilterChain.doFilter(FilterChainProxy.java:365) ~[spring-security-web-6.5.7.jar:6.5.7]
	at org.springframework.security.web.access.intercept.AuthorizationFilter.doFilter(AuthorizationFilter.java:101) ~[spring-security-web-6.5.7.jar:6.5.7]
	at org.springframework.security.web.FilterChainProxy$VirtualFilterChain.doFilter(FilterChainProxy.java:374) ~[spring-security-web-6.5.7.jar:6.5.7]
	at org.springframework.security.web.access.ExceptionTranslationFilter.doFilter(ExceptionTranslationFilter.java:125) ~[spring-security-web-6.5.7.jar:6.5.7]
	at org.springframework.security.web.access.ExceptionTranslationFilter.doFilter(ExceptionTranslationFilter.java:119) ~[spring-security-web-6.5.7.jar:6.5.7]
	at org.springframework.security.web.FilterChainProxy$VirtualFilterChain.doFilter(FilterChainProxy.java:374) ~[spring-security-web-6.5.7.jar:6.5.7]
	at org.springframework.security.web.authentication.AnonymousAuthenticationFilter.doFilter(AnonymousAuthenticationFilter.java:100) ~[spring-security-web-6.5.7.jar:6.5.7]
	at org.springframework.security.web.FilterChainProxy$VirtualFilterChain.doFilter(FilterChainProxy.java:374) ~[spring-security-web-6.5.7.jar:6.5.7]
	at org.springframework.security.web.servletapi.SecurityContextHolderAwareRequestFilter.doFilter(SecurityContextHolderAwareRequestFilter.java:179) ~[spring-security-web-6.5.7.jar:6.5.7]
	at org.springframework.security.web.FilterChainProxy$VirtualFilterChain.doFilter(FilterChainProxy.java:374) ~[spring-security-web-6.5.7.jar:6.5.7]
	at org.springframework.security.web.savedrequest.RequestCacheAwareFilter.doFilter(RequestCacheAwareFilter.java:63) ~[spring-security-web-6.5.7.jar:6.5.7]
	at org.springframework.security.web.FilterChainProxy$VirtualFilterChain.doFilter(FilterChainProxy.java:374) ~[spring-security-web-6.5.7.jar:6.5.7]
	at org.springframework.security.web.authentication.AuthenticationFilter.doFilterInternal(AuthenticationFilter.java:177) ~[spring-security-web-6.5.7.jar:6.5.7]
	at org.springframework.web.filter.OncePerRequestFilter.doFilter(OncePerRequestFilter.java:116) ~[spring-web-6.2.14.jar:6.2.14]
	at org.springframework.security.web.FilterChainProxy$VirtualFilterChain.doFilter(FilterChainProxy.java:374) ~[spring-security-web-6.5.7.jar:6.5.7]
	at org.springframework.security.oauth2.server.resource.web.authentication.BearerTokenAuthenticationFilter.doFilterInternal(BearerTokenAuthenticationFilter.java:158) ~[spring-security-oauth2-resource-server-6.5.7.jar:6.5.7]
	at org.springframework.web.filter.OncePerRequestFilter.doFilter(OncePerRequestFilter.java:116) ~[spring-web-6.2.14.jar:6.2.14]
	at org.springframework.security.web.FilterChainProxy$VirtualFilterChain.doFilter(FilterChainProxy.java:374) ~[spring-security-web-6.5.7.jar:6.5.7]
	at org.springframework.security.web.authentication.logout.LogoutFilter.doFilter(LogoutFilter.java:107) ~[spring-security-web-6.5.7.jar:6.5.7]
	at org.springframework.security.web.authentication.logout.LogoutFilter.doFilter(LogoutFilter.java:93) ~[spring-security-web-6.5.7.jar:6.5.7]
	at org.springframework.security.web.FilterChainProxy$VirtualFilterChain.doFilter(FilterChainProxy.java:374) ~[spring-security-web-6.5.7.jar:6.5.7]
	at org.springframework.security.web.csrf.CsrfFilter.doFilterInternal(CsrfFilter.java:117) ~[spring-security-web-6.5.7.jar:6.5.7]
	at org.springframework.web.filter.OncePerRequestFilter.doFilter(OncePerRequestFilter.java:116) ~[spring-web-6.2.14.jar:6.2.14]
	at org.springframework.security.web.FilterChainProxy$VirtualFilterChain.doFilter(FilterChainProxy.java:374) ~[spring-security-web-6.5.7.jar:6.5.7]
	at org.springframework.security.web.header.HeaderWriterFilter.doHeadersAfter(HeaderWriterFilter.java:90) ~[spring-security-web-6.5.7.jar:6.5.7]
	at org.springframework.security.web.header.HeaderWriterFilter.doFilterInternal(HeaderWriterFilter.java:75) ~[spring-security-web-6.5.7.jar:6.5.7]
	at org.springframework.web.filter.OncePerRequestFilter.doFilter(OncePerRequestFilter.java:116) ~[spring-web-6.2.14.jar:6.2.14]
	at org.springframework.security.web.FilterChainProxy$VirtualFilterChain.doFilter(FilterChainProxy.java:374) ~[spring-security-web-6.5.7.jar:6.5.7]
	at org.springframework.security.web.context.SecurityContextHolderFilter.doFilter(SecurityContextHolderFilter.java:82) ~[spring-security-web-6.5.7.jar:6.5.7]
	at org.springframework.security.web.context.SecurityContextHolderFilter.doFilter(SecurityContextHolderFilter.java:69) ~[spring-security-web-6.5.7.jar:6.5.7]
	at org.springframework.security.web.FilterChainProxy$VirtualFilterChain.doFilter(FilterChainProxy.java:374) ~[spring-security-web-6.5.7.jar:6.5.7]
	at org.springframework.security.web.context.request.async.WebAsyncManagerIntegrationFilter.doFilterInternal(WebAsyncManagerIntegrationFilter.java:62) ~[spring-security-web-6.5.7.jar:6.5.7]
	at org.springframework.web.filter.OncePerRequestFilter.doFilter(OncePerRequestFilter.java:116) ~[spring-web-6.2.14.jar:6.2.14]
	at org.springframework.security.web.FilterChainProxy$VirtualFilterChain.doFilter(FilterChainProxy.java:374) ~[spring-security-web-6.5.7.jar:6.5.7]
	at org.springframework.security.web.session.DisableEncodeUrlFilter.doFilterInternal(DisableEncodeUrlFilter.java:42) ~[spring-security-web-6.5.7.jar:6.5.7]
	at org.springframework.web.filter.OncePerRequestFilter.doFilter(OncePerRequestFilter.java:116) ~[spring-web-6.2.14.jar:6.2.14]
	at org.springframework.security.web.FilterChainProxy$VirtualFilterChain.doFilter(FilterChainProxy.java:374) ~[spring-security-web-6.5.7.jar:6.5.7]
	at org.springframework.security.web.FilterChainProxy.doFilterInternal(FilterChainProxy.java:233) ~[spring-security-web-6.5.7.jar:6.5.7]
	at org.springframework.security.web.FilterChainProxy.doFilter(FilterChainProxy.java:191) ~[spring-security-web-6.5.7.jar:6.5.7]
	at org.springframework.web.filter.CompositeFilter$VirtualFilterChain.doFilter(CompositeFilter.java:113) ~[spring-web-6.2.14.jar:6.2.14]
	at org.springframework.web.filter.ServletRequestPathFilter.doFilter(ServletRequestPathFilter.java:52) ~[spring-web-6.2.14.jar:6.2.14]
	at org.springframework.web.filter.CompositeFilter$VirtualFilterChain.doFilter(CompositeFilter.java:113) ~[spring-web-6.2.14.jar:6.2.14]
	at org.springframework.web.filter.CompositeFilter.doFilter(CompositeFilter.java:74) ~[spring-web-6.2.14.jar:6.2.14]
	at org.springframework.security.config.annotation.web.configuration.WebSecurityConfiguration$CompositeFilterChainProxy.doFilter(WebSecurityConfiguration.java:319) ~[spring-security-config-6.5.7.jar:6.5.7]
	at org.springframework.web.filter.CompositeFilter$VirtualFilterChain.doFilter(CompositeFilter.java:113) ~[spring-web-6.2.14.jar:6.2.14]
	at org.springframework.web.servlet.handler.HandlerMappingIntrospector.lambda$createCacheFilter$4(HandlerMappingIntrospector.java:267) ~[spring-webmvc-6.2.14.jar:6.2.14]
	at org.springframework.web.filter.CompositeFilter$VirtualFilterChain.doFilter(CompositeFilter.java:113) ~[spring-web-6.2.14.jar:6.2.14]
	at org.springframework.web.filter.CompositeFilter.doFilter(CompositeFilter.java:74) ~[spring-web-6.2.14.jar:6.2.14]
	at org.springframework.security.config.annotation.web.configuration.WebMvcSecurityConfiguration$CompositeFilterChainProxy.doFilter(WebMvcSecurityConfiguration.java:240) ~[spring-security-config-6.5.7.jar:6.5.7]
	at org.springframework.web.filter.DelegatingFilterProxy.invokeDelegate(DelegatingFilterProxy.java:362) ~[spring-web-6.2.14.jar:6.2.14]
	at org.springframework.web.filter.DelegatingFilterProxy.doFilter(DelegatingFilterProxy.java:278) ~[spring-web-6.2.14.jar:6.2.14]
	at org.apache.catalina.core.ApplicationFilterChain.internalDoFilter(ApplicationFilterChain.java:162) ~[tomcat-embed-core-10.1.49.jar:10.1.49]
	at org.apache.catalina.core.ApplicationFilterChain.doFilter(ApplicationFilterChain.java:138) ~[tomcat-embed-core-10.1.49.jar:10.1.49]
	at org.springframework.web.filter.RequestContextFilter.doFilterInternal(RequestContextFilter.java:100) ~[spring-web-6.2.14.jar:6.2.14]
	at org.springframework.web.filter.OncePerRequestFilter.doFilter(OncePerRequestFilter.java:116) ~[spring-web-6.2.14.jar:6.2.14]
	at org.apache.catalina.core.ApplicationFilterChain.internalDoFilter(ApplicationFilterChain.java:162) ~[tomcat-embed-core-10.1.49.jar:10.1.49]
	at org.apache.catalina.core.ApplicationFilterChain.doFilter(ApplicationFilterChain.java:138) ~[tomcat-embed-core-10.1.49.jar:10.1.49]
	at org.springframework.web.filter.FormContentFilter.doFilterInternal(FormContentFilter.java:93) ~[spring-web-6.2.14.jar:6.2.14]
	at org.springframework.web.filter.OncePerRequestFilter.doFilter(OncePerRequestFilter.java:116) ~[spring-web-6.2.14.jar:6.2.14]
	at org.apache.catalina.core.ApplicationFilterChain.internalDoFilter(ApplicationFilterChain.java:162) ~[tomcat-embed-core-10.1.49.jar:10.1.49]
	at org.apache.catalina.core.ApplicationFilterChain.doFilter(ApplicationFilterChain.java:138) ~[tomcat-embed-core-10.1.49.jar:10.1.49]
	at org.springframework.web.filter.CharacterEncodingFilter.doFilterInternal(CharacterEncodingFilter.java:201) ~[spring-web-6.2.14.jar:6.2.14]
	at org.springframework.web.filter.OncePerRequestFilter.doFilter(OncePerRequestFilter.java:116) ~[spring-web-6.2.14.jar:6.2.14]
	at org.apache.catalina.core.ApplicationFilterChain.internalDoFilter(ApplicationFilterChain.java:162) ~[tomcat-embed-core-10.1.49.jar:10.1.49]
	at org.apache.catalina.core.ApplicationFilterChain.doFilter(ApplicationFilterChain.java:138) ~[tomcat-embed-core-10.1.49.jar:10.1.49]
	at org.apache.catalina.core.StandardWrapperValve.invoke(StandardWrapperValve.java:165) ~[tomcat-embed-core-10.1.49.jar:10.1.49]
	at org.apache.catalina.core.StandardContextValve.invoke(StandardContextValve.java:88) ~[tomcat-embed-core-10.1.49.jar:10.1.49]
	at org.apache.catalina.authenticator.AuthenticatorBase.invoke(AuthenticatorBase.java:482) ~[tomcat-embed-core-10.1.49.jar:10.1.49]
	at org.apache.catalina.core.StandardHostValve.invoke(StandardHostValve.java:113) ~[tomcat-embed-core-10.1.49.jar:10.1.49]
	at org.apache.catalina.valves.ErrorReportValve.invoke(ErrorReportValve.java:83) ~[tomcat-embed-core-10.1.49.jar:10.1.49]
	at org.apache.catalina.core.StandardEngineValve.invoke(StandardEngineValve.java:72) ~[tomcat-embed-core-10.1.49.jar:10.1.49]
	at org.apache.catalina.connector.CoyoteAdapter.service(CoyoteAdapter.java:342) ~[tomcat-embed-core-10.1.49.jar:10.1.49]
	at org.apache.coyote.http11.Http11Processor.service(Http11Processor.java:399) ~[tomcat-embed-core-10.1.49.jar:10.1.49]
	at org.apache.coyote.AbstractProcessorLight.process(AbstractProcessorLight.java:63) ~[tomcat-embed-core-10.1.49.jar:10.1.49]
	at org.apache.coyote.AbstractProtocol$ConnectionHandler.process(AbstractProtocol.java:903) ~[tomcat-embed-core-10.1.49.jar:10.1.49]
	at org.apache.tomcat.util.net.NioEndpoint$SocketProcessor.doRun(NioEndpoint.java:1774) ~[tomcat-embed-core-10.1.49.jar:10.1.49]
	at org.apache.tomcat.util.net.SocketProcessorBase.run(SocketProcessorBase.java:52) ~[tomcat-embed-core-10.1.49.jar:10.1.49]
	at java.base/java.lang.VirtualThread.run(Unknown Source) ~[?:?]
15:05:59.026 [tomcat-handler-5] ERROR ServiceExceptionHandler - No static resource api/clients/dummy.
org.springframework.web.servlet.resource.NoResourceFoundException: No static resource api/clients/dummy.
	at org.springframework.web.servlet.resource.ResourceHttpRequestHandler.handleRequest(ResourceHttpRequestHandler.java:585) ~[spring-webmvc-6.2.14.jar:6.2.14]
	at org.springframework.web.servlet.mvc.HttpRequestHandlerAdapter.handle(HttpRequestHandlerAdapter.java:52) ~[spring-webmvc-6.2.14.jar:6.2.14]
	at org.springframework.web.servlet.DispatcherServlet.doDispatch(DispatcherServlet.java:1089) ~[spring-webmvc-6.2.14.jar:6.2.14]
	at org.springframework.web.servlet.DispatcherServlet.doService(DispatcherServlet.java:979) ~[spring-webmvc-6.2.14.jar:6.2.14]
	at org.springframework.web.servlet.FrameworkServlet.processRequest(FrameworkServlet.java:1014) ~[spring-webmvc-6.2.14.jar:6.2.14]
	at org.springframework.web.servlet.FrameworkServlet.doGet(FrameworkServlet.java:903) ~[spring-webmvc-6.2.14.jar:6.2.14]
	at jakarta.servlet.http.HttpServlet.service(HttpServlet.java:564) ~[tomcat-embed-core-10.1.49.jar:6.0]
	at org.springframework.web.servlet.FrameworkServlet.service(FrameworkServlet.java:885) ~[spring-webmvc-6.2.14.jar:6.2.14]
	at jakarta.servlet.http.HttpServlet.service(HttpServlet.java:658) ~[tomcat-embed-core-10.1.49.jar:6.0]
	at org.apache.catalina.core.ApplicationFilterChain.internalDoFilter(ApplicationFilterChain.java:193) ~[tomcat-embed-core-10.1.49.jar:10.1.49]
	at org.apache.catalina.core.ApplicationFilterChain.doFilter(ApplicationFilterChain.java:138) ~[tomcat-embed-core-10.1.49.jar:10.1.49]
	at org.apache.tomcat.websocket.server.WsFilter.doFilter(WsFilter.java:51) ~[tomcat-embed-websocket-10.1.49.jar:10.1.49]
	at org.apache.catalina.core.ApplicationFilterChain.internalDoFilter(ApplicationFilterChain.java:162) ~[tomcat-embed-core-10.1.49.jar:10.1.49]
	at org.apache.catalina.core.ApplicationFilterChain.doFilter(ApplicationFilterChain.java:138) ~[tomcat-embed-core-10.1.49.jar:10.1.49]
	at org.springframework.web.filter.CompositeFilter$VirtualFilterChain.doFilter(CompositeFilter.java:108) ~[spring-web-6.2.14.jar:6.2.14]
	at org.springframework.web.filter.CompositeFilter$VirtualFilterChain.doFilter(CompositeFilter.java:108) ~[spring-web-6.2.14.jar:6.2.14]
	at org.springframework.security.web.FilterChainProxy.lambda$doFilterInternal$3(FilterChainProxy.java:231) ~[spring-security-web-6.5.7.jar:6.5.7]
	at org.springframework.security.web.FilterChainProxy$VirtualFilterChain.doFilter(FilterChainProxy.java:365) ~[spring-security-web-6.5.7.jar:6.5.7]
	at org.springframework.security.web.access.intercept.AuthorizationFilter.doFilter(AuthorizationFilter.java:101) ~[spring-security-web-6.5.7.jar:6.5.7]
	at org.springframework.security.web.FilterChainProxy$VirtualFilterChain.doFilter(FilterChainProxy.java:374) ~[spring-security-web-6.5.7.jar:6.5.7]
	at org.springframework.security.web.access.ExceptionTranslationFilter.doFilter(ExceptionTranslationFilter.java:125) ~[spring-security-web-6.5.7.jar:6.5.7]
	at org.springframework.security.web.access.ExceptionTranslationFilter.doFilter(ExceptionTranslationFilter.java:119) ~[spring-security-web-6.5.7.jar:6.5.7]
	at org.springframework.security.web.FilterChainProxy$VirtualFilterChain.doFilter(FilterChainProxy.java:374) ~[spring-security-web-6.5.7.jar:6.5.7]
	at org.springframework.security.web.authentication.AnonymousAuthenticationFilter.doFilter(AnonymousAuthenticationFilter.java:100) ~[spring-security-web-6.5.7.jar:6.5.7]
	at org.springframework.security.web.FilterChainProxy$VirtualFilterChain.doFilter(FilterChainProxy.java:374) ~[spring-security-web-6.5.7.jar:6.5.7]
	at org.springframework.security.web.servletapi.SecurityContextHolderAwareRequestFilter.doFilter(SecurityContextHolderAwareRequestFilter.java:179) ~[spring-security-web-6.5.7.jar:6.5.7]
	at org.springframework.security.web.FilterChainProxy$VirtualFilterChain.doFilter(FilterChainProxy.java:374) ~[spring-security-web-6.5.7.jar:6.5.7]
	at org.springframework.security.web.savedrequest.RequestCacheAwareFilter.doFilter(RequestCacheAwareFilter.java:63) ~[spring-security-web-6.5.7.jar:6.5.7]
	at org.springframework.security.web.FilterChainProxy$VirtualFilterChain.doFilter(FilterChainProxy.java:374) ~[spring-security-web-6.5.7.jar:6.5.7]
	at org.springframework.security.web.authentication.AuthenticationFilter.doFilterInternal(AuthenticationFilter.java:177) ~[spring-security-web-6.5.7.jar:6.5.7]
	at org.springframework.web.filter.OncePerRequestFilter.doFilter(OncePerRequestFilter.java:116) ~[spring-web-6.2.14.jar:6.2.14]
	at org.springframework.security.web.FilterChainProxy$VirtualFilterChain.doFilter(FilterChainProxy.java:374) ~[spring-security-web-6.5.7.jar:6.5.7]
	at org.springframework.security.oauth2.server.resource.web.authentication.BearerTokenAuthenticationFilter.doFilterInternal(BearerTokenAuthenticationFilter.java:158) ~[spring-security-oauth2-resource-server-6.5.7.jar:6.5.7]
	at org.springframework.web.filter.OncePerRequestFilter.doFilter(OncePerRequestFilter.java:116) ~[spring-web-6.2.14.jar:6.2.14]
	at org.springframework.security.web.FilterChainProxy$VirtualFilterChain.doFilter(FilterChainProxy.java:374) ~[spring-security-web-6.5.7.jar:6.5.7]
	at org.springframework.security.web.authentication.logout.LogoutFilter.doFilter(LogoutFilter.java:107) ~[spring-security-web-6.5.7.jar:6.5.7]
	at org.springframework.security.web.authentication.logout.LogoutFilter.doFilter(LogoutFilter.java:93) ~[spring-security-web-6.5.7.jar:6.5.7]
	at org.springframework.security.web.FilterChainProxy$VirtualFilterChain.doFilter(FilterChainProxy.java:374) ~[spring-security-web-6.5.7.jar:6.5.7]
	at org.springframework.security.web.csrf.CsrfFilter.doFilterInternal(CsrfFilter.java:117) ~[spring-security-web-6.5.7.jar:6.5.7]
	at org.springframework.web.filter.OncePerRequestFilter.doFilter(OncePerRequestFilter.java:116) ~[spring-web-6.2.14.jar:6.2.14]
	at org.springframework.security.web.FilterChainProxy$VirtualFilterChain.doFilter(FilterChainProxy.java:374) ~[spring-security-web-6.5.7.jar:6.5.7]
	at org.springframework.security.web.header.HeaderWriterFilter.doHeadersAfter(HeaderWriterFilter.java:90) ~[spring-security-web-6.5.7.jar:6.5.7]
	at org.springframework.security.web.header.HeaderWriterFilter.doFilterInternal(HeaderWriterFilter.java:75) ~[spring-security-web-6.5.7.jar:6.5.7]
	at org.springframework.web.filter.OncePerRequestFilter.doFilter(OncePerRequestFilter.java:116) ~[spring-web-6.2.14.jar:6.2.14]
	at org.springframework.security.web.FilterChainProxy$VirtualFilterChain.doFilter(FilterChainProxy.java:374) ~[spring-security-web-6.5.7.jar:6.5.7]
	at org.springframework.security.web.context.SecurityContextHolderFilter.doFilter(SecurityContextHolderFilter.java:82) ~[spring-security-web-6.5.7.jar:6.5.7]
	at org.springframework.security.web.context.SecurityContextHolderFilter.doFilter(SecurityContextHolderFilter.java:69) ~[spring-security-web-6.5.7.jar:6.5.7]
	at org.springframework.security.web.FilterChainProxy$VirtualFilterChain.doFilter(FilterChainProxy.java:374) ~[spring-security-web-6.5.7.jar:6.5.7]
	at org.springframework.security.web.context.request.async.WebAsyncManagerIntegrationFilter.doFilterInternal(WebAsyncManagerIntegrationFilter.java:62) ~[spring-security-web-6.5.7.jar:6.5.7]
	at org.springframework.web.filter.OncePerRequestFilter.doFilter(OncePerRequestFilter.java:116) ~[spring-web-6.2.14.jar:6.2.14]
	at org.springframework.security.web.FilterChainProxy$VirtualFilterChain.doFilter(FilterChainProxy.java:374) ~[spring-security-web-6.5.7.jar:6.5.7]
	at org.springframework.security.web.session.DisableEncodeUrlFilter.doFilterInternal(DisableEncodeUrlFilter.java:42) ~[spring-security-web-6.5.7.jar:6.5.7]
	at org.springframework.web.filter.OncePerRequestFilter.doFilter(OncePerRequestFilter.java:116) ~[spring-web-6.2.14.jar:6.2.14]
	at org.springframework.security.web.FilterChainProxy$VirtualFilterChain.doFilter(FilterChainProxy.java:374) ~[spring-security-web-6.5.7.jar:6.5.7]
	at org.springframework.security.web.FilterChainProxy.doFilterInternal(FilterChainProxy.java:233) ~[spring-security-web-6.5.7.jar:6.5.7]
	at org.springframework.security.web.FilterChainProxy.doFilter(FilterChainProxy.java:191) ~[spring-security-web-6.5.7.jar:6.5.7]
	at org.springframework.web.filter.CompositeFilter$VirtualFilterChain.doFilter(CompositeFilter.java:113) ~[spring-web-6.2.14.jar:6.2.14]
	at org.springframework.web.filter.ServletRequestPathFilter.doFilter(ServletRequestPathFilter.java:52) ~[spring-web-6.2.14.jar:6.2.14]
	at org.springframework.web.filter.CompositeFilter$VirtualFilterChain.doFilter(CompositeFilter.java:113) ~[spring-web-6.2.14.jar:6.2.14]
	at org.springframework.web.filter.CompositeFilter.doFilter(CompositeFilter.java:74) ~[spring-web-6.2.14.jar:6.2.14]
	at org.springframework.security.config.annotation.web.configuration.WebSecurityConfiguration$CompositeFilterChainProxy.doFilter(WebSecurityConfiguration.java:319) ~[spring-security-config-6.5.7.jar:6.5.7]
	at org.springframework.web.filter.CompositeFilter$VirtualFilterChain.doFilter(CompositeFilter.java:113) ~[spring-web-6.2.14.jar:6.2.14]
	at org.springframework.web.servlet.handler.HandlerMappingIntrospector.lambda$createCacheFilter$4(HandlerMappingIntrospector.java:267) ~[spring-webmvc-6.2.14.jar:6.2.14]
	at org.springframework.web.filter.CompositeFilter$VirtualFilterChain.doFilter(CompositeFilter.java:113) ~[spring-web-6.2.14.jar:6.2.14]
	at org.springframework.web.filter.CompositeFilter.doFilter(CompositeFilter.java:74) ~[spring-web-6.2.14.jar:6.2.14]
	at org.springframework.security.config.annotation.web.configuration.WebMvcSecurityConfiguration$CompositeFilterChainProxy.doFilter(WebMvcSecurityConfiguration.java:240) ~[spring-security-config-6.5.7.jar:6.5.7]
	at org.springframework.web.filter.DelegatingFilterProxy.invokeDelegate(DelegatingFilterProxy.java:362) ~[spring-web-6.2.14.jar:6.2.14]
	at org.springframework.web.filter.DelegatingFilterProxy.doFilter(DelegatingFilterProxy.java:278) ~[spring-web-6.2.14.jar:6.2.14]
	at org.apache.catalina.core.ApplicationFilterChain.internalDoFilter(ApplicationFilterChain.java:162) ~[tomcat-embed-core-10.1.49.jar:10.1.49]
	at org.apache.catalina.core.ApplicationFilterChain.doFilter(ApplicationFilterChain.java:138) ~[tomcat-embed-core-10.1.49.jar:10.1.49]
	at org.springframework.web.filter.RequestContextFilter.doFilterInternal(RequestContextFilter.java:100) ~[spring-web-6.2.14.jar:6.2.14]
	at org.springframework.web.filter.OncePerRequestFilter.doFilter(OncePerRequestFilter.java:116) ~[spring-web-6.2.14.jar:6.2.14]
	at org.apache.catalina.core.ApplicationFilterChain.internalDoFilter(ApplicationFilterChain.java:162) ~[tomcat-embed-core-10.1.49.jar:10.1.49]
	at org.apache.catalina.core.ApplicationFilterChain.doFilter(ApplicationFilterChain.java:138) ~[tomcat-embed-core-10.1.49.jar:10.1.49]
	at org.springframework.web.filter.FormContentFilter.doFilterInternal(FormContentFilter.java:93) ~[spring-web-6.2.14.jar:6.2.14]
	at org.springframework.web.filter.OncePerRequestFilter.doFilter(OncePerRequestFilter.java:116) ~[spring-web-6.2.14.jar:6.2.14]
	at org.apache.catalina.core.ApplicationFilterChain.internalDoFilter(ApplicationFilterChain.java:162) ~[tomcat-embed-core-10.1.49.jar:10.1.49]
	at org.apache.catalina.core.ApplicationFilterChain.doFilter(ApplicationFilterChain.java:138) ~[tomcat-embed-core-10.1.49.jar:10.1.49]
	at org.springframework.web.filter.CharacterEncodingFilter.doFilterInternal(CharacterEncodingFilter.java:201) ~[spring-web-6.2.14.jar:6.2.14]
	at org.springframework.web.filter.OncePerRequestFilter.doFilter(OncePerRequestFilter.java:116) ~[spring-web-6.2.14.jar:6.2.14]
	at org.apache.catalina.core.ApplicationFilterChain.internalDoFilter(ApplicationFilterChain.java:162) ~[tomcat-embed-core-10.1.49.jar:10.1.49]
	at org.apache.catalina.core.ApplicationFilterChain.doFilter(ApplicationFilterChain.java:138) ~[tomcat-embed-core-10.1.49.jar:10.1.49]
	at org.apache.catalina.core.StandardWrapperValve.invoke(StandardWrapperValve.java:165) ~[tomcat-embed-core-10.1.49.jar:10.1.49]
	at org.apache.catalina.core.StandardContextValve.invoke(StandardContextValve.java:88) ~[tomcat-embed-core-10.1.49.jar:10.1.49]
	at org.apache.catalina.authenticator.AuthenticatorBase.invoke(AuthenticatorBase.java:482) ~[tomcat-embed-core-10.1.49.jar:10.1.49]
	at org.apache.catalina.core.StandardHostValve.invoke(StandardHostValve.java:113) ~[tomcat-embed-core-10.1.49.jar:10.1.49]
	at org.apache.catalina.valves.ErrorReportValve.invoke(ErrorReportValve.java:83) ~[tomcat-embed-core-10.1.49.jar:10.1.49]
	at org.apache.catalina.core.StandardEngineValve.invoke(StandardEngineValve.java:72) ~[tomcat-embed-core-10.1.49.jar:10.1.49]
	at org.apache.catalina.connector.CoyoteAdapter.service(CoyoteAdapter.java:342) ~[tomcat-embed-core-10.1.49.jar:10.1.49]
	at org.apache.coyote.http11.Http11Processor.service(Http11Processor.java:399) ~[tomcat-embed-core-10.1.49.jar:10.1.49]
	at org.apache.coyote.AbstractProcessorLight.process(AbstractProcessorLight.java:63) ~[tomcat-embed-core-10.1.49.jar:10.1.49]
	at org.apache.coyote.AbstractProtocol$ConnectionHandler.process(AbstractProtocol.java:903) ~[tomcat-embed-core-10.1.49.jar:10.1.49]
	at org.apache.tomcat.util.net.NioEndpoint$SocketProcessor.doRun(NioEndpoint.java:1774) ~[tomcat-embed-core-10.1.49.jar:10.1.49]
	at org.apache.tomcat.util.net.SocketProcessorBase.run(SocketProcessorBase.java:52) ~[tomcat-embed-core-10.1.49.jar:10.1.49]
	at java.base/java.lang.VirtualThread.run(Unknown Source) ~[?:?]
15:15:55.803 [tomcat-handler-0] ERROR ServiceExceptionHandler - No static resource api/clients/dummy.
org.springframework.web.servlet.resource.NoResourceFoundException: No static resource api/clients/dummy.
	at org.springframework.web.servlet.resource.ResourceHttpRequestHandler.handleRequest(ResourceHttpRequestHandler.java:585) ~[spring-webmvc-6.2.14.jar:6.2.14]
	at org.springframework.web.servlet.mvc.HttpRequestHandlerAdapter.handle(HttpRequestHandlerAdapter.java:52) ~[spring-webmvc-6.2.14.jar:6.2.14]
	at org.springframework.web.servlet.DispatcherServlet.doDispatch(DispatcherServlet.java:1089) ~[spring-webmvc-6.2.14.jar:6.2.14]
	at org.springframework.web.servlet.DispatcherServlet.doService(DispatcherServlet.java:979) ~[spring-webmvc-6.2.14.jar:6.2.14]
	at org.springframework.web.servlet.FrameworkServlet.processRequest(FrameworkServlet.java:1014) ~[spring-webmvc-6.2.14.jar:6.2.14]
	at org.springframework.web.servlet.FrameworkServlet.doGet(FrameworkServlet.java:903) ~[spring-webmvc-6.2.14.jar:6.2.14]
	at jakarta.servlet.http.HttpServlet.service(HttpServlet.java:564) ~[tomcat-embed-core-10.1.49.jar:6.0]
	at org.springframework.web.servlet.FrameworkServlet.service(FrameworkServlet.java:885) ~[spring-webmvc-6.2.14.jar:6.2.14]
	at jakarta.servlet.http.HttpServlet.service(HttpServlet.java:658) ~[tomcat-embed-core-10.1.49.jar:6.0]
	at org.apache.catalina.core.ApplicationFilterChain.internalDoFilter(ApplicationFilterChain.java:193) ~[tomcat-embed-core-10.1.49.jar:10.1.49]
	at org.apache.catalina.core.ApplicationFilterChain.doFilter(ApplicationFilterChain.java:138) ~[tomcat-embed-core-10.1.49.jar:10.1.49]
	at org.apache.tomcat.websocket.server.WsFilter.doFilter(WsFilter.java:51) ~[tomcat-embed-websocket-10.1.49.jar:10.1.49]
	at org.apache.catalina.core.ApplicationFilterChain.internalDoFilter(ApplicationFilterChain.java:162) ~[tomcat-embed-core-10.1.49.jar:10.1.49]
	at org.apache.catalina.core.ApplicationFilterChain.doFilter(ApplicationFilterChain.java:138) ~[tomcat-embed-core-10.1.49.jar:10.1.49]
	at org.springframework.web.filter.CompositeFilter$VirtualFilterChain.doFilter(CompositeFilter.java:108) ~[spring-web-6.2.14.jar:6.2.14]
	at org.springframework.web.filter.CompositeFilter$VirtualFilterChain.doFilter(CompositeFilter.java:108) ~[spring-web-6.2.14.jar:6.2.14]
	at org.springframework.security.web.FilterChainProxy.lambda$doFilterInternal$3(FilterChainProxy.java:231) ~[spring-security-web-6.5.7.jar:6.5.7]
	at org.springframework.security.web.FilterChainProxy$VirtualFilterChain.doFilter(FilterChainProxy.java:365) ~[spring-security-web-6.5.7.jar:6.5.7]
	at org.springframework.security.web.access.intercept.AuthorizationFilter.doFilter(AuthorizationFilter.java:101) ~[spring-security-web-6.5.7.jar:6.5.7]
	at org.springframework.security.web.FilterChainProxy$VirtualFilterChain.doFilter(FilterChainProxy.java:374) ~[spring-security-web-6.5.7.jar:6.5.7]
	at org.springframework.security.web.access.ExceptionTranslationFilter.doFilter(ExceptionTranslationFilter.java:125) ~[spring-security-web-6.5.7.jar:6.5.7]
	at org.springframework.security.web.access.ExceptionTranslationFilter.doFilter(ExceptionTranslationFilter.java:119) ~[spring-security-web-6.5.7.jar:6.5.7]
	at org.springframework.security.web.FilterChainProxy$VirtualFilterChain.doFilter(FilterChainProxy.java:374) ~[spring-security-web-6.5.7.jar:6.5.7]
	at org.springframework.security.web.authentication.AnonymousAuthenticationFilter.doFilter(AnonymousAuthenticationFilter.java:100) ~[spring-security-web-6.5.7.jar:6.5.7]
	at org.springframework.security.web.FilterChainProxy$VirtualFilterChain.doFilter(FilterChainProxy.java:374) ~[spring-security-web-6.5.7.jar:6.5.7]
	at org.springframework.security.web.servletapi.SecurityContextHolderAwareRequestFilter.doFilter(SecurityContextHolderAwareRequestFilter.java:179) ~[spring-security-web-6.5.7.jar:6.5.7]
	at org.springframework.security.web.FilterChainProxy$VirtualFilterChain.doFilter(FilterChainProxy.java:374) ~[spring-security-web-6.5.7.jar:6.5.7]
	at org.springframework.security.web.savedrequest.RequestCacheAwareFilter.doFilter(RequestCacheAwareFilter.java:63) ~[spring-security-web-6.5.7.jar:6.5.7]
	at org.springframework.security.web.FilterChainProxy$VirtualFilterChain.doFilter(FilterChainProxy.java:374) ~[spring-security-web-6.5.7.jar:6.5.7]
	at org.springframework.security.web.authentication.AuthenticationFilter.doFilterInternal(AuthenticationFilter.java:177) ~[spring-security-web-6.5.7.jar:6.5.7]
	at org.springframework.web.filter.OncePerRequestFilter.doFilter(OncePerRequestFilter.java:116) ~[spring-web-6.2.14.jar:6.2.14]
	at org.springframework.security.web.FilterChainProxy$VirtualFilterChain.doFilter(FilterChainProxy.java:374) ~[spring-security-web-6.5.7.jar:6.5.7]
	at org.springframework.security.oauth2.server.resource.web.authentication.BearerTokenAuthenticationFilter.doFilterInternal(BearerTokenAuthenticationFilter.java:158) ~[spring-security-oauth2-resource-server-6.5.7.jar:6.5.7]
	at org.springframework.web.filter.OncePerRequestFilter.doFilter(OncePerRequestFilter.java:116) ~[spring-web-6.2.14.jar:6.2.14]
	at org.springframework.security.web.FilterChainProxy$VirtualFilterChain.doFilter(FilterChainProxy.java:374) ~[spring-security-web-6.5.7.jar:6.5.7]
	at org.springframework.security.web.authentication.logout.LogoutFilter.doFilter(LogoutFilter.java:107) ~[spring-security-web-6.5.7.jar:6.5.7]
	at org.springframework.security.web.authentication.logout.LogoutFilter.doFilter(LogoutFilter.java:93) ~[spring-security-web-6.5.7.jar:6.5.7]
	at org.springframework.security.web.FilterChainProxy$VirtualFilterChain.doFilter(FilterChainProxy.java:374) ~[spring-security-web-6.5.7.jar:6.5.7]
	at org.springframework.security.web.csrf.CsrfFilter.doFilterInternal(CsrfFilter.java:117) ~[spring-security-web-6.5.7.jar:6.5.7]
	at org.springframework.web.filter.OncePerRequestFilter.doFilter(OncePerRequestFilter.java:116) ~[spring-web-6.2.14.jar:6.2.14]
	at org.springframework.security.web.FilterChainProxy$VirtualFilterChain.doFilter(FilterChainProxy.java:374) ~[spring-security-web-6.5.7.jar:6.5.7]
	at org.springframework.security.web.header.HeaderWriterFilter.doHeadersAfter(HeaderWriterFilter.java:90) ~[spring-security-web-6.5.7.jar:6.5.7]
	at org.springframework.security.web.header.HeaderWriterFilter.doFilterInternal(HeaderWriterFilter.java:75) ~[spring-security-web-6.5.7.jar:6.5.7]
	at org.springframework.web.filter.OncePerRequestFilter.doFilter(OncePerRequestFilter.java:116) ~[spring-web-6.2.14.jar:6.2.14]
	at org.springframework.security.web.FilterChainProxy$VirtualFilterChain.doFilter(FilterChainProxy.java:374) ~[spring-security-web-6.5.7.jar:6.5.7]
	at org.springframework.security.web.context.SecurityContextHolderFilter.doFilter(SecurityContextHolderFilter.java:82) ~[spring-security-web-6.5.7.jar:6.5.7]
	at org.springframework.security.web.context.SecurityContextHolderFilter.doFilter(SecurityContextHolderFilter.java:69) ~[spring-security-web-6.5.7.jar:6.5.7]
	at org.springframework.security.web.FilterChainProxy$VirtualFilterChain.doFilter(FilterChainProxy.java:374) ~[spring-security-web-6.5.7.jar:6.5.7]
	at org.springframework.security.web.context.request.async.WebAsyncManagerIntegrationFilter.doFilterInternal(WebAsyncManagerIntegrationFilter.java:62) ~[spring-security-web-6.5.7.jar:6.5.7]
	at org.springframework.web.filter.OncePerRequestFilter.doFilter(OncePerRequestFilter.java:116) ~[spring-web-6.2.14.jar:6.2.14]
	at org.springframework.security.web.FilterChainProxy$VirtualFilterChain.doFilter(FilterChainProxy.java:374) ~[spring-security-web-6.5.7.jar:6.5.7]
	at org.springframework.security.web.session.DisableEncodeUrlFilter.doFilterInternal(DisableEncodeUrlFilter.java:42) ~[spring-security-web-6.5.7.jar:6.5.7]
	at org.springframework.web.filter.OncePerRequestFilter.doFilter(OncePerRequestFilter.java:116) ~[spring-web-6.2.14.jar:6.2.14]
	at org.springframework.security.web.FilterChainProxy$VirtualFilterChain.doFilter(FilterChainProxy.java:374) ~[spring-security-web-6.5.7.jar:6.5.7]
	at org.springframework.security.web.FilterChainProxy.doFilterInternal(FilterChainProxy.java:233) ~[spring-security-web-6.5.7.jar:6.5.7]
	at org.springframework.security.web.FilterChainProxy.doFilter(FilterChainProxy.java:191) ~[spring-security-web-6.5.7.jar:6.5.7]
	at org.springframework.web.filter.CompositeFilter$VirtualFilterChain.doFilter(CompositeFilter.java:113) ~[spring-web-6.2.14.jar:6.2.14]
	at org.springframework.web.filter.ServletRequestPathFilter.doFilter(ServletRequestPathFilter.java:52) ~[spring-web-6.2.14.jar:6.2.14]
	at org.springframework.web.filter.CompositeFilter$VirtualFilterChain.doFilter(CompositeFilter.java:113) ~[spring-web-6.2.14.jar:6.2.14]
	at org.springframework.web.filter.CompositeFilter.doFilter(CompositeFilter.java:74) ~[spring-web-6.2.14.jar:6.2.14]
	at org.springframework.security.config.annotation.web.configuration.WebSecurityConfiguration$CompositeFilterChainProxy.doFilter(WebSecurityConfiguration.java:319) ~[spring-security-config-6.5.7.jar:6.5.7]
	at org.springframework.web.filter.CompositeFilter$VirtualFilterChain.doFilter(CompositeFilter.java:113) ~[spring-web-6.2.14.jar:6.2.14]
	at org.springframework.web.servlet.handler.HandlerMappingIntrospector.lambda$createCacheFilter$4(HandlerMappingIntrospector.java:267) ~[spring-webmvc-6.2.14.jar:6.2.14]
	at org.springframework.web.filter.CompositeFilter$VirtualFilterChain.doFilter(CompositeFilter.java:113) ~[spring-web-6.2.14.jar:6.2.14]
	at org.springframework.web.filter.CompositeFilter.doFilter(CompositeFilter.java:74) ~[spring-web-6.2.14.jar:6.2.14]
	at org.springframework.security.config.annotation.web.configuration.WebMvcSecurityConfiguration$CompositeFilterChainProxy.doFilter(WebMvcSecurityConfiguration.java:240) ~[spring-security-config-6.5.7.jar:6.5.7]
	at org.springframework.web.filter.DelegatingFilterProxy.invokeDelegate(DelegatingFilterProxy.java:362) ~[spring-web-6.2.14.jar:6.2.14]
	at org.springframework.web.filter.DelegatingFilterProxy.doFilter(DelegatingFilterProxy.java:278) ~[spring-web-6.2.14.jar:6.2.14]
	at org.apache.catalina.core.ApplicationFilterChain.internalDoFilter(ApplicationFilterChain.java:162) ~[tomcat-embed-core-10.1.49.jar:10.1.49]
	at org.apache.catalina.core.ApplicationFilterChain.doFilter(ApplicationFilterChain.java:138) ~[tomcat-embed-core-10.1.49.jar:10.1.49]
	at org.springframework.web.filter.RequestContextFilter.doFilterInternal(RequestContextFilter.java:100) ~[spring-web-6.2.14.jar:6.2.14]
	at org.springframework.web.filter.OncePerRequestFilter.doFilter(OncePerRequestFilter.java:116) ~[spring-web-6.2.14.jar:6.2.14]
	at org.apache.catalina.core.ApplicationFilterChain.internalDoFilter(ApplicationFilterChain.java:162) ~[tomcat-embed-core-10.1.49.jar:10.1.49]
	at org.apache.catalina.core.ApplicationFilterChain.doFilter(ApplicationFilterChain.java:138) ~[tomcat-embed-core-10.1.49.jar:10.1.49]
	at org.springframework.web.filter.FormContentFilter.doFilterInternal(FormContentFilter.java:93) ~[spring-web-6.2.14.jar:6.2.14]
	at org.springframework.web.filter.OncePerRequestFilter.doFilter(OncePerRequestFilter.java:116) ~[spring-web-6.2.14.jar:6.2.14]
	at org.apache.catalina.core.ApplicationFilterChain.internalDoFilter(ApplicationFilterChain.java:162) ~[tomcat-embed-core-10.1.49.jar:10.1.49]
	at org.apache.catalina.core.ApplicationFilterChain.doFilter(ApplicationFilterChain.java:138) ~[tomcat-embed-core-10.1.49.jar:10.1.49]
	at org.springframework.web.filter.CharacterEncodingFilter.doFilterInternal(CharacterEncodingFilter.java:201) ~[spring-web-6.2.14.jar:6.2.14]
	at org.springframework.web.filter.OncePerRequestFilter.doFilter(OncePerRequestFilter.java:116) ~[spring-web-6.2.14.jar:6.2.14]
	at org.apache.catalina.core.ApplicationFilterChain.internalDoFilter(ApplicationFilterChain.java:162) ~[tomcat-embed-core-10.1.49.jar:10.1.49]
	at org.apache.catalina.core.ApplicationFilterChain.doFilter(ApplicationFilterChain.java:138) ~[tomcat-embed-core-10.1.49.jar:10.1.49]
	at org.apache.catalina.core.StandardWrapperValve.invoke(StandardWrapperValve.java:165) ~[tomcat-embed-core-10.1.49.jar:10.1.49]
	at org.apache.catalina.core.StandardContextValve.invoke(StandardContextValve.java:88) ~[tomcat-embed-core-10.1.49.jar:10.1.49]
	at org.apache.catalina.authenticator.AuthenticatorBase.invoke(AuthenticatorBase.java:482) ~[tomcat-embed-core-10.1.49.jar:10.1.49]
	at org.apache.catalina.core.StandardHostValve.invoke(StandardHostValve.java:113) ~[tomcat-embed-core-10.1.49.jar:10.1.49]
	at org.apache.catalina.valves.ErrorReportValve.invoke(ErrorReportValve.java:83) ~[tomcat-embed-core-10.1.49.jar:10.1.49]
	at org.apache.catalina.core.StandardEngineValve.invoke(StandardEngineValve.java:72) ~[tomcat-embed-core-10.1.49.jar:10.1.49]
	at org.apache.catalina.connector.CoyoteAdapter.service(CoyoteAdapter.java:342) ~[tomcat-embed-core-10.1.49.jar:10.1.49]
	at org.apache.coyote.http11.Http11Processor.service(Http11Processor.java:399) ~[tomcat-embed-core-10.1.49.jar:10.1.49]
	at org.apache.coyote.AbstractProcessorLight.process(AbstractProcessorLight.java:63) ~[tomcat-embed-core-10.1.49.jar:10.1.49]
	at org.apache.coyote.AbstractProtocol$ConnectionHandler.process(AbstractProtocol.java:903) ~[tomcat-embed-core-10.1.49.jar:10.1.49]
	at org.apache.tomcat.util.net.NioEndpoint$SocketProcessor.doRun(NioEndpoint.java:1774) ~[tomcat-embed-core-10.1.49.jar:10.1.49]
	at org.apache.tomcat.util.net.SocketProcessorBase.run(SocketProcessorBase.java:52) ~[tomcat-embed-core-10.1.49.jar:10.1.49]
	at java.base/java.lang.VirtualThread.run(Unknown Source) ~[?:?]
15:16:21.203 [tomcat-handler-3] ERROR ServiceExceptionHandler - No static resource api/clients/dummy.
org.springframework.web.servlet.resource.NoResourceFoundException: No static resource api/clients/dummy.
	at org.springframework.web.servlet.resource.ResourceHttpRequestHandler.handleRequest(ResourceHttpRequestHandler.java:585) ~[spring-webmvc-6.2.14.jar:6.2.14]
	at org.springframework.web.servlet.mvc.HttpRequestHandlerAdapter.handle(HttpRequestHandlerAdapter.java:52) ~[spring-webmvc-6.2.14.jar:6.2.14]
	at org.springframework.web.servlet.DispatcherServlet.doDispatch(DispatcherServlet.java:1089) ~[spring-webmvc-6.2.14.jar:6.2.14]
	at org.springframework.web.servlet.DispatcherServlet.doService(DispatcherServlet.java:979) ~[spring-webmvc-6.2.14.jar:6.2.14]
	at org.springframework.web.servlet.FrameworkServlet.processRequest(FrameworkServlet.java:1014) ~[spring-webmvc-6.2.14.jar:6.2.14]
	at org.springframework.web.servlet.FrameworkServlet.doGet(FrameworkServlet.java:903) ~[spring-webmvc-6.2.14.jar:6.2.14]
	at jakarta.servlet.http.HttpServlet.service(HttpServlet.java:564) ~[tomcat-embed-core-10.1.49.jar:6.0]
	at org.springframework.web.servlet.FrameworkServlet.service(FrameworkServlet.java:885) ~[spring-webmvc-6.2.14.jar:6.2.14]
	at jakarta.servlet.http.HttpServlet.service(HttpServlet.java:658) ~[tomcat-embed-core-10.1.49.jar:6.0]
	at org.apache.catalina.core.ApplicationFilterChain.internalDoFilter(ApplicationFilterChain.java:193) ~[tomcat-embed-core-10.1.49.jar:10.1.49]
	at org.apache.catalina.core.ApplicationFilterChain.doFilter(ApplicationFilterChain.java:138) ~[tomcat-embed-core-10.1.49.jar:10.1.49]
	at org.apache.tomcat.websocket.server.WsFilter.doFilter(WsFilter.java:51) ~[tomcat-embed-websocket-10.1.49.jar:10.1.49]
	at org.apache.catalina.core.ApplicationFilterChain.internalDoFilter(ApplicationFilterChain.java:162) ~[tomcat-embed-core-10.1.49.jar:10.1.49]
	at org.apache.catalina.core.ApplicationFilterChain.doFilter(ApplicationFilterChain.java:138) ~[tomcat-embed-core-10.1.49.jar:10.1.49]
	at org.springframework.web.filter.CompositeFilter$VirtualFilterChain.doFilter(CompositeFilter.java:108) ~[spring-web-6.2.14.jar:6.2.14]
	at org.springframework.web.filter.CompositeFilter$VirtualFilterChain.doFilter(CompositeFilter.java:108) ~[spring-web-6.2.14.jar:6.2.14]
	at org.springframework.security.web.FilterChainProxy.lambda$doFilterInternal$3(FilterChainProxy.java:231) ~[spring-security-web-6.5.7.jar:6.5.7]
	at org.springframework.security.web.FilterChainProxy$VirtualFilterChain.doFilter(FilterChainProxy.java:365) ~[spring-security-web-6.5.7.jar:6.5.7]
	at org.springframework.security.web.access.intercept.AuthorizationFilter.doFilter(AuthorizationFilter.java:101) ~[spring-security-web-6.5.7.jar:6.5.7]
	at org.springframework.security.web.FilterChainProxy$VirtualFilterChain.doFilter(FilterChainProxy.java:374) ~[spring-security-web-6.5.7.jar:6.5.7]
	at org.springframework.security.web.access.ExceptionTranslationFilter.doFilter(ExceptionTranslationFilter.java:125) ~[spring-security-web-6.5.7.jar:6.5.7]
	at org.springframework.security.web.access.ExceptionTranslationFilter.doFilter(ExceptionTranslationFilter.java:119) ~[spring-security-web-6.5.7.jar:6.5.7]
	at org.springframework.security.web.FilterChainProxy$VirtualFilterChain.doFilter(FilterChainProxy.java:374) ~[spring-security-web-6.5.7.jar:6.5.7]
	at org.springframework.security.web.authentication.AnonymousAuthenticationFilter.doFilter(AnonymousAuthenticationFilter.java:100) ~[spring-security-web-6.5.7.jar:6.5.7]
	at org.springframework.security.web.FilterChainProxy$VirtualFilterChain.doFilter(FilterChainProxy.java:374) ~[spring-security-web-6.5.7.jar:6.5.7]
	at org.springframework.security.web.servletapi.SecurityContextHolderAwareRequestFilter.doFilter(SecurityContextHolderAwareRequestFilter.java:179) ~[spring-security-web-6.5.7.jar:6.5.7]
	at org.springframework.security.web.FilterChainProxy$VirtualFilterChain.doFilter(FilterChainProxy.java:374) ~[spring-security-web-6.5.7.jar:6.5.7]
	at org.springframework.security.web.savedrequest.RequestCacheAwareFilter.doFilter(RequestCacheAwareFilter.java:63) ~[spring-security-web-6.5.7.jar:6.5.7]
	at org.springframework.security.web.FilterChainProxy$VirtualFilterChain.doFilter(FilterChainProxy.java:374) ~[spring-security-web-6.5.7.jar:6.5.7]
	at org.springframework.security.web.authentication.AuthenticationFilter.doFilterInternal(AuthenticationFilter.java:177) ~[spring-security-web-6.5.7.jar:6.5.7]
	at org.springframework.web.filter.OncePerRequestFilter.doFilter(OncePerRequestFilter.java:116) ~[spring-web-6.2.14.jar:6.2.14]
	at org.springframework.security.web.FilterChainProxy$VirtualFilterChain.doFilter(FilterChainProxy.java:374) ~[spring-security-web-6.5.7.jar:6.5.7]
	at org.springframework.security.oauth2.server.resource.web.authentication.BearerTokenAuthenticationFilter.doFilterInternal(BearerTokenAuthenticationFilter.java:158) ~[spring-security-oauth2-resource-server-6.5.7.jar:6.5.7]
	at org.springframework.web.filter.OncePerRequestFilter.doFilter(OncePerRequestFilter.java:116) ~[spring-web-6.2.14.jar:6.2.14]
	at org.springframework.security.web.FilterChainProxy$VirtualFilterChain.doFilter(FilterChainProxy.java:374) ~[spring-security-web-6.5.7.jar:6.5.7]
	at org.springframework.security.web.authentication.logout.LogoutFilter.doFilter(LogoutFilter.java:107) ~[spring-security-web-6.5.7.jar:6.5.7]
	at org.springframework.security.web.authentication.logout.LogoutFilter.doFilter(LogoutFilter.java:93) ~[spring-security-web-6.5.7.jar:6.5.7]
	at org.springframework.security.web.FilterChainProxy$VirtualFilterChain.doFilter(FilterChainProxy.java:374) ~[spring-security-web-6.5.7.jar:6.5.7]
	at org.springframework.security.web.csrf.CsrfFilter.doFilterInternal(CsrfFilter.java:117) ~[spring-security-web-6.5.7.jar:6.5.7]
	at org.springframework.web.filter.OncePerRequestFilter.doFilter(OncePerRequestFilter.java:116) ~[spring-web-6.2.14.jar:6.2.14]
	at org.springframework.security.web.FilterChainProxy$VirtualFilterChain.doFilter(FilterChainProxy.java:374) ~[spring-security-web-6.5.7.jar:6.5.7]
	at org.springframework.security.web.header.HeaderWriterFilter.doHeadersAfter(HeaderWriterFilter.java:90) ~[spring-security-web-6.5.7.jar:6.5.7]
	at org.springframework.security.web.header.HeaderWriterFilter.doFilterInternal(HeaderWriterFilter.java:75) ~[spring-security-web-6.5.7.jar:6.5.7]
	at org.springframework.web.filter.OncePerRequestFilter.doFilter(OncePerRequestFilter.java:116) ~[spring-web-6.2.14.jar:6.2.14]
	at org.springframework.security.web.FilterChainProxy$VirtualFilterChain.doFilter(FilterChainProxy.java:374) ~[spring-security-web-6.5.7.jar:6.5.7]
	at org.springframework.security.web.context.SecurityContextHolderFilter.doFilter(SecurityContextHolderFilter.java:82) ~[spring-security-web-6.5.7.jar:6.5.7]
	at org.springframework.security.web.context.SecurityContextHolderFilter.doFilter(SecurityContextHolderFilter.java:69) ~[spring-security-web-6.5.7.jar:6.5.7]
	at org.springframework.security.web.FilterChainProxy$VirtualFilterChain.doFilter(FilterChainProxy.java:374) ~[spring-security-web-6.5.7.jar:6.5.7]
	at org.springframework.security.web.context.request.async.WebAsyncManagerIntegrationFilter.doFilterInternal(WebAsyncManagerIntegrationFilter.java:62) ~[spring-security-web-6.5.7.jar:6.5.7]
	at org.springframework.web.filter.OncePerRequestFilter.doFilter(OncePerRequestFilter.java:116) ~[spring-web-6.2.14.jar:6.2.14]
	at org.springframework.security.web.FilterChainProxy$VirtualFilterChain.doFilter(FilterChainProxy.java:374) ~[spring-security-web-6.5.7.jar:6.5.7]
	at org.springframework.security.web.session.DisableEncodeUrlFilter.doFilterInternal(DisableEncodeUrlFilter.java:42) ~[spring-security-web-6.5.7.jar:6.5.7]
	at org.springframework.web.filter.OncePerRequestFilter.doFilter(OncePerRequestFilter.java:116) ~[spring-web-6.2.14.jar:6.2.14]
	at org.springframework.security.web.FilterChainProxy$VirtualFilterChain.doFilter(FilterChainProxy.java:374) ~[spring-security-web-6.5.7.jar:6.5.7]
	at org.springframework.security.web.FilterChainProxy.doFilterInternal(FilterChainProxy.java:233) ~[spring-security-web-6.5.7.jar:6.5.7]
	at org.springframework.security.web.FilterChainProxy.doFilter(FilterChainProxy.java:191) ~[spring-security-web-6.5.7.jar:6.5.7]
	at org.springframework.web.filter.CompositeFilter$VirtualFilterChain.doFilter(CompositeFilter.java:113) ~[spring-web-6.2.14.jar:6.2.14]
	at org.springframework.web.filter.ServletRequestPathFilter.doFilter(ServletRequestPathFilter.java:52) ~[spring-web-6.2.14.jar:6.2.14]
	at org.springframework.web.filter.CompositeFilter$VirtualFilterChain.doFilter(CompositeFilter.java:113) ~[spring-web-6.2.14.jar:6.2.14]
	at org.springframework.web.filter.CompositeFilter.doFilter(CompositeFilter.java:74) ~[spring-web-6.2.14.jar:6.2.14]
	at org.springframework.security.config.annotation.web.configuration.WebSecurityConfiguration$CompositeFilterChainProxy.doFilter(WebSecurityConfiguration.java:319) ~[spring-security-config-6.5.7.jar:6.5.7]
	at org.springframework.web.filter.CompositeFilter$VirtualFilterChain.doFilter(CompositeFilter.java:113) ~[spring-web-6.2.14.jar:6.2.14]
	at org.springframework.web.servlet.handler.HandlerMappingIntrospector.lambda$createCacheFilter$4(HandlerMappingIntrospector.java:267) ~[spring-webmvc-6.2.14.jar:6.2.14]
	at org.springframework.web.filter.CompositeFilter$VirtualFilterChain.doFilter(CompositeFilter.java:113) ~[spring-web-6.2.14.jar:6.2.14]
	at org.springframework.web.filter.CompositeFilter.doFilter(CompositeFilter.java:74) ~[spring-web-6.2.14.jar:6.2.14]
	at org.springframework.security.config.annotation.web.configuration.WebMvcSecurityConfiguration$CompositeFilterChainProxy.doFilter(WebMvcSecurityConfiguration.java:240) ~[spring-security-config-6.5.7.jar:6.5.7]
	at org.springframework.web.filter.DelegatingFilterProxy.invokeDelegate(DelegatingFilterProxy.java:362) ~[spring-web-6.2.14.jar:6.2.14]
	at org.springframework.web.filter.DelegatingFilterProxy.doFilter(DelegatingFilterProxy.java:278) ~[spring-web-6.2.14.jar:6.2.14]
	at org.apache.catalina.core.ApplicationFilterChain.internalDoFilter(ApplicationFilterChain.java:162) ~[tomcat-embed-core-10.1.49.jar:10.1.49]
	at org.apache.catalina.core.ApplicationFilterChain.doFilter(ApplicationFilterChain.java:138) ~[tomcat-embed-core-10.1.49.jar:10.1.49]
	at org.springframework.web.filter.RequestContextFilter.doFilterInternal(RequestContextFilter.java:100) ~[spring-web-6.2.14.jar:6.2.14]
	at org.springframework.web.filter.OncePerRequestFilter.doFilter(OncePerRequestFilter.java:116) ~[spring-web-6.2.14.jar:6.2.14]
	at org.apache.catalina.core.ApplicationFilterChain.internalDoFilter(ApplicationFilterChain.java:162) ~[tomcat-embed-core-10.1.49.jar:10.1.49]
	at org.apache.catalina.core.ApplicationFilterChain.doFilter(ApplicationFilterChain.java:138) ~[tomcat-embed-core-10.1.49.jar:10.1.49]
	at org.springframework.web.filter.FormContentFilter.doFilterInternal(FormContentFilter.java:93) ~[spring-web-6.2.14.jar:6.2.14]
	at org.springframework.web.filter.OncePerRequestFilter.doFilter(OncePerRequestFilter.java:116) ~[spring-web-6.2.14.jar:6.2.14]
	at org.apache.catalina.core.ApplicationFilterChain.internalDoFilter(ApplicationFilterChain.java:162) ~[tomcat-embed-core-10.1.49.jar:10.1.49]
	at org.apache.catalina.core.ApplicationFilterChain.doFilter(ApplicationFilterChain.java:138) ~[tomcat-embed-core-10.1.49.jar:10.1.49]
	at org.springframework.web.filter.CharacterEncodingFilter.doFilterInternal(CharacterEncodingFilter.java:201) ~[spring-web-6.2.14.jar:6.2.14]
	at org.springframework.web.filter.OncePerRequestFilter.doFilter(OncePerRequestFilter.java:116) ~[spring-web-6.2.14.jar:6.2.14]
	at org.apache.catalina.core.ApplicationFilterChain.internalDoFilter(ApplicationFilterChain.java:162) ~[tomcat-embed-core-10.1.49.jar:10.1.49]
	at org.apache.catalina.core.ApplicationFilterChain.doFilter(ApplicationFilterChain.java:138) ~[tomcat-embed-core-10.1.49.jar:10.1.49]
	at org.apache.catalina.core.StandardWrapperValve.invoke(StandardWrapperValve.java:165) ~[tomcat-embed-core-10.1.49.jar:10.1.49]
	at org.apache.catalina.core.StandardContextValve.invoke(StandardContextValve.java:88) ~[tomcat-embed-core-10.1.49.jar:10.1.49]
	at org.apache.catalina.authenticator.AuthenticatorBase.invoke(AuthenticatorBase.java:482) ~[tomcat-embed-core-10.1.49.jar:10.1.49]
	at org.apache.catalina.core.StandardHostValve.invoke(StandardHostValve.java:113) ~[tomcat-embed-core-10.1.49.jar:10.1.49]
	at org.apache.catalina.valves.ErrorReportValve.invoke(ErrorReportValve.java:83) ~[tomcat-embed-core-10.1.49.jar:10.1.49]
	at org.apache.catalina.core.StandardEngineValve.invoke(StandardEngineValve.java:72) ~[tomcat-embed-core-10.1.49.jar:10.1.49]
	at org.apache.catalina.connector.CoyoteAdapter.service(CoyoteAdapter.java:342) ~[tomcat-embed-core-10.1.49.jar:10.1.49]
	at org.apache.coyote.http11.Http11Processor.service(Http11Processor.java:399) ~[tomcat-embed-core-10.1.49.jar:10.1.49]
	at org.apache.coyote.AbstractProcessorLight.process(AbstractProcessorLight.java:63) ~[tomcat-embed-core-10.1.49.jar:10.1.49]
	at org.apache.coyote.AbstractProtocol$ConnectionHandler.process(AbstractProtocol.java:903) ~[tomcat-embed-core-10.1.49.jar:10.1.49]
	at org.apache.tomcat.util.net.NioEndpoint$SocketProcessor.doRun(NioEndpoint.java:1774) ~[tomcat-embed-core-10.1.49.jar:10.1.49]
	at org.apache.tomcat.util.net.SocketProcessorBase.run(SocketProcessorBase.java:52) ~[tomcat-embed-core-10.1.49.jar:10.1.49]
	at java.base/java.lang.VirtualThread.run(Unknown Source) ~[?:?]
15:22:11.576 [tomcat-handler-0] ERROR ServiceExceptionHandler - No static resource api/clients.
org.springframework.web.servlet.resource.NoResourceFoundException: No static resource api/clients.
	at org.springframework.web.servlet.resource.ResourceHttpRequestHandler.handleRequest(ResourceHttpRequestHandler.java:585) ~[spring-webmvc-6.2.14.jar:6.2.14]
	at org.springframework.web.servlet.mvc.HttpRequestHandlerAdapter.handle(HttpRequestHandlerAdapter.java:52) ~[spring-webmvc-6.2.14.jar:6.2.14]
	at org.springframework.web.servlet.DispatcherServlet.doDispatch(DispatcherServlet.java:1089) ~[spring-webmvc-6.2.14.jar:6.2.14]
	at org.springframework.web.servlet.DispatcherServlet.doService(DispatcherServlet.java:979) ~[spring-webmvc-6.2.14.jar:6.2.14]
	at org.springframework.web.servlet.FrameworkServlet.processRequest(FrameworkServlet.java:1014) ~[spring-webmvc-6.2.14.jar:6.2.14]
	at org.springframework.web.servlet.FrameworkServlet.doGet(FrameworkServlet.java:903) ~[spring-webmvc-6.2.14.jar:6.2.14]
	at jakarta.servlet.http.HttpServlet.service(HttpServlet.java:564) ~[tomcat-embed-core-10.1.49.jar:6.0]
	at org.springframework.web.servlet.FrameworkServlet.service(FrameworkServlet.java:885) ~[spring-webmvc-6.2.14.jar:6.2.14]
	at jakarta.servlet.http.HttpServlet.service(HttpServlet.java:658) ~[tomcat-embed-core-10.1.49.jar:6.0]
	at org.apache.catalina.core.ApplicationFilterChain.internalDoFilter(ApplicationFilterChain.java:193) ~[tomcat-embed-core-10.1.49.jar:10.1.49]
	at org.apache.catalina.core.ApplicationFilterChain.doFilter(ApplicationFilterChain.java:138) ~[tomcat-embed-core-10.1.49.jar:10.1.49]
	at org.apache.tomcat.websocket.server.WsFilter.doFilter(WsFilter.java:51) ~[tomcat-embed-websocket-10.1.49.jar:10.1.49]
	at org.apache.catalina.core.ApplicationFilterChain.internalDoFilter(ApplicationFilterChain.java:162) ~[tomcat-embed-core-10.1.49.jar:10.1.49]
	at org.apache.catalina.core.ApplicationFilterChain.doFilter(ApplicationFilterChain.java:138) ~[tomcat-embed-core-10.1.49.jar:10.1.49]
	at org.springframework.web.filter.CompositeFilter$VirtualFilterChain.doFilter(CompositeFilter.java:108) ~[spring-web-6.2.14.jar:6.2.14]
	at org.springframework.web.filter.CompositeFilter$VirtualFilterChain.doFilter(CompositeFilter.java:108) ~[spring-web-6.2.14.jar:6.2.14]
	at org.springframework.security.web.FilterChainProxy.lambda$doFilterInternal$3(FilterChainProxy.java:231) ~[spring-security-web-6.5.7.jar:6.5.7]
	at org.springframework.security.web.FilterChainProxy$VirtualFilterChain.doFilter(FilterChainProxy.java:365) ~[spring-security-web-6.5.7.jar:6.5.7]
	at org.springframework.security.web.access.intercept.AuthorizationFilter.doFilter(AuthorizationFilter.java:101) ~[spring-security-web-6.5.7.jar:6.5.7]
	at org.springframework.security.web.FilterChainProxy$VirtualFilterChain.doFilter(FilterChainProxy.java:374) ~[spring-security-web-6.5.7.jar:6.5.7]
	at org.springframework.security.web.access.ExceptionTranslationFilter.doFilter(ExceptionTranslationFilter.java:125) ~[spring-security-web-6.5.7.jar:6.5.7]
	at org.springframework.security.web.access.ExceptionTranslationFilter.doFilter(ExceptionTranslationFilter.java:119) ~[spring-security-web-6.5.7.jar:6.5.7]
	at org.springframework.security.web.FilterChainProxy$VirtualFilterChain.doFilter(FilterChainProxy.java:374) ~[spring-security-web-6.5.7.jar:6.5.7]
	at org.springframework.security.web.authentication.AnonymousAuthenticationFilter.doFilter(AnonymousAuthenticationFilter.java:100) ~[spring-security-web-6.5.7.jar:6.5.7]
	at org.springframework.security.web.FilterChainProxy$VirtualFilterChain.doFilter(FilterChainProxy.java:374) ~[spring-security-web-6.5.7.jar:6.5.7]
	at org.springframework.security.web.servletapi.SecurityContextHolderAwareRequestFilter.doFilter(SecurityContextHolderAwareRequestFilter.java:179) ~[spring-security-web-6.5.7.jar:6.5.7]
	at org.springframework.security.web.FilterChainProxy$VirtualFilterChain.doFilter(FilterChainProxy.java:374) ~[spring-security-web-6.5.7.jar:6.5.7]
	at org.springframework.security.web.savedrequest.RequestCacheAwareFilter.doFilter(RequestCacheAwareFilter.java:63) ~[spring-security-web-6.5.7.jar:6.5.7]
	at org.springframework.security.web.FilterChainProxy$VirtualFilterChain.doFilter(FilterChainProxy.java:374) ~[spring-security-web-6.5.7.jar:6.5.7]
	at org.springframework.security.web.authentication.AuthenticationFilter.doFilterInternal(AuthenticationFilter.java:177) ~[spring-security-web-6.5.7.jar:6.5.7]
	at org.springframework.web.filter.OncePerRequestFilter.doFilter(OncePerRequestFilter.java:116) ~[spring-web-6.2.14.jar:6.2.14]
	at org.springframework.security.web.FilterChainProxy$VirtualFilterChain.doFilter(FilterChainProxy.java:374) ~[spring-security-web-6.5.7.jar:6.5.7]
	at org.springframework.security.oauth2.server.resource.web.authentication.BearerTokenAuthenticationFilter.doFilterInternal(BearerTokenAuthenticationFilter.java:158) ~[spring-security-oauth2-resource-server-6.5.7.jar:6.5.7]
	at org.springframework.web.filter.OncePerRequestFilter.doFilter(OncePerRequestFilter.java:116) ~[spring-web-6.2.14.jar:6.2.14]
	at org.springframework.security.web.FilterChainProxy$VirtualFilterChain.doFilter(FilterChainProxy.java:374) ~[spring-security-web-6.5.7.jar:6.5.7]
	at org.springframework.security.web.authentication.logout.LogoutFilter.doFilter(LogoutFilter.java:107) ~[spring-security-web-6.5.7.jar:6.5.7]
	at org.springframework.security.web.authentication.logout.LogoutFilter.doFilter(LogoutFilter.java:93) ~[spring-security-web-6.5.7.jar:6.5.7]
	at org.springframework.security.web.FilterChainProxy$VirtualFilterChain.doFilter(FilterChainProxy.java:374) ~[spring-security-web-6.5.7.jar:6.5.7]
	at org.springframework.security.web.csrf.CsrfFilter.doFilterInternal(CsrfFilter.java:117) ~[spring-security-web-6.5.7.jar:6.5.7]
	at org.springframework.web.filter.OncePerRequestFilter.doFilter(OncePerRequestFilter.java:116) ~[spring-web-6.2.14.jar:6.2.14]
	at org.springframework.security.web.FilterChainProxy$VirtualFilterChain.doFilter(FilterChainProxy.java:374) ~[spring-security-web-6.5.7.jar:6.5.7]
	at org.springframework.security.web.header.HeaderWriterFilter.doHeadersAfter(HeaderWriterFilter.java:90) ~[spring-security-web-6.5.7.jar:6.5.7]
	at org.springframework.security.web.header.HeaderWriterFilter.doFilterInternal(HeaderWriterFilter.java:75) ~[spring-security-web-6.5.7.jar:6.5.7]
	at org.springframework.web.filter.OncePerRequestFilter.doFilter(OncePerRequestFilter.java:116) ~[spring-web-6.2.14.jar:6.2.14]
	at org.springframework.security.web.FilterChainProxy$VirtualFilterChain.doFilter(FilterChainProxy.java:374) ~[spring-security-web-6.5.7.jar:6.5.7]
	at org.springframework.security.web.context.SecurityContextHolderFilter.doFilter(SecurityContextHolderFilter.java:82) ~[spring-security-web-6.5.7.jar:6.5.7]
	at org.springframework.security.web.context.SecurityContextHolderFilter.doFilter(SecurityContextHolderFilter.java:69) ~[spring-security-web-6.5.7.jar:6.5.7]
	at org.springframework.security.web.FilterChainProxy$VirtualFilterChain.doFilter(FilterChainProxy.java:374) ~[spring-security-web-6.5.7.jar:6.5.7]
	at org.springframework.security.web.context.request.async.WebAsyncManagerIntegrationFilter.doFilterInternal(WebAsyncManagerIntegrationFilter.java:62) ~[spring-security-web-6.5.7.jar:6.5.7]
	at org.springframework.web.filter.OncePerRequestFilter.doFilter(OncePerRequestFilter.java:116) ~[spring-web-6.2.14.jar:6.2.14]
	at org.springframework.security.web.FilterChainProxy$VirtualFilterChain.doFilter(FilterChainProxy.java:374) ~[spring-security-web-6.5.7.jar:6.5.7]
	at org.springframework.security.web.session.DisableEncodeUrlFilter.doFilterInternal(DisableEncodeUrlFilter.java:42) ~[spring-security-web-6.5.7.jar:6.5.7]
	at org.springframework.web.filter.OncePerRequestFilter.doFilter(OncePerRequestFilter.java:116) ~[spring-web-6.2.14.jar:6.2.14]
	at org.springframework.security.web.FilterChainProxy$VirtualFilterChain.doFilter(FilterChainProxy.java:374) ~[spring-security-web-6.5.7.jar:6.5.7]
	at org.springframework.security.web.FilterChainProxy.doFilterInternal(FilterChainProxy.java:233) ~[spring-security-web-6.5.7.jar:6.5.7]
	at org.springframework.security.web.FilterChainProxy.doFilter(FilterChainProxy.java:191) ~[spring-security-web-6.5.7.jar:6.5.7]
	at org.springframework.web.filter.CompositeFilter$VirtualFilterChain.doFilter(CompositeFilter.java:113) ~[spring-web-6.2.14.jar:6.2.14]
	at org.springframework.web.filter.ServletRequestPathFilter.doFilter(ServletRequestPathFilter.java:52) ~[spring-web-6.2.14.jar:6.2.14]
	at org.springframework.web.filter.CompositeFilter$VirtualFilterChain.doFilter(CompositeFilter.java:113) ~[spring-web-6.2.14.jar:6.2.14]
	at org.springframework.web.filter.CompositeFilter.doFilter(CompositeFilter.java:74) ~[spring-web-6.2.14.jar:6.2.14]
	at org.springframework.security.config.annotation.web.configuration.WebSecurityConfiguration$CompositeFilterChainProxy.doFilter(WebSecurityConfiguration.java:319) ~[spring-security-config-6.5.7.jar:6.5.7]
	at org.springframework.web.filter.CompositeFilter$VirtualFilterChain.doFilter(CompositeFilter.java:113) ~[spring-web-6.2.14.jar:6.2.14]
	at org.springframework.web.servlet.handler.HandlerMappingIntrospector.lambda$createCacheFilter$4(HandlerMappingIntrospector.java:267) ~[spring-webmvc-6.2.14.jar:6.2.14]
	at org.springframework.web.filter.CompositeFilter$VirtualFilterChain.doFilter(CompositeFilter.java:113) ~[spring-web-6.2.14.jar:6.2.14]
	at org.springframework.web.filter.CompositeFilter.doFilter(CompositeFilter.java:74) ~[spring-web-6.2.14.jar:6.2.14]
	at org.springframework.security.config.annotation.web.configuration.WebMvcSecurityConfiguration$CompositeFilterChainProxy.doFilter(WebMvcSecurityConfiguration.java:240) ~[spring-security-config-6.5.7.jar:6.5.7]
	at org.springframework.web.filter.DelegatingFilterProxy.invokeDelegate(DelegatingFilterProxy.java:362) ~[spring-web-6.2.14.jar:6.2.14]
	at org.springframework.web.filter.DelegatingFilterProxy.doFilter(DelegatingFilterProxy.java:278) ~[spring-web-6.2.14.jar:6.2.14]
	at org.apache.catalina.core.ApplicationFilterChain.internalDoFilter(ApplicationFilterChain.java:162) ~[tomcat-embed-core-10.1.49.jar:10.1.49]
	at org.apache.catalina.core.ApplicationFilterChain.doFilter(ApplicationFilterChain.java:138) ~[tomcat-embed-core-10.1.49.jar:10.1.49]
	at org.springframework.web.filter.RequestContextFilter.doFilterInternal(RequestContextFilter.java:100) ~[spring-web-6.2.14.jar:6.2.14]
	at org.springframework.web.filter.OncePerRequestFilter.doFilter(OncePerRequestFilter.java:116) ~[spring-web-6.2.14.jar:6.2.14]
	at org.apache.catalina.core.ApplicationFilterChain.internalDoFilter(ApplicationFilterChain.java:162) ~[tomcat-embed-core-10.1.49.jar:10.1.49]
	at org.apache.catalina.core.ApplicationFilterChain.doFilter(ApplicationFilterChain.java:138) ~[tomcat-embed-core-10.1.49.jar:10.1.49]
	at org.springframework.web.filter.FormContentFilter.doFilterInternal(FormContentFilter.java:93) ~[spring-web-6.2.14.jar:6.2.14]
	at org.springframework.web.filter.OncePerRequestFilter.doFilter(OncePerRequestFilter.java:116) ~[spring-web-6.2.14.jar:6.2.14]
	at org.apache.catalina.core.ApplicationFilterChain.internalDoFilter(ApplicationFilterChain.java:162) ~[tomcat-embed-core-10.1.49.jar:10.1.49]
	at org.apache.catalina.core.ApplicationFilterChain.doFilter(ApplicationFilterChain.java:138) ~[tomcat-embed-core-10.1.49.jar:10.1.49]
	at org.springframework.web.filter.CharacterEncodingFilter.doFilterInternal(CharacterEncodingFilter.java:201) ~[spring-web-6.2.14.jar:6.2.14]
	at org.springframework.web.filter.OncePerRequestFilter.doFilter(OncePerRequestFilter.java:116) ~[spring-web-6.2.14.jar:6.2.14]
	at org.apache.catalina.core.ApplicationFilterChain.internalDoFilter(ApplicationFilterChain.java:162) ~[tomcat-embed-core-10.1.49.jar:10.1.49]
	at org.apache.catalina.core.ApplicationFilterChain.doFilter(ApplicationFilterChain.java:138) ~[tomcat-embed-core-10.1.49.jar:10.1.49]
	at org.apache.catalina.core.StandardWrapperValve.invoke(StandardWrapperValve.java:165) ~[tomcat-embed-core-10.1.49.jar:10.1.49]
	at org.apache.catalina.core.StandardContextValve.invoke(StandardContextValve.java:88) ~[tomcat-embed-core-10.1.49.jar:10.1.49]
	at org.apache.catalina.authenticator.AuthenticatorBase.invoke(AuthenticatorBase.java:482) ~[tomcat-embed-core-10.1.49.jar:10.1.49]
	at org.apache.catalina.core.StandardHostValve.invoke(StandardHostValve.java:113) ~[tomcat-embed-core-10.1.49.jar:10.1.49]
	at org.apache.catalina.valves.ErrorReportValve.invoke(ErrorReportValve.java:83) ~[tomcat-embed-core-10.1.49.jar:10.1.49]
	at org.apache.catalina.core.StandardEngineValve.invoke(StandardEngineValve.java:72) ~[tomcat-embed-core-10.1.49.jar:10.1.49]
	at org.apache.catalina.connector.CoyoteAdapter.service(CoyoteAdapter.java:342) ~[tomcat-embed-core-10.1.49.jar:10.1.49]
	at org.apache.coyote.http11.Http11Processor.service(Http11Processor.java:399) ~[tomcat-embed-core-10.1.49.jar:10.1.49]
	at org.apache.coyote.AbstractProcessorLight.process(AbstractProcessorLight.java:63) ~[tomcat-embed-core-10.1.49.jar:10.1.49]
	at org.apache.coyote.AbstractProtocol$ConnectionHandler.process(AbstractProtocol.java:903) ~[tomcat-embed-core-10.1.49.jar:10.1.49]
	at org.apache.tomcat.util.net.NioEndpoint$SocketProcessor.doRun(NioEndpoint.java:1774) ~[tomcat-embed-core-10.1.49.jar:10.1.49]
	at org.apache.tomcat.util.net.SocketProcessorBase.run(SocketProcessorBase.java:52) ~[tomcat-embed-core-10.1.49.jar:10.1.49]
	at java.base/java.lang.VirtualThread.run(Unknown Source) ~[?:?]
15:32:09.404 [tomcat-handler-1] ERROR ServiceExceptionHandler - No static resource .
org.springframework.web.servlet.resource.NoResourceFoundException: No static resource .
	at org.springframework.web.servlet.resource.ResourceHttpRequestHandler.handleRequest(ResourceHttpRequestHandler.java:585) ~[spring-webmvc-6.2.14.jar:6.2.14]
	at org.springframework.web.servlet.mvc.HttpRequestHandlerAdapter.handle(HttpRequestHandlerAdapter.java:52) ~[spring-webmvc-6.2.14.jar:6.2.14]
	at org.springframework.web.servlet.DispatcherServlet.doDispatch(DispatcherServlet.java:1089) ~[spring-webmvc-6.2.14.jar:6.2.14]
	at org.springframework.web.servlet.DispatcherServlet.doService(DispatcherServlet.java:979) ~[spring-webmvc-6.2.14.jar:6.2.14]
	at org.springframework.web.servlet.FrameworkServlet.processRequest(FrameworkServlet.java:1014) ~[spring-webmvc-6.2.14.jar:6.2.14]
	at org.springframework.web.servlet.FrameworkServlet.doGet(FrameworkServlet.java:903) ~[spring-webmvc-6.2.14.jar:6.2.14]
	at jakarta.servlet.http.HttpServlet.service(HttpServlet.java:564) ~[tomcat-embed-core-10.1.49.jar:6.0]
	at org.springframework.web.servlet.FrameworkServlet.service(FrameworkServlet.java:885) ~[spring-webmvc-6.2.14.jar:6.2.14]
	at jakarta.servlet.http.HttpServlet.service(HttpServlet.java:658) ~[tomcat-embed-core-10.1.49.jar:6.0]
	at org.apache.catalina.core.ApplicationFilterChain.internalDoFilter(ApplicationFilterChain.java:193) ~[tomcat-embed-core-10.1.49.jar:10.1.49]
	at org.apache.catalina.core.ApplicationFilterChain.doFilter(ApplicationFilterChain.java:138) ~[tomcat-embed-core-10.1.49.jar:10.1.49]
	at org.apache.tomcat.websocket.server.WsFilter.doFilter(WsFilter.java:51) ~[tomcat-embed-websocket-10.1.49.jar:10.1.49]
	at org.apache.catalina.core.ApplicationFilterChain.internalDoFilter(ApplicationFilterChain.java:162) ~[tomcat-embed-core-10.1.49.jar:10.1.49]
	at org.apache.catalina.core.ApplicationFilterChain.doFilter(ApplicationFilterChain.java:138) ~[tomcat-embed-core-10.1.49.jar:10.1.49]
	at org.springframework.web.filter.CompositeFilter$VirtualFilterChain.doFilter(CompositeFilter.java:108) ~[spring-web-6.2.14.jar:6.2.14]
	at org.springframework.web.filter.CompositeFilter$VirtualFilterChain.doFilter(CompositeFilter.java:108) ~[spring-web-6.2.14.jar:6.2.14]
	at org.springframework.security.web.FilterChainProxy.lambda$doFilterInternal$3(FilterChainProxy.java:231) ~[spring-security-web-6.5.7.jar:6.5.7]
	at org.springframework.security.web.FilterChainProxy$VirtualFilterChain.doFilter(FilterChainProxy.java:365) ~[spring-security-web-6.5.7.jar:6.5.7]
	at org.springframework.security.web.access.intercept.AuthorizationFilter.doFilter(AuthorizationFilter.java:101) ~[spring-security-web-6.5.7.jar:6.5.7]
	at org.springframework.security.web.FilterChainProxy$VirtualFilterChain.doFilter(FilterChainProxy.java:374) ~[spring-security-web-6.5.7.jar:6.5.7]
	at org.springframework.security.web.access.ExceptionTranslationFilter.doFilter(ExceptionTranslationFilter.java:125) ~[spring-security-web-6.5.7.jar:6.5.7]
	at org.springframework.security.web.access.ExceptionTranslationFilter.doFilter(ExceptionTranslationFilter.java:119) ~[spring-security-web-6.5.7.jar:6.5.7]
	at org.springframework.security.web.FilterChainProxy$VirtualFilterChain.doFilter(FilterChainProxy.java:374) ~[spring-security-web-6.5.7.jar:6.5.7]
	at org.springframework.security.web.authentication.AnonymousAuthenticationFilter.doFilter(AnonymousAuthenticationFilter.java:100) ~[spring-security-web-6.5.7.jar:6.5.7]
	at org.springframework.security.web.FilterChainProxy$VirtualFilterChain.doFilter(FilterChainProxy.java:374) ~[spring-security-web-6.5.7.jar:6.5.7]
	at org.springframework.security.web.servletapi.SecurityContextHolderAwareRequestFilter.doFilter(SecurityContextHolderAwareRequestFilter.java:179) ~[spring-security-web-6.5.7.jar:6.5.7]
	at org.springframework.security.web.FilterChainProxy$VirtualFilterChain.doFilter(FilterChainProxy.java:374) ~[spring-security-web-6.5.7.jar:6.5.7]
	at org.springframework.security.web.savedrequest.RequestCacheAwareFilter.doFilter(RequestCacheAwareFilter.java:63) ~[spring-security-web-6.5.7.jar:6.5.7]
	at org.springframework.security.web.FilterChainProxy$VirtualFilterChain.doFilter(FilterChainProxy.java:374) ~[spring-security-web-6.5.7.jar:6.5.7]
	at org.springframework.security.web.authentication.AuthenticationFilter.doFilterInternal(AuthenticationFilter.java:177) ~[spring-security-web-6.5.7.jar:6.5.7]
	at org.springframework.web.filter.OncePerRequestFilter.doFilter(OncePerRequestFilter.java:116) ~[spring-web-6.2.14.jar:6.2.14]
	at org.springframework.security.web.FilterChainProxy$VirtualFilterChain.doFilter(FilterChainProxy.java:374) ~[spring-security-web-6.5.7.jar:6.5.7]
	at org.springframework.security.oauth2.server.resource.web.authentication.BearerTokenAuthenticationFilter.doFilterInternal(BearerTokenAuthenticationFilter.java:158) ~[spring-security-oauth2-resource-server-6.5.7.jar:6.5.7]
	at org.springframework.web.filter.OncePerRequestFilter.doFilter(OncePerRequestFilter.java:116) ~[spring-web-6.2.14.jar:6.2.14]
	at org.springframework.security.web.FilterChainProxy$VirtualFilterChain.doFilter(FilterChainProxy.java:374) ~[spring-security-web-6.5.7.jar:6.5.7]
	at org.springframework.security.web.authentication.logout.LogoutFilter.doFilter(LogoutFilter.java:107) ~[spring-security-web-6.5.7.jar:6.5.7]
	at org.springframework.security.web.authentication.logout.LogoutFilter.doFilter(LogoutFilter.java:93) ~[spring-security-web-6.5.7.jar:6.5.7]
	at org.springframework.security.web.FilterChainProxy$VirtualFilterChain.doFilter(FilterChainProxy.java:374) ~[spring-security-web-6.5.7.jar:6.5.7]
	at org.springframework.security.web.csrf.CsrfFilter.doFilterInternal(CsrfFilter.java:117) ~[spring-security-web-6.5.7.jar:6.5.7]
	at org.springframework.web.filter.OncePerRequestFilter.doFilter(OncePerRequestFilter.java:116) ~[spring-web-6.2.14.jar:6.2.14]
	at org.springframework.security.web.FilterChainProxy$VirtualFilterChain.doFilter(FilterChainProxy.java:374) ~[spring-security-web-6.5.7.jar:6.5.7]
	at org.springframework.security.web.header.HeaderWriterFilter.doHeadersAfter(HeaderWriterFilter.java:90) ~[spring-security-web-6.5.7.jar:6.5.7]
	at org.springframework.security.web.header.HeaderWriterFilter.doFilterInternal(HeaderWriterFilter.java:75) ~[spring-security-web-6.5.7.jar:6.5.7]
	at org.springframework.web.filter.OncePerRequestFilter.doFilter(OncePerRequestFilter.java:116) ~[spring-web-6.2.14.jar:6.2.14]
	at org.springframework.security.web.FilterChainProxy$VirtualFilterChain.doFilter(FilterChainProxy.java:374) ~[spring-security-web-6.5.7.jar:6.5.7]
	at org.springframework.security.web.context.SecurityContextHolderFilter.doFilter(SecurityContextHolderFilter.java:82) ~[spring-security-web-6.5.7.jar:6.5.7]
	at org.springframework.security.web.context.SecurityContextHolderFilter.doFilter(SecurityContextHolderFilter.java:69) ~[spring-security-web-6.5.7.jar:6.5.7]
	at org.springframework.security.web.FilterChainProxy$VirtualFilterChain.doFilter(FilterChainProxy.java:374) ~[spring-security-web-6.5.7.jar:6.5.7]
	at org.springframework.security.web.context.request.async.WebAsyncManagerIntegrationFilter.doFilterInternal(WebAsyncManagerIntegrationFilter.java:62) ~[spring-security-web-6.5.7.jar:6.5.7]
	at org.springframework.web.filter.OncePerRequestFilter.doFilter(OncePerRequestFilter.java:116) ~[spring-web-6.2.14.jar:6.2.14]
	at org.springframework.security.web.FilterChainProxy$VirtualFilterChain.doFilter(FilterChainProxy.java:374) ~[spring-security-web-6.5.7.jar:6.5.7]
	at org.springframework.security.web.session.DisableEncodeUrlFilter.doFilterInternal(DisableEncodeUrlFilter.java:42) ~[spring-security-web-6.5.7.jar:6.5.7]
	at org.springframework.web.filter.OncePerRequestFilter.doFilter(OncePerRequestFilter.java:116) ~[spring-web-6.2.14.jar:6.2.14]
	at org.springframework.security.web.FilterChainProxy$VirtualFilterChain.doFilter(FilterChainProxy.java:374) ~[spring-security-web-6.5.7.jar:6.5.7]
	at org.springframework.security.web.FilterChainProxy.doFilterInternal(FilterChainProxy.java:233) ~[spring-security-web-6.5.7.jar:6.5.7]
	at org.springframework.security.web.FilterChainProxy.doFilter(FilterChainProxy.java:191) ~[spring-security-web-6.5.7.jar:6.5.7]
	at org.springframework.web.filter.CompositeFilter$VirtualFilterChain.doFilter(CompositeFilter.java:113) ~[spring-web-6.2.14.jar:6.2.14]
	at org.springframework.web.filter.ServletRequestPathFilter.doFilter(ServletRequestPathFilter.java:52) ~[spring-web-6.2.14.jar:6.2.14]
	at org.springframework.web.filter.CompositeFilter$VirtualFilterChain.doFilter(CompositeFilter.java:113) ~[spring-web-6.2.14.jar:6.2.14]
	at org.springframework.web.filter.CompositeFilter.doFilter(CompositeFilter.java:74) ~[spring-web-6.2.14.jar:6.2.14]
	at org.springframework.security.config.annotation.web.configuration.WebSecurityConfiguration$CompositeFilterChainProxy.doFilter(WebSecurityConfiguration.java:319) ~[spring-security-config-6.5.7.jar:6.5.7]
	at org.springframework.web.filter.CompositeFilter$VirtualFilterChain.doFilter(CompositeFilter.java:113) ~[spring-web-6.2.14.jar:6.2.14]
	at org.springframework.web.servlet.handler.HandlerMappingIntrospector.lambda$createCacheFilter$4(HandlerMappingIntrospector.java:267) ~[spring-webmvc-6.2.14.jar:6.2.14]
	at org.springframework.web.filter.CompositeFilter$VirtualFilterChain.doFilter(CompositeFilter.java:113) ~[spring-web-6.2.14.jar:6.2.14]
	at org.springframework.web.filter.CompositeFilter.doFilter(CompositeFilter.java:74) ~[spring-web-6.2.14.jar:6.2.14]
	at org.springframework.security.config.annotation.web.configuration.WebMvcSecurityConfiguration$CompositeFilterChainProxy.doFilter(WebMvcSecurityConfiguration.java:240) ~[spring-security-config-6.5.7.jar:6.5.7]
	at org.springframework.web.filter.DelegatingFilterProxy.invokeDelegate(DelegatingFilterProxy.java:362) ~[spring-web-6.2.14.jar:6.2.14]
	at org.springframework.web.filter.DelegatingFilterProxy.doFilter(DelegatingFilterProxy.java:278) ~[spring-web-6.2.14.jar:6.2.14]
	at org.apache.catalina.core.ApplicationFilterChain.internalDoFilter(ApplicationFilterChain.java:162) ~[tomcat-embed-core-10.1.49.jar:10.1.49]
	at org.apache.catalina.core.ApplicationFilterChain.doFilter(ApplicationFilterChain.java:138) ~[tomcat-embed-core-10.1.49.jar:10.1.49]
	at org.springframework.web.filter.RequestContextFilter.doFilterInternal(RequestContextFilter.java:100) ~[spring-web-6.2.14.jar:6.2.14]
	at org.springframework.web.filter.OncePerRequestFilter.doFilter(OncePerRequestFilter.java:116) ~[spring-web-6.2.14.jar:6.2.14]
	at org.apache.catalina.core.ApplicationFilterChain.internalDoFilter(ApplicationFilterChain.java:162) ~[tomcat-embed-core-10.1.49.jar:10.1.49]
	at org.apache.catalina.core.ApplicationFilterChain.doFilter(ApplicationFilterChain.java:138) ~[tomcat-embed-core-10.1.49.jar:10.1.49]
	at org.springframework.web.filter.FormContentFilter.doFilterInternal(FormContentFilter.java:93) ~[spring-web-6.2.14.jar:6.2.14]
	at org.springframework.web.filter.OncePerRequestFilter.doFilter(OncePerRequestFilter.java:116) ~[spring-web-6.2.14.jar:6.2.14]
	at org.apache.catalina.core.ApplicationFilterChain.internalDoFilter(ApplicationFilterChain.java:162) ~[tomcat-embed-core-10.1.49.jar:10.1.49]
	at org.apache.catalina.core.ApplicationFilterChain.doFilter(ApplicationFilterChain.java:138) ~[tomcat-embed-core-10.1.49.jar:10.1.49]
	at org.springframework.web.filter.CharacterEncodingFilter.doFilterInternal(CharacterEncodingFilter.java:201) ~[spring-web-6.2.14.jar:6.2.14]
	at org.springframework.web.filter.OncePerRequestFilter.doFilter(OncePerRequestFilter.java:116) ~[spring-web-6.2.14.jar:6.2.14]
	at org.apache.catalina.core.ApplicationFilterChain.internalDoFilter(ApplicationFilterChain.java:162) ~[tomcat-embed-core-10.1.49.jar:10.1.49]
	at org.apache.catalina.core.ApplicationFilterChain.doFilter(ApplicationFilterChain.java:138) ~[tomcat-embed-core-10.1.49.jar:10.1.49]
	at org.apache.catalina.core.StandardWrapperValve.invoke(StandardWrapperValve.java:165) ~[tomcat-embed-core-10.1.49.jar:10.1.49]
	at org.apache.catalina.core.StandardContextValve.invoke(StandardContextValve.java:88) ~[tomcat-embed-core-10.1.49.jar:10.1.49]
	at org.apache.catalina.authenticator.AuthenticatorBase.invoke(AuthenticatorBase.java:482) ~[tomcat-embed-core-10.1.49.jar:10.1.49]
	at org.apache.catalina.core.StandardHostValve.invoke(StandardHostValve.java:113) ~[tomcat-embed-core-10.1.49.jar:10.1.49]
	at org.apache.catalina.valves.ErrorReportValve.invoke(ErrorReportValve.java:83) ~[tomcat-embed-core-10.1.49.jar:10.1.49]
	at org.apache.catalina.core.StandardEngineValve.invoke(StandardEngineValve.java:72) ~[tomcat-embed-core-10.1.49.jar:10.1.49]
	at org.apache.catalina.connector.CoyoteAdapter.service(CoyoteAdapter.java:342) ~[tomcat-embed-core-10.1.49.jar:10.1.49]
	at org.apache.coyote.http11.Http11Processor.service(Http11Processor.java:399) ~[tomcat-embed-core-10.1.49.jar:10.1.49]
	at org.apache.coyote.AbstractProcessorLight.process(AbstractProcessorLight.java:63) ~[tomcat-embed-core-10.1.49.jar:10.1.49]
	at org.apache.coyote.AbstractProtocol$ConnectionHandler.process(AbstractProtocol.java:903) ~[tomcat-embed-core-10.1.49.jar:10.1.49]
	at org.apache.tomcat.util.net.NioEndpoint$SocketProcessor.doRun(NioEndpoint.java:1774) ~[tomcat-embed-core-10.1.49.jar:10.1.49]
	at org.apache.tomcat.util.net.SocketProcessorBase.run(SocketProcessorBase.java:52) ~[tomcat-embed-core-10.1.49.jar:10.1.49]
	at java.base/java.lang.VirtualThread.run(Unknown Source) ~[?:?]
15:34:31.133 [tomcat-handler-3] ERROR ServiceExceptionHandler - No static resource .
org.springframework.web.servlet.resource.NoResourceFoundException: No static resource .
	at org.springframework.web.servlet.resource.ResourceHttpRequestHandler.handleRequest(ResourceHttpRequestHandler.java:585) ~[spring-webmvc-6.2.14.jar:6.2.14]
	at org.springframework.web.servlet.mvc.HttpRequestHandlerAdapter.handle(HttpRequestHandlerAdapter.java:52) ~[spring-webmvc-6.2.14.jar:6.2.14]
	at org.springframework.web.servlet.DispatcherServlet.doDispatch(DispatcherServlet.java:1089) ~[spring-webmvc-6.2.14.jar:6.2.14]
	at org.springframework.web.servlet.DispatcherServlet.doService(DispatcherServlet.java:979) ~[spring-webmvc-6.2.14.jar:6.2.14]
	at org.springframework.web.servlet.FrameworkServlet.processRequest(FrameworkServlet.java:1014) ~[spring-webmvc-6.2.14.jar:6.2.14]
	at org.springframework.web.servlet.FrameworkServlet.doGet(FrameworkServlet.java:903) ~[spring-webmvc-6.2.14.jar:6.2.14]
	at jakarta.servlet.http.HttpServlet.service(HttpServlet.java:564) ~[tomcat-embed-core-10.1.49.jar:6.0]
	at org.springframework.web.servlet.FrameworkServlet.service(FrameworkServlet.java:885) ~[spring-webmvc-6.2.14.jar:6.2.14]
	at jakarta.servlet.http.HttpServlet.service(HttpServlet.java:658) ~[tomcat-embed-core-10.1.49.jar:6.0]
	at org.apache.catalina.core.ApplicationFilterChain.internalDoFilter(ApplicationFilterChain.java:193) ~[tomcat-embed-core-10.1.49.jar:10.1.49]
	at org.apache.catalina.core.ApplicationFilterChain.doFilter(ApplicationFilterChain.java:138) ~[tomcat-embed-core-10.1.49.jar:10.1.49]
	at org.apache.tomcat.websocket.server.WsFilter.doFilter(WsFilter.java:51) ~[tomcat-embed-websocket-10.1.49.jar:10.1.49]
	at org.apache.catalina.core.ApplicationFilterChain.internalDoFilter(ApplicationFilterChain.java:162) ~[tomcat-embed-core-10.1.49.jar:10.1.49]
	at org.apache.catalina.core.ApplicationFilterChain.doFilter(ApplicationFilterChain.java:138) ~[tomcat-embed-core-10.1.49.jar:10.1.49]
	at org.springframework.web.filter.CompositeFilter$VirtualFilterChain.doFilter(CompositeFilter.java:108) ~[spring-web-6.2.14.jar:6.2.14]
	at org.springframework.web.filter.CompositeFilter$VirtualFilterChain.doFilter(CompositeFilter.java:108) ~[spring-web-6.2.14.jar:6.2.14]
	at org.springframework.security.web.FilterChainProxy.lambda$doFilterInternal$3(FilterChainProxy.java:231) ~[spring-security-web-6.5.7.jar:6.5.7]
	at org.springframework.security.web.FilterChainProxy$VirtualFilterChain.doFilter(FilterChainProxy.java:365) ~[spring-security-web-6.5.7.jar:6.5.7]
	at org.springframework.security.web.access.intercept.AuthorizationFilter.doFilter(AuthorizationFilter.java:101) ~[spring-security-web-6.5.7.jar:6.5.7]
	at org.springframework.security.web.FilterChainProxy$VirtualFilterChain.doFilter(FilterChainProxy.java:374) ~[spring-security-web-6.5.7.jar:6.5.7]
	at org.springframework.security.web.access.ExceptionTranslationFilter.doFilter(ExceptionTranslationFilter.java:125) ~[spring-security-web-6.5.7.jar:6.5.7]
	at org.springframework.security.web.access.ExceptionTranslationFilter.doFilter(ExceptionTranslationFilter.java:119) ~[spring-security-web-6.5.7.jar:6.5.7]
	at org.springframework.security.web.FilterChainProxy$VirtualFilterChain.doFilter(FilterChainProxy.java:374) ~[spring-security-web-6.5.7.jar:6.5.7]
	at org.springframework.security.web.authentication.AnonymousAuthenticationFilter.doFilter(AnonymousAuthenticationFilter.java:100) ~[spring-security-web-6.5.7.jar:6.5.7]
	at org.springframework.security.web.FilterChainProxy$VirtualFilterChain.doFilter(FilterChainProxy.java:374) ~[spring-security-web-6.5.7.jar:6.5.7]
	at org.springframework.security.web.servletapi.SecurityContextHolderAwareRequestFilter.doFilter(SecurityContextHolderAwareRequestFilter.java:179) ~[spring-security-web-6.5.7.jar:6.5.7]
	at org.springframework.security.web.FilterChainProxy$VirtualFilterChain.doFilter(FilterChainProxy.java:374) ~[spring-security-web-6.5.7.jar:6.5.7]
	at org.springframework.security.web.savedrequest.RequestCacheAwareFilter.doFilter(RequestCacheAwareFilter.java:63) ~[spring-security-web-6.5.7.jar:6.5.7]
	at org.springframework.security.web.FilterChainProxy$VirtualFilterChain.doFilter(FilterChainProxy.java:374) ~[spring-security-web-6.5.7.jar:6.5.7]
	at org.springframework.security.web.authentication.AuthenticationFilter.doFilterInternal(AuthenticationFilter.java:177) ~[spring-security-web-6.5.7.jar:6.5.7]
	at org.springframework.web.filter.OncePerRequestFilter.doFilter(OncePerRequestFilter.java:116) ~[spring-web-6.2.14.jar:6.2.14]
	at org.springframework.security.web.FilterChainProxy$VirtualFilterChain.doFilter(FilterChainProxy.java:374) ~[spring-security-web-6.5.7.jar:6.5.7]
	at org.springframework.security.oauth2.server.resource.web.authentication.BearerTokenAuthenticationFilter.doFilterInternal(BearerTokenAuthenticationFilter.java:158) ~[spring-security-oauth2-resource-server-6.5.7.jar:6.5.7]
	at org.springframework.web.filter.OncePerRequestFilter.doFilter(OncePerRequestFilter.java:116) ~[spring-web-6.2.14.jar:6.2.14]
	at org.springframework.security.web.FilterChainProxy$VirtualFilterChain.doFilter(FilterChainProxy.java:374) ~[spring-security-web-6.5.7.jar:6.5.7]
	at org.springframework.security.web.authentication.logout.LogoutFilter.doFilter(LogoutFilter.java:107) ~[spring-security-web-6.5.7.jar:6.5.7]
	at org.springframework.security.web.authentication.logout.LogoutFilter.doFilter(LogoutFilter.java:93) ~[spring-security-web-6.5.7.jar:6.5.7]
	at org.springframework.security.web.FilterChainProxy$VirtualFilterChain.doFilter(FilterChainProxy.java:374) ~[spring-security-web-6.5.7.jar:6.5.7]
	at org.springframework.security.web.csrf.CsrfFilter.doFilterInternal(CsrfFilter.java:117) ~[spring-security-web-6.5.7.jar:6.5.7]
	at org.springframework.web.filter.OncePerRequestFilter.doFilter(OncePerRequestFilter.java:116) ~[spring-web-6.2.14.jar:6.2.14]
	at org.springframework.security.web.FilterChainProxy$VirtualFilterChain.doFilter(FilterChainProxy.java:374) ~[spring-security-web-6.5.7.jar:6.5.7]
	at org.springframework.security.web.header.HeaderWriterFilter.doHeadersAfter(HeaderWriterFilter.java:90) ~[spring-security-web-6.5.7.jar:6.5.7]
	at org.springframework.security.web.header.HeaderWriterFilter.doFilterInternal(HeaderWriterFilter.java:75) ~[spring-security-web-6.5.7.jar:6.5.7]
	at org.springframework.web.filter.OncePerRequestFilter.doFilter(OncePerRequestFilter.java:116) ~[spring-web-6.2.14.jar:6.2.14]
	at org.springframework.security.web.FilterChainProxy$VirtualFilterChain.doFilter(FilterChainProxy.java:374) ~[spring-security-web-6.5.7.jar:6.5.7]
	at org.springframework.security.web.context.SecurityContextHolderFilter.doFilter(SecurityContextHolderFilter.java:82) ~[spring-security-web-6.5.7.jar:6.5.7]
	at org.springframework.security.web.context.SecurityContextHolderFilter.doFilter(SecurityContextHolderFilter.java:69) ~[spring-security-web-6.5.7.jar:6.5.7]
	at org.springframework.security.web.FilterChainProxy$VirtualFilterChain.doFilter(FilterChainProxy.java:374) ~[spring-security-web-6.5.7.jar:6.5.7]
	at org.springframework.security.web.context.request.async.WebAsyncManagerIntegrationFilter.doFilterInternal(WebAsyncManagerIntegrationFilter.java:62) ~[spring-security-web-6.5.7.jar:6.5.7]
	at org.springframework.web.filter.OncePerRequestFilter.doFilter(OncePerRequestFilter.java:116) ~[spring-web-6.2.14.jar:6.2.14]
	at org.springframework.security.web.FilterChainProxy$VirtualFilterChain.doFilter(FilterChainProxy.java:374) ~[spring-security-web-6.5.7.jar:6.5.7]
	at org.springframework.security.web.session.DisableEncodeUrlFilter.doFilterInternal(DisableEncodeUrlFilter.java:42) ~[spring-security-web-6.5.7.jar:6.5.7]
	at org.springframework.web.filter.OncePerRequestFilter.doFilter(OncePerRequestFilter.java:116) ~[spring-web-6.2.14.jar:6.2.14]
	at org.springframework.security.web.FilterChainProxy$VirtualFilterChain.doFilter(FilterChainProxy.java:374) ~[spring-security-web-6.5.7.jar:6.5.7]
	at org.springframework.security.web.FilterChainProxy.doFilterInternal(FilterChainProxy.java:233) ~[spring-security-web-6.5.7.jar:6.5.7]
	at org.springframework.security.web.FilterChainProxy.doFilter(FilterChainProxy.java:191) ~[spring-security-web-6.5.7.jar:6.5.7]
	at org.springframework.web.filter.CompositeFilter$VirtualFilterChain.doFilter(CompositeFilter.java:113) ~[spring-web-6.2.14.jar:6.2.14]
	at org.springframework.web.filter.ServletRequestPathFilter.doFilter(ServletRequestPathFilter.java:52) ~[spring-web-6.2.14.jar:6.2.14]
	at org.springframework.web.filter.CompositeFilter$VirtualFilterChain.doFilter(CompositeFilter.java:113) ~[spring-web-6.2.14.jar:6.2.14]
	at org.springframework.web.filter.CompositeFilter.doFilter(CompositeFilter.java:74) ~[spring-web-6.2.14.jar:6.2.14]
	at org.springframework.security.config.annotation.web.configuration.WebSecurityConfiguration$CompositeFilterChainProxy.doFilter(WebSecurityConfiguration.java:319) ~[spring-security-config-6.5.7.jar:6.5.7]
	at org.springframework.web.filter.CompositeFilter$VirtualFilterChain.doFilter(CompositeFilter.java:113) ~[spring-web-6.2.14.jar:6.2.14]
	at org.springframework.web.servlet.handler.HandlerMappingIntrospector.lambda$createCacheFilter$4(HandlerMappingIntrospector.java:267) ~[spring-webmvc-6.2.14.jar:6.2.14]
	at org.springframework.web.filter.CompositeFilter$VirtualFilterChain.doFilter(CompositeFilter.java:113) ~[spring-web-6.2.14.jar:6.2.14]
	at org.springframework.web.filter.CompositeFilter.doFilter(CompositeFilter.java:74) ~[spring-web-6.2.14.jar:6.2.14]
	at org.springframework.security.config.annotation.web.configuration.WebMvcSecurityConfiguration$CompositeFilterChainProxy.doFilter(WebMvcSecurityConfiguration.java:240) ~[spring-security-config-6.5.7.jar:6.5.7]
	at org.springframework.web.filter.DelegatingFilterProxy.invokeDelegate(DelegatingFilterProxy.java:362) ~[spring-web-6.2.14.jar:6.2.14]
	at org.springframework.web.filter.DelegatingFilterProxy.doFilter(DelegatingFilterProxy.java:278) ~[spring-web-6.2.14.jar:6.2.14]
	at org.apache.catalina.core.ApplicationFilterChain.internalDoFilter(ApplicationFilterChain.java:162) ~[tomcat-embed-core-10.1.49.jar:10.1.49]
	at org.apache.catalina.core.ApplicationFilterChain.doFilter(ApplicationFilterChain.java:138) ~[tomcat-embed-core-10.1.49.jar:10.1.49]
	at org.springframework.web.filter.RequestContextFilter.doFilterInternal(RequestContextFilter.java:100) ~[spring-web-6.2.14.jar:6.2.14]
	at org.springframework.web.filter.OncePerRequestFilter.doFilter(OncePerRequestFilter.java:116) ~[spring-web-6.2.14.jar:6.2.14]
	at org.apache.catalina.core.ApplicationFilterChain.internalDoFilter(ApplicationFilterChain.java:162) ~[tomcat-embed-core-10.1.49.jar:10.1.49]
	at org.apache.catalina.core.ApplicationFilterChain.doFilter(ApplicationFilterChain.java:138) ~[tomcat-embed-core-10.1.49.jar:10.1.49]
	at org.springframework.web.filter.FormContentFilter.doFilterInternal(FormContentFilter.java:93) ~[spring-web-6.2.14.jar:6.2.14]
	at org.springframework.web.filter.OncePerRequestFilter.doFilter(OncePerRequestFilter.java:116) ~[spring-web-6.2.14.jar:6.2.14]
	at org.apache.catalina.core.ApplicationFilterChain.internalDoFilter(ApplicationFilterChain.java:162) ~[tomcat-embed-core-10.1.49.jar:10.1.49]
	at org.apache.catalina.core.ApplicationFilterChain.doFilter(ApplicationFilterChain.java:138) ~[tomcat-embed-core-10.1.49.jar:10.1.49]
	at org.springframework.web.filter.CharacterEncodingFilter.doFilterInternal(CharacterEncodingFilter.java:201) ~[spring-web-6.2.14.jar:6.2.14]
	at org.springframework.web.filter.OncePerRequestFilter.doFilter(OncePerRequestFilter.java:116) ~[spring-web-6.2.14.jar:6.2.14]
	at org.apache.catalina.core.ApplicationFilterChain.internalDoFilter(ApplicationFilterChain.java:162) ~[tomcat-embed-core-10.1.49.jar:10.1.49]
	at org.apache.catalina.core.ApplicationFilterChain.doFilter(ApplicationFilterChain.java:138) ~[tomcat-embed-core-10.1.49.jar:10.1.49]
	at org.apache.catalina.core.StandardWrapperValve.invoke(StandardWrapperValve.java:165) ~[tomcat-embed-core-10.1.49.jar:10.1.49]
	at org.apache.catalina.core.StandardContextValve.invoke(StandardContextValve.java:88) ~[tomcat-embed-core-10.1.49.jar:10.1.49]
	at org.apache.catalina.authenticator.AuthenticatorBase.invoke(AuthenticatorBase.java:482) ~[tomcat-embed-core-10.1.49.jar:10.1.49]
	at org.apache.catalina.core.StandardHostValve.invoke(StandardHostValve.java:113) ~[tomcat-embed-core-10.1.49.jar:10.1.49]
	at org.apache.catalina.valves.ErrorReportValve.invoke(ErrorReportValve.java:83) ~[tomcat-embed-core-10.1.49.jar:10.1.49]
	at org.apache.catalina.core.StandardEngineValve.invoke(StandardEngineValve.java:72) ~[tomcat-embed-core-10.1.49.jar:10.1.49]
	at org.apache.catalina.connector.CoyoteAdapter.service(CoyoteAdapter.java:342) ~[tomcat-embed-core-10.1.49.jar:10.1.49]
	at org.apache.coyote.http11.Http11Processor.service(Http11Processor.java:399) ~[tomcat-embed-core-10.1.49.jar:10.1.49]
	at org.apache.coyote.AbstractProcessorLight.process(AbstractProcessorLight.java:63) ~[tomcat-embed-core-10.1.49.jar:10.1.49]
	at org.apache.coyote.AbstractProtocol$ConnectionHandler.process(AbstractProtocol.java:903) ~[tomcat-embed-core-10.1.49.jar:10.1.49]
	at org.apache.tomcat.util.net.NioEndpoint$SocketProcessor.doRun(NioEndpoint.java:1774) ~[tomcat-embed-core-10.1.49.jar:10.1.49]
	at org.apache.tomcat.util.net.SocketProcessorBase.run(SocketProcessorBase.java:52) ~[tomcat-embed-core-10.1.49.jar:10.1.49]
	at java.base/java.lang.VirtualThread.run(Unknown Source) ~[?:?]
15:46:22.485 [tomcat-handler-2] ERROR ServiceExceptionHandler - No static resource .
org.springframework.web.servlet.resource.NoResourceFoundException: No static resource .
	at org.springframework.web.servlet.resource.ResourceHttpRequestHandler.handleRequest(ResourceHttpRequestHandler.java:585) ~[spring-webmvc-6.2.14.jar:6.2.14]
	at org.springframework.web.servlet.mvc.HttpRequestHandlerAdapter.handle(HttpRequestHandlerAdapter.java:52) ~[spring-webmvc-6.2.14.jar:6.2.14]
	at org.springframework.web.servlet.DispatcherServlet.doDispatch(DispatcherServlet.java:1089) ~[spring-webmvc-6.2.14.jar:6.2.14]
	at org.springframework.web.servlet.DispatcherServlet.doService(DispatcherServlet.java:979) ~[spring-webmvc-6.2.14.jar:6.2.14]
	at org.springframework.web.servlet.FrameworkServlet.processRequest(FrameworkServlet.java:1014) ~[spring-webmvc-6.2.14.jar:6.2.14]
	at org.springframework.web.servlet.FrameworkServlet.doGet(FrameworkServlet.java:903) ~[spring-webmvc-6.2.14.jar:6.2.14]
	at jakarta.servlet.http.HttpServlet.service(HttpServlet.java:564) ~[tomcat-embed-core-10.1.49.jar:6.0]
	at org.springframework.web.servlet.FrameworkServlet.service(FrameworkServlet.java:885) ~[spring-webmvc-6.2.14.jar:6.2.14]
	at jakarta.servlet.http.HttpServlet.service(HttpServlet.java:658) ~[tomcat-embed-core-10.1.49.jar:6.0]
	at org.apache.catalina.core.ApplicationFilterChain.internalDoFilter(ApplicationFilterChain.java:193) ~[tomcat-embed-core-10.1.49.jar:10.1.49]
	at org.apache.catalina.core.ApplicationFilterChain.doFilter(ApplicationFilterChain.java:138) ~[tomcat-embed-core-10.1.49.jar:10.1.49]
	at org.apache.tomcat.websocket.server.WsFilter.doFilter(WsFilter.java:51) ~[tomcat-embed-websocket-10.1.49.jar:10.1.49]
	at org.apache.catalina.core.ApplicationFilterChain.internalDoFilter(ApplicationFilterChain.java:162) ~[tomcat-embed-core-10.1.49.jar:10.1.49]
	at org.apache.catalina.core.ApplicationFilterChain.doFilter(ApplicationFilterChain.java:138) ~[tomcat-embed-core-10.1.49.jar:10.1.49]
	at org.springframework.web.filter.CompositeFilter$VirtualFilterChain.doFilter(CompositeFilter.java:108) ~[spring-web-6.2.14.jar:6.2.14]
	at org.springframework.web.filter.CompositeFilter$VirtualFilterChain.doFilter(CompositeFilter.java:108) ~[spring-web-6.2.14.jar:6.2.14]
	at org.springframework.security.web.FilterChainProxy.lambda$doFilterInternal$3(FilterChainProxy.java:231) ~[spring-security-web-6.5.7.jar:6.5.7]
	at org.springframework.security.web.ObservationFilterChainDecorator$FilterObservation$SimpleFilterObservation.lambda$wrap$1(ObservationFilterChainDecorator.java:490) ~[spring-security-web-6.5.7.jar:6.5.7]
	at org.springframework.security.web.ObservationFilterChainDecorator$AroundFilterObservation$SimpleAroundFilterObservation.lambda$wrap$1(ObservationFilterChainDecorator.java:351) ~[spring-security-web-6.5.7.jar:6.5.7]
	at org.springframework.security.web.ObservationFilterChainDecorator.lambda$wrapSecured$0(ObservationFilterChainDecorator.java:83) ~[spring-security-web-6.5.7.jar:6.5.7]
	at org.springframework.security.web.ObservationFilterChainDecorator$VirtualFilterChain.doFilter(ObservationFilterChainDecorator.java:129) ~[spring-security-web-6.5.7.jar:6.5.7]
	at org.springframework.security.web.access.intercept.AuthorizationFilter.doFilter(AuthorizationFilter.java:101) ~[spring-security-web-6.5.7.jar:6.5.7]
	at org.springframework.security.web.ObservationFilterChainDecorator$ObservationFilter.wrapFilter(ObservationFilterChainDecorator.java:241) ~[spring-security-web-6.5.7.jar:6.5.7]
	at org.springframework.security.web.ObservationFilterChainDecorator$ObservationFilter.doFilter(ObservationFilterChainDecorator.java:228) ~[spring-security-web-6.5.7.jar:6.5.7]
	at org.springframework.security.web.ObservationFilterChainDecorator$VirtualFilterChain.doFilter(ObservationFilterChainDecorator.java:138) ~[spring-security-web-6.5.7.jar:6.5.7]
	at org.springframework.security.web.access.ExceptionTranslationFilter.doFilter(ExceptionTranslationFilter.java:125) ~[spring-security-web-6.5.7.jar:6.5.7]
	at org.springframework.security.web.access.ExceptionTranslationFilter.doFilter(ExceptionTranslationFilter.java:119) ~[spring-security-web-6.5.7.jar:6.5.7]
	at org.springframework.security.web.ObservationFilterChainDecorator$ObservationFilter.wrapFilter(ObservationFilterChainDecorator.java:241) ~[spring-security-web-6.5.7.jar:6.5.7]
	at org.springframework.security.web.ObservationFilterChainDecorator$ObservationFilter.doFilter(ObservationFilterChainDecorator.java:228) ~[spring-security-web-6.5.7.jar:6.5.7]
	at org.springframework.security.web.ObservationFilterChainDecorator$VirtualFilterChain.doFilter(ObservationFilterChainDecorator.java:138) ~[spring-security-web-6.5.7.jar:6.5.7]
	at org.springframework.security.web.authentication.AnonymousAuthenticationFilter.doFilter(AnonymousAuthenticationFilter.java:100) ~[spring-security-web-6.5.7.jar:6.5.7]
	at org.springframework.security.web.ObservationFilterChainDecorator$ObservationFilter.wrapFilter(ObservationFilterChainDecorator.java:241) ~[spring-security-web-6.5.7.jar:6.5.7]
	at org.springframework.security.web.ObservationFilterChainDecorator$ObservationFilter.doFilter(ObservationFilterChainDecorator.java:228) ~[spring-security-web-6.5.7.jar:6.5.7]
	at org.springframework.security.web.ObservationFilterChainDecorator$VirtualFilterChain.doFilter(ObservationFilterChainDecorator.java:138) ~[spring-security-web-6.5.7.jar:6.5.7]
	at org.springframework.security.web.servletapi.SecurityContextHolderAwareRequestFilter.doFilter(SecurityContextHolderAwareRequestFilter.java:179) ~[spring-security-web-6.5.7.jar:6.5.7]
	at org.springframework.security.web.ObservationFilterChainDecorator$ObservationFilter.wrapFilter(ObservationFilterChainDecorator.java:241) ~[spring-security-web-6.5.7.jar:6.5.7]
	at org.springframework.security.web.ObservationFilterChainDecorator$ObservationFilter.doFilter(ObservationFilterChainDecorator.java:228) ~[spring-security-web-6.5.7.jar:6.5.7]
	at org.springframework.security.web.ObservationFilterChainDecorator$VirtualFilterChain.doFilter(ObservationFilterChainDecorator.java:138) ~[spring-security-web-6.5.7.jar:6.5.7]
	at org.springframework.security.web.savedrequest.RequestCacheAwareFilter.doFilter(RequestCacheAwareFilter.java:63) ~[spring-security-web-6.5.7.jar:6.5.7]
	at org.springframework.security.web.ObservationFilterChainDecorator$ObservationFilter.wrapFilter(ObservationFilterChainDecorator.java:241) ~[spring-security-web-6.5.7.jar:6.5.7]
	at org.springframework.security.web.ObservationFilterChainDecorator$ObservationFilter.doFilter(ObservationFilterChainDecorator.java:228) ~[spring-security-web-6.5.7.jar:6.5.7]
	at org.springframework.security.web.ObservationFilterChainDecorator$VirtualFilterChain.doFilter(ObservationFilterChainDecorator.java:138) ~[spring-security-web-6.5.7.jar:6.5.7]
	at org.springframework.security.web.authentication.AuthenticationFilter.doFilterInternal(AuthenticationFilter.java:177) ~[spring-security-web-6.5.7.jar:6.5.7]
	at org.springframework.web.filter.OncePerRequestFilter.doFilter(OncePerRequestFilter.java:116) ~[spring-web-6.2.14.jar:6.2.14]
	at org.springframework.security.web.ObservationFilterChainDecorator$ObservationFilter.wrapFilter(ObservationFilterChainDecorator.java:241) ~[spring-security-web-6.5.7.jar:6.5.7]
	at org.springframework.security.web.ObservationFilterChainDecorator$ObservationFilter.doFilter(ObservationFilterChainDecorator.java:228) ~[spring-security-web-6.5.7.jar:6.5.7]
	at org.springframework.security.web.ObservationFilterChainDecorator$VirtualFilterChain.doFilter(ObservationFilterChainDecorator.java:138) ~[spring-security-web-6.5.7.jar:6.5.7]
	at org.springframework.security.oauth2.server.resource.web.authentication.BearerTokenAuthenticationFilter.doFilterInternal(BearerTokenAuthenticationFilter.java:158) ~[spring-security-oauth2-resource-server-6.5.7.jar:6.5.7]
	at org.springframework.web.filter.OncePerRequestFilter.doFilter(OncePerRequestFilter.java:116) ~[spring-web-6.2.14.jar:6.2.14]
	at org.springframework.security.web.ObservationFilterChainDecorator$ObservationFilter.wrapFilter(ObservationFilterChainDecorator.java:241) ~[spring-security-web-6.5.7.jar:6.5.7]
	at org.springframework.security.web.ObservationFilterChainDecorator$ObservationFilter.doFilter(ObservationFilterChainDecorator.java:228) ~[spring-security-web-6.5.7.jar:6.5.7]
	at org.springframework.security.web.ObservationFilterChainDecorator$VirtualFilterChain.doFilter(ObservationFilterChainDecorator.java:138) ~[spring-security-web-6.5.7.jar:6.5.7]
	at org.springframework.security.web.authentication.logout.LogoutFilter.doFilter(LogoutFilter.java:107) ~[spring-security-web-6.5.7.jar:6.5.7]
	at org.springframework.security.web.authentication.logout.LogoutFilter.doFilter(LogoutFilter.java:93) ~[spring-security-web-6.5.7.jar:6.5.7]
	at org.springframework.security.web.ObservationFilterChainDecorator$ObservationFilter.wrapFilter(ObservationFilterChainDecorator.java:241) ~[spring-security-web-6.5.7.jar:6.5.7]
	at org.springframework.security.web.ObservationFilterChainDecorator$ObservationFilter.doFilter(ObservationFilterChainDecorator.java:228) ~[spring-security-web-6.5.7.jar:6.5.7]
	at org.springframework.security.web.ObservationFilterChainDecorator$VirtualFilterChain.doFilter(ObservationFilterChainDecorator.java:138) ~[spring-security-web-6.5.7.jar:6.5.7]
	at org.springframework.security.web.csrf.CsrfFilter.doFilterInternal(CsrfFilter.java:117) ~[spring-security-web-6.5.7.jar:6.5.7]
	at org.springframework.web.filter.OncePerRequestFilter.doFilter(OncePerRequestFilter.java:116) ~[spring-web-6.2.14.jar:6.2.14]
	at org.springframework.security.web.ObservationFilterChainDecorator$ObservationFilter.wrapFilter(ObservationFilterChainDecorator.java:241) ~[spring-security-web-6.5.7.jar:6.5.7]
	at org.springframework.security.web.ObservationFilterChainDecorator$ObservationFilter.doFilter(ObservationFilterChainDecorator.java:228) ~[spring-security-web-6.5.7.jar:6.5.7]
	at org.springframework.security.web.ObservationFilterChainDecorator$VirtualFilterChain.doFilter(ObservationFilterChainDecorator.java:138) ~[spring-security-web-6.5.7.jar:6.5.7]
	at org.springframework.security.web.header.HeaderWriterFilter.doHeadersAfter(HeaderWriterFilter.java:90) ~[spring-security-web-6.5.7.jar:6.5.7]
	at org.springframework.security.web.header.HeaderWriterFilter.doFilterInternal(HeaderWriterFilter.java:75) ~[spring-security-web-6.5.7.jar:6.5.7]
	at org.springframework.web.filter.OncePerRequestFilter.doFilter(OncePerRequestFilter.java:116) ~[spring-web-6.2.14.jar:6.2.14]
	at org.springframework.security.web.ObservationFilterChainDecorator$ObservationFilter.wrapFilter(ObservationFilterChainDecorator.java:241) ~[spring-security-web-6.5.7.jar:6.5.7]
	at org.springframework.security.web.ObservationFilterChainDecorator$ObservationFilter.doFilter(ObservationFilterChainDecorator.java:228) ~[spring-security-web-6.5.7.jar:6.5.7]
	at org.springframework.security.web.ObservationFilterChainDecorator$VirtualFilterChain.doFilter(ObservationFilterChainDecorator.java:138) ~[spring-security-web-6.5.7.jar:6.5.7]
	at org.springframework.security.web.context.SecurityContextHolderFilter.doFilter(SecurityContextHolderFilter.java:82) ~[spring-security-web-6.5.7.jar:6.5.7]
	at org.springframework.security.web.context.SecurityContextHolderFilter.doFilter(SecurityContextHolderFilter.java:69) ~[spring-security-web-6.5.7.jar:6.5.7]
	at org.springframework.security.web.ObservationFilterChainDecorator$ObservationFilter.wrapFilter(ObservationFilterChainDecorator.java:241) ~[spring-security-web-6.5.7.jar:6.5.7]
	at org.springframework.security.web.ObservationFilterChainDecorator$ObservationFilter.doFilter(ObservationFilterChainDecorator.java:228) ~[spring-security-web-6.5.7.jar:6.5.7]
	at org.springframework.security.web.ObservationFilterChainDecorator$VirtualFilterChain.doFilter(ObservationFilterChainDecorator.java:138) ~[spring-security-web-6.5.7.jar:6.5.7]
	at org.springframework.security.web.context.request.async.WebAsyncManagerIntegrationFilter.doFilterInternal(WebAsyncManagerIntegrationFilter.java:62) ~[spring-security-web-6.5.7.jar:6.5.7]
	at org.springframework.web.filter.OncePerRequestFilter.doFilter(OncePerRequestFilter.java:116) ~[spring-web-6.2.14.jar:6.2.14]
	at org.springframework.security.web.ObservationFilterChainDecorator$ObservationFilter.wrapFilter(ObservationFilterChainDecorator.java:241) ~[spring-security-web-6.5.7.jar:6.5.7]
	at org.springframework.security.web.ObservationFilterChainDecorator$ObservationFilter.doFilter(ObservationFilterChainDecorator.java:228) ~[spring-security-web-6.5.7.jar:6.5.7]
	at org.springframework.security.web.ObservationFilterChainDecorator$VirtualFilterChain.doFilter(ObservationFilterChainDecorator.java:138) ~[spring-security-web-6.5.7.jar:6.5.7]
	at org.springframework.security.web.session.DisableEncodeUrlFilter.doFilterInternal(DisableEncodeUrlFilter.java:42) ~[spring-security-web-6.5.7.jar:6.5.7]
	at org.springframework.web.filter.OncePerRequestFilter.doFilter(OncePerRequestFilter.java:116) ~[spring-web-6.2.14.jar:6.2.14]
	at org.springframework.security.web.ObservationFilterChainDecorator$ObservationFilter.wrapFilter(ObservationFilterChainDecorator.java:241) ~[spring-security-web-6.5.7.jar:6.5.7]
	at org.springframework.security.web.ObservationFilterChainDecorator$AroundFilterObservation$SimpleAroundFilterObservation.lambda$wrap$0(ObservationFilterChainDecorator.java:334) ~[spring-security-web-6.5.7.jar:6.5.7]
	at org.springframework.security.web.ObservationFilterChainDecorator$ObservationFilter.doFilter(ObservationFilterChainDecorator.java:225) ~[spring-security-web-6.5.7.jar:6.5.7]
	at org.springframework.security.web.ObservationFilterChainDecorator$VirtualFilterChain.doFilter(ObservationFilterChainDecorator.java:138) ~[spring-security-web-6.5.7.jar:6.5.7]
	at org.springframework.security.web.FilterChainProxy.doFilterInternal(FilterChainProxy.java:233) ~[spring-security-web-6.5.7.jar:6.5.7]
	at org.springframework.security.web.FilterChainProxy.doFilter(FilterChainProxy.java:191) ~[spring-security-web-6.5.7.jar:6.5.7]
	at org.springframework.web.filter.CompositeFilter$VirtualFilterChain.doFilter(CompositeFilter.java:113) ~[spring-web-6.2.14.jar:6.2.14]
	at org.springframework.web.filter.ServletRequestPathFilter.doFilter(ServletRequestPathFilter.java:52) ~[spring-web-6.2.14.jar:6.2.14]
	at org.springframework.web.filter.CompositeFilter$VirtualFilterChain.doFilter(CompositeFilter.java:113) ~[spring-web-6.2.14.jar:6.2.14]
	at org.springframework.web.filter.CompositeFilter.doFilter(CompositeFilter.java:74) ~[spring-web-6.2.14.jar:6.2.14]
	at org.springframework.security.config.annotation.web.configuration.WebSecurityConfiguration$CompositeFilterChainProxy.doFilter(WebSecurityConfiguration.java:319) ~[spring-security-config-6.5.7.jar:6.5.7]
	at org.springframework.web.filter.CompositeFilter$VirtualFilterChain.doFilter(CompositeFilter.java:113) ~[spring-web-6.2.14.jar:6.2.14]
	at org.springframework.web.servlet.handler.HandlerMappingIntrospector.lambda$createCacheFilter$4(HandlerMappingIntrospector.java:267) ~[spring-webmvc-6.2.14.jar:6.2.14]
	at org.springframework.web.filter.CompositeFilter$VirtualFilterChain.doFilter(CompositeFilter.java:113) ~[spring-web-6.2.14.jar:6.2.14]
	at org.springframework.web.filter.CompositeFilter.doFilter(CompositeFilter.java:74) ~[spring-web-6.2.14.jar:6.2.14]
	at org.springframework.security.config.annotation.web.configuration.WebMvcSecurityConfiguration$CompositeFilterChainProxy.doFilter(WebMvcSecurityConfiguration.java:240) ~[spring-security-config-6.5.7.jar:6.5.7]
	at org.springframework.web.filter.DelegatingFilterProxy.invokeDelegate(DelegatingFilterProxy.java:362) ~[spring-web-6.2.14.jar:6.2.14]
	at org.springframework.web.filter.DelegatingFilterProxy.doFilter(DelegatingFilterProxy.java:278) ~[spring-web-6.2.14.jar:6.2.14]
	at org.apache.catalina.core.ApplicationFilterChain.internalDoFilter(ApplicationFilterChain.java:162) ~[tomcat-embed-core-10.1.49.jar:10.1.49]
	at org.apache.catalina.core.ApplicationFilterChain.doFilter(ApplicationFilterChain.java:138) ~[tomcat-embed-core-10.1.49.jar:10.1.49]
	at org.springframework.web.filter.RequestContextFilter.doFilterInternal(RequestContextFilter.java:100) ~[spring-web-6.2.14.jar:6.2.14]
	at org.springframework.web.filter.OncePerRequestFilter.doFilter(OncePerRequestFilter.java:116) ~[spring-web-6.2.14.jar:6.2.14]
	at org.apache.catalina.core.ApplicationFilterChain.internalDoFilter(ApplicationFilterChain.java:162) ~[tomcat-embed-core-10.1.49.jar:10.1.49]
	at org.apache.catalina.core.ApplicationFilterChain.doFilter(ApplicationFilterChain.java:138) ~[tomcat-embed-core-10.1.49.jar:10.1.49]
	at org.springframework.web.filter.FormContentFilter.doFilterInternal(FormContentFilter.java:93) ~[spring-web-6.2.14.jar:6.2.14]
	at org.springframework.web.filter.OncePerRequestFilter.doFilter(OncePerRequestFilter.java:116) ~[spring-web-6.2.14.jar:6.2.14]
	at org.apache.catalina.core.ApplicationFilterChain.internalDoFilter(ApplicationFilterChain.java:162) ~[tomcat-embed-core-10.1.49.jar:10.1.49]
	at org.apache.catalina.core.ApplicationFilterChain.doFilter(ApplicationFilterChain.java:138) ~[tomcat-embed-core-10.1.49.jar:10.1.49]
	at org.springframework.web.filter.ServerHttpObservationFilter.doFilterInternal(ServerHttpObservationFilter.java:110) ~[spring-web-6.2.14.jar:6.2.14]
	at org.springframework.web.filter.OncePerRequestFilter.doFilter(OncePerRequestFilter.java:116) ~[spring-web-6.2.14.jar:6.2.14]
	at org.apache.catalina.core.ApplicationFilterChain.internalDoFilter(ApplicationFilterChain.java:162) ~[tomcat-embed-core-10.1.49.jar:10.1.49]
	at org.apache.catalina.core.ApplicationFilterChain.doFilter(ApplicationFilterChain.java:138) ~[tomcat-embed-core-10.1.49.jar:10.1.49]
	at org.springframework.web.filter.CharacterEncodingFilter.doFilterInternal(CharacterEncodingFilter.java:201) ~[spring-web-6.2.14.jar:6.2.14]
	at org.springframework.web.filter.OncePerRequestFilter.doFilter(OncePerRequestFilter.java:116) ~[spring-web-6.2.14.jar:6.2.14]
	at org.apache.catalina.core.ApplicationFilterChain.internalDoFilter(ApplicationFilterChain.java:162) ~[tomcat-embed-core-10.1.49.jar:10.1.49]
	at org.apache.catalina.core.ApplicationFilterChain.doFilter(ApplicationFilterChain.java:138) ~[tomcat-embed-core-10.1.49.jar:10.1.49]
	at org.apache.catalina.core.StandardWrapperValve.invoke(StandardWrapperValve.java:165) ~[tomcat-embed-core-10.1.49.jar:10.1.49]
	at org.apache.catalina.core.StandardContextValve.invoke(StandardContextValve.java:88) ~[tomcat-embed-core-10.1.49.jar:10.1.49]
	at org.apache.catalina.authenticator.AuthenticatorBase.invoke(AuthenticatorBase.java:482) ~[tomcat-embed-core-10.1.49.jar:10.1.49]
	at org.apache.catalina.core.StandardHostValve.invoke(StandardHostValve.java:113) ~[tomcat-embed-core-10.1.49.jar:10.1.49]
	at org.apache.catalina.valves.ErrorReportValve.invoke(ErrorReportValve.java:83) ~[tomcat-embed-core-10.1.49.jar:10.1.49]
	at org.apache.catalina.core.StandardEngineValve.invoke(StandardEngineValve.java:72) ~[tomcat-embed-core-10.1.49.jar:10.1.49]
	at org.apache.catalina.connector.CoyoteAdapter.service(CoyoteAdapter.java:342) ~[tomcat-embed-core-10.1.49.jar:10.1.49]
	at org.apache.coyote.http11.Http11Processor.service(Http11Processor.java:399) ~[tomcat-embed-core-10.1.49.jar:10.1.49]
	at org.apache.coyote.AbstractProcessorLight.process(AbstractProcessorLight.java:63) ~[tomcat-embed-core-10.1.49.jar:10.1.49]
	at org.apache.coyote.AbstractProtocol$ConnectionHandler.process(AbstractProtocol.java:903) ~[tomcat-embed-core-10.1.49.jar:10.1.49]
	at org.apache.tomcat.util.net.NioEndpoint$SocketProcessor.doRun(NioEndpoint.java:1774) ~[tomcat-embed-core-10.1.49.jar:10.1.49]
	at org.apache.tomcat.util.net.SocketProcessorBase.run(SocketProcessorBase.java:52) ~[tomcat-embed-core-10.1.49.jar:10.1.49]
	at java.base/java.lang.VirtualThread.run(VirtualThread.java:329) ~[?:?]
15:48:33.412 [tomcat-handler-9] ERROR ServiceExceptionHandler - No static resource .
org.springframework.web.servlet.resource.NoResourceFoundException: No static resource .
	at org.springframework.web.servlet.resource.ResourceHttpRequestHandler.handleRequest(ResourceHttpRequestHandler.java:585) ~[spring-webmvc-6.2.14.jar:6.2.14]
	at org.springframework.web.servlet.mvc.HttpRequestHandlerAdapter.handle(HttpRequestHandlerAdapter.java:52) ~[spring-webmvc-6.2.14.jar:6.2.14]
	at org.springframework.web.servlet.DispatcherServlet.doDispatch(DispatcherServlet.java:1089) ~[spring-webmvc-6.2.14.jar:6.2.14]
	at org.springframework.web.servlet.DispatcherServlet.doService(DispatcherServlet.java:979) ~[spring-webmvc-6.2.14.jar:6.2.14]
	at org.springframework.web.servlet.FrameworkServlet.processRequest(FrameworkServlet.java:1014) ~[spring-webmvc-6.2.14.jar:6.2.14]
	at org.springframework.web.servlet.FrameworkServlet.doGet(FrameworkServlet.java:903) ~[spring-webmvc-6.2.14.jar:6.2.14]
	at jakarta.servlet.http.HttpServlet.service(HttpServlet.java:564) ~[tomcat-embed-core-10.1.49.jar:6.0]
	at org.springframework.web.servlet.FrameworkServlet.service(FrameworkServlet.java:885) ~[spring-webmvc-6.2.14.jar:6.2.14]
	at jakarta.servlet.http.HttpServlet.service(HttpServlet.java:658) ~[tomcat-embed-core-10.1.49.jar:6.0]
	at org.apache.catalina.core.ApplicationFilterChain.internalDoFilter(ApplicationFilterChain.java:193) ~[tomcat-embed-core-10.1.49.jar:10.1.49]
	at org.apache.catalina.core.ApplicationFilterChain.doFilter(ApplicationFilterChain.java:138) ~[tomcat-embed-core-10.1.49.jar:10.1.49]
	at org.apache.tomcat.websocket.server.WsFilter.doFilter(WsFilter.java:51) ~[tomcat-embed-websocket-10.1.49.jar:10.1.49]
	at org.apache.catalina.core.ApplicationFilterChain.internalDoFilter(ApplicationFilterChain.java:162) ~[tomcat-embed-core-10.1.49.jar:10.1.49]
	at org.apache.catalina.core.ApplicationFilterChain.doFilter(ApplicationFilterChain.java:138) ~[tomcat-embed-core-10.1.49.jar:10.1.49]
	at org.springframework.web.filter.CompositeFilter$VirtualFilterChain.doFilter(CompositeFilter.java:108) ~[spring-web-6.2.14.jar:6.2.14]
	at org.springframework.web.filter.CompositeFilter$VirtualFilterChain.doFilter(CompositeFilter.java:108) ~[spring-web-6.2.14.jar:6.2.14]
	at org.springframework.security.web.FilterChainProxy.lambda$doFilterInternal$3(FilterChainProxy.java:231) ~[spring-security-web-6.5.7.jar:6.5.7]
	at org.springframework.security.web.ObservationFilterChainDecorator$FilterObservation$SimpleFilterObservation.lambda$wrap$1(ObservationFilterChainDecorator.java:490) ~[spring-security-web-6.5.7.jar:6.5.7]
	at org.springframework.security.web.ObservationFilterChainDecorator$AroundFilterObservation$SimpleAroundFilterObservation.lambda$wrap$1(ObservationFilterChainDecorator.java:351) ~[spring-security-web-6.5.7.jar:6.5.7]
	at org.springframework.security.web.ObservationFilterChainDecorator.lambda$wrapSecured$0(ObservationFilterChainDecorator.java:83) ~[spring-security-web-6.5.7.jar:6.5.7]
	at org.springframework.security.web.ObservationFilterChainDecorator$VirtualFilterChain.doFilter(ObservationFilterChainDecorator.java:129) ~[spring-security-web-6.5.7.jar:6.5.7]
	at org.springframework.security.web.access.intercept.AuthorizationFilter.doFilter(AuthorizationFilter.java:101) ~[spring-security-web-6.5.7.jar:6.5.7]
	at org.springframework.security.web.ObservationFilterChainDecorator$ObservationFilter.wrapFilter(ObservationFilterChainDecorator.java:241) ~[spring-security-web-6.5.7.jar:6.5.7]
	at org.springframework.security.web.ObservationFilterChainDecorator$ObservationFilter.doFilter(ObservationFilterChainDecorator.java:228) ~[spring-security-web-6.5.7.jar:6.5.7]
	at org.springframework.security.web.ObservationFilterChainDecorator$VirtualFilterChain.doFilter(ObservationFilterChainDecorator.java:138) ~[spring-security-web-6.5.7.jar:6.5.7]
	at org.springframework.security.web.access.ExceptionTranslationFilter.doFilter(ExceptionTranslationFilter.java:125) ~[spring-security-web-6.5.7.jar:6.5.7]
	at org.springframework.security.web.access.ExceptionTranslationFilter.doFilter(ExceptionTranslationFilter.java:119) ~[spring-security-web-6.5.7.jar:6.5.7]
	at org.springframework.security.web.ObservationFilterChainDecorator$ObservationFilter.wrapFilter(ObservationFilterChainDecorator.java:241) ~[spring-security-web-6.5.7.jar:6.5.7]
	at org.springframework.security.web.ObservationFilterChainDecorator$ObservationFilter.doFilter(ObservationFilterChainDecorator.java:228) ~[spring-security-web-6.5.7.jar:6.5.7]
	at org.springframework.security.web.ObservationFilterChainDecorator$VirtualFilterChain.doFilter(ObservationFilterChainDecorator.java:138) ~[spring-security-web-6.5.7.jar:6.5.7]
	at org.springframework.security.web.authentication.AnonymousAuthenticationFilter.doFilter(AnonymousAuthenticationFilter.java:100) ~[spring-security-web-6.5.7.jar:6.5.7]
	at org.springframework.security.web.ObservationFilterChainDecorator$ObservationFilter.wrapFilter(ObservationFilterChainDecorator.java:241) ~[spring-security-web-6.5.7.jar:6.5.7]
	at org.springframework.security.web.ObservationFilterChainDecorator$ObservationFilter.doFilter(ObservationFilterChainDecorator.java:228) ~[spring-security-web-6.5.7.jar:6.5.7]
	at org.springframework.security.web.ObservationFilterChainDecorator$VirtualFilterChain.doFilter(ObservationFilterChainDecorator.java:138) ~[spring-security-web-6.5.7.jar:6.5.7]
	at org.springframework.security.web.servletapi.SecurityContextHolderAwareRequestFilter.doFilter(SecurityContextHolderAwareRequestFilter.java:179) ~[spring-security-web-6.5.7.jar:6.5.7]
	at org.springframework.security.web.ObservationFilterChainDecorator$ObservationFilter.wrapFilter(ObservationFilterChainDecorator.java:241) ~[spring-security-web-6.5.7.jar:6.5.7]
	at org.springframework.security.web.ObservationFilterChainDecorator$ObservationFilter.doFilter(ObservationFilterChainDecorator.java:228) ~[spring-security-web-6.5.7.jar:6.5.7]
	at org.springframework.security.web.ObservationFilterChainDecorator$VirtualFilterChain.doFilter(ObservationFilterChainDecorator.java:138) ~[spring-security-web-6.5.7.jar:6.5.7]
	at org.springframework.security.web.savedrequest.RequestCacheAwareFilter.doFilter(RequestCacheAwareFilter.java:63) ~[spring-security-web-6.5.7.jar:6.5.7]
	at org.springframework.security.web.ObservationFilterChainDecorator$ObservationFilter.wrapFilter(ObservationFilterChainDecorator.java:241) ~[spring-security-web-6.5.7.jar:6.5.7]
	at org.springframework.security.web.ObservationFilterChainDecorator$ObservationFilter.doFilter(ObservationFilterChainDecorator.java:228) ~[spring-security-web-6.5.7.jar:6.5.7]
	at org.springframework.security.web.ObservationFilterChainDecorator$VirtualFilterChain.doFilter(ObservationFilterChainDecorator.java:138) ~[spring-security-web-6.5.7.jar:6.5.7]
	at org.springframework.security.web.authentication.AuthenticationFilter.doFilterInternal(AuthenticationFilter.java:177) ~[spring-security-web-6.5.7.jar:6.5.7]
	at org.springframework.web.filter.OncePerRequestFilter.doFilter(OncePerRequestFilter.java:116) ~[spring-web-6.2.14.jar:6.2.14]
	at org.springframework.security.web.ObservationFilterChainDecorator$ObservationFilter.wrapFilter(ObservationFilterChainDecorator.java:241) ~[spring-security-web-6.5.7.jar:6.5.7]
	at org.springframework.security.web.ObservationFilterChainDecorator$ObservationFilter.doFilter(ObservationFilterChainDecorator.java:228) ~[spring-security-web-6.5.7.jar:6.5.7]
	at org.springframework.security.web.ObservationFilterChainDecorator$VirtualFilterChain.doFilter(ObservationFilterChainDecorator.java:138) ~[spring-security-web-6.5.7.jar:6.5.7]
	at org.springframework.security.oauth2.server.resource.web.authentication.BearerTokenAuthenticationFilter.doFilterInternal(BearerTokenAuthenticationFilter.java:158) ~[spring-security-oauth2-resource-server-6.5.7.jar:6.5.7]
	at org.springframework.web.filter.OncePerRequestFilter.doFilter(OncePerRequestFilter.java:116) ~[spring-web-6.2.14.jar:6.2.14]
	at org.springframework.security.web.ObservationFilterChainDecorator$ObservationFilter.wrapFilter(ObservationFilterChainDecorator.java:241) ~[spring-security-web-6.5.7.jar:6.5.7]
	at org.springframework.security.web.ObservationFilterChainDecorator$ObservationFilter.doFilter(ObservationFilterChainDecorator.java:228) ~[spring-security-web-6.5.7.jar:6.5.7]
	at org.springframework.security.web.ObservationFilterChainDecorator$VirtualFilterChain.doFilter(ObservationFilterChainDecorator.java:138) ~[spring-security-web-6.5.7.jar:6.5.7]
	at org.springframework.security.web.authentication.logout.LogoutFilter.doFilter(LogoutFilter.java:107) ~[spring-security-web-6.5.7.jar:6.5.7]
	at org.springframework.security.web.authentication.logout.LogoutFilter.doFilter(LogoutFilter.java:93) ~[spring-security-web-6.5.7.jar:6.5.7]
	at org.springframework.security.web.ObservationFilterChainDecorator$ObservationFilter.wrapFilter(ObservationFilterChainDecorator.java:241) ~[spring-security-web-6.5.7.jar:6.5.7]
	at org.springframework.security.web.ObservationFilterChainDecorator$ObservationFilter.doFilter(ObservationFilterChainDecorator.java:228) ~[spring-security-web-6.5.7.jar:6.5.7]
	at org.springframework.security.web.ObservationFilterChainDecorator$VirtualFilterChain.doFilter(ObservationFilterChainDecorator.java:138) ~[spring-security-web-6.5.7.jar:6.5.7]
	at org.springframework.security.web.csrf.CsrfFilter.doFilterInternal(CsrfFilter.java:117) ~[spring-security-web-6.5.7.jar:6.5.7]
	at org.springframework.web.filter.OncePerRequestFilter.doFilter(OncePerRequestFilter.java:116) ~[spring-web-6.2.14.jar:6.2.14]
	at org.springframework.security.web.ObservationFilterChainDecorator$ObservationFilter.wrapFilter(ObservationFilterChainDecorator.java:241) ~[spring-security-web-6.5.7.jar:6.5.7]
	at org.springframework.security.web.ObservationFilterChainDecorator$ObservationFilter.doFilter(ObservationFilterChainDecorator.java:228) ~[spring-security-web-6.5.7.jar:6.5.7]
	at org.springframework.security.web.ObservationFilterChainDecorator$VirtualFilterChain.doFilter(ObservationFilterChainDecorator.java:138) ~[spring-security-web-6.5.7.jar:6.5.7]
	at org.springframework.security.web.header.HeaderWriterFilter.doHeadersAfter(HeaderWriterFilter.java:90) ~[spring-security-web-6.5.7.jar:6.5.7]
	at org.springframework.security.web.header.HeaderWriterFilter.doFilterInternal(HeaderWriterFilter.java:75) ~[spring-security-web-6.5.7.jar:6.5.7]
	at org.springframework.web.filter.OncePerRequestFilter.doFilter(OncePerRequestFilter.java:116) ~[spring-web-6.2.14.jar:6.2.14]
	at org.springframework.security.web.ObservationFilterChainDecorator$ObservationFilter.wrapFilter(ObservationFilterChainDecorator.java:241) ~[spring-security-web-6.5.7.jar:6.5.7]
	at org.springframework.security.web.ObservationFilterChainDecorator$ObservationFilter.doFilter(ObservationFilterChainDecorator.java:228) ~[spring-security-web-6.5.7.jar:6.5.7]
	at org.springframework.security.web.ObservationFilterChainDecorator$VirtualFilterChain.doFilter(ObservationFilterChainDecorator.java:138) ~[spring-security-web-6.5.7.jar:6.5.7]
	at org.springframework.security.web.context.SecurityContextHolderFilter.doFilter(SecurityContextHolderFilter.java:82) ~[spring-security-web-6.5.7.jar:6.5.7]
	at org.springframework.security.web.context.SecurityContextHolderFilter.doFilter(SecurityContextHolderFilter.java:69) ~[spring-security-web-6.5.7.jar:6.5.7]
	at org.springframework.security.web.ObservationFilterChainDecorator$ObservationFilter.wrapFilter(ObservationFilterChainDecorator.java:241) ~[spring-security-web-6.5.7.jar:6.5.7]
	at org.springframework.security.web.ObservationFilterChainDecorator$ObservationFilter.doFilter(ObservationFilterChainDecorator.java:228) ~[spring-security-web-6.5.7.jar:6.5.7]
	at org.springframework.security.web.ObservationFilterChainDecorator$VirtualFilterChain.doFilter(ObservationFilterChainDecorator.java:138) ~[spring-security-web-6.5.7.jar:6.5.7]
	at org.springframework.security.web.context.request.async.WebAsyncManagerIntegrationFilter.doFilterInternal(WebAsyncManagerIntegrationFilter.java:62) ~[spring-security-web-6.5.7.jar:6.5.7]
	at org.springframework.web.filter.OncePerRequestFilter.doFilter(OncePerRequestFilter.java:116) ~[spring-web-6.2.14.jar:6.2.14]
	at org.springframework.security.web.ObservationFilterChainDecorator$ObservationFilter.wrapFilter(ObservationFilterChainDecorator.java:241) ~[spring-security-web-6.5.7.jar:6.5.7]
	at org.springframework.security.web.ObservationFilterChainDecorator$ObservationFilter.doFilter(ObservationFilterChainDecorator.java:228) ~[spring-security-web-6.5.7.jar:6.5.7]
	at org.springframework.security.web.ObservationFilterChainDecorator$VirtualFilterChain.doFilter(ObservationFilterChainDecorator.java:138) ~[spring-security-web-6.5.7.jar:6.5.7]
	at org.springframework.security.web.session.DisableEncodeUrlFilter.doFilterInternal(DisableEncodeUrlFilter.java:42) ~[spring-security-web-6.5.7.jar:6.5.7]
	at org.springframework.web.filter.OncePerRequestFilter.doFilter(OncePerRequestFilter.java:116) ~[spring-web-6.2.14.jar:6.2.14]
	at org.springframework.security.web.ObservationFilterChainDecorator$ObservationFilter.wrapFilter(ObservationFilterChainDecorator.java:241) ~[spring-security-web-6.5.7.jar:6.5.7]
	at org.springframework.security.web.ObservationFilterChainDecorator$AroundFilterObservation$SimpleAroundFilterObservation.lambda$wrap$0(ObservationFilterChainDecorator.java:334) ~[spring-security-web-6.5.7.jar:6.5.7]
	at org.springframework.security.web.ObservationFilterChainDecorator$ObservationFilter.doFilter(ObservationFilterChainDecorator.java:225) ~[spring-security-web-6.5.7.jar:6.5.7]
	at org.springframework.security.web.ObservationFilterChainDecorator$VirtualFilterChain.doFilter(ObservationFilterChainDecorator.java:138) ~[spring-security-web-6.5.7.jar:6.5.7]
	at org.springframework.security.web.FilterChainProxy.doFilterInternal(FilterChainProxy.java:233) ~[spring-security-web-6.5.7.jar:6.5.7]
	at org.springframework.security.web.FilterChainProxy.doFilter(FilterChainProxy.java:191) ~[spring-security-web-6.5.7.jar:6.5.7]
	at org.springframework.web.filter.CompositeFilter$VirtualFilterChain.doFilter(CompositeFilter.java:113) ~[spring-web-6.2.14.jar:6.2.14]
	at org.springframework.web.filter.ServletRequestPathFilter.doFilter(ServletRequestPathFilter.java:52) ~[spring-web-6.2.14.jar:6.2.14]
	at org.springframework.web.filter.CompositeFilter$VirtualFilterChain.doFilter(CompositeFilter.java:113) ~[spring-web-6.2.14.jar:6.2.14]
	at org.springframework.web.filter.CompositeFilter.doFilter(CompositeFilter.java:74) ~[spring-web-6.2.14.jar:6.2.14]
	at org.springframework.security.config.annotation.web.configuration.WebSecurityConfiguration$CompositeFilterChainProxy.doFilter(WebSecurityConfiguration.java:319) ~[spring-security-config-6.5.7.jar:6.5.7]
	at org.springframework.web.filter.CompositeFilter$VirtualFilterChain.doFilter(CompositeFilter.java:113) ~[spring-web-6.2.14.jar:6.2.14]
	at org.springframework.web.servlet.handler.HandlerMappingIntrospector.lambda$createCacheFilter$4(HandlerMappingIntrospector.java:267) ~[spring-webmvc-6.2.14.jar:6.2.14]
	at org.springframework.web.filter.CompositeFilter$VirtualFilterChain.doFilter(CompositeFilter.java:113) ~[spring-web-6.2.14.jar:6.2.14]
	at org.springframework.web.filter.CompositeFilter.doFilter(CompositeFilter.java:74) ~[spring-web-6.2.14.jar:6.2.14]
	at org.springframework.security.config.annotation.web.configuration.WebMvcSecurityConfiguration$CompositeFilterChainProxy.doFilter(WebMvcSecurityConfiguration.java:240) ~[spring-security-config-6.5.7.jar:6.5.7]
	at org.springframework.web.filter.DelegatingFilterProxy.invokeDelegate(DelegatingFilterProxy.java:362) ~[spring-web-6.2.14.jar:6.2.14]
	at org.springframework.web.filter.DelegatingFilterProxy.doFilter(DelegatingFilterProxy.java:278) ~[spring-web-6.2.14.jar:6.2.14]
	at org.apache.catalina.core.ApplicationFilterChain.internalDoFilter(ApplicationFilterChain.java:162) ~[tomcat-embed-core-10.1.49.jar:10.1.49]
	at org.apache.catalina.core.ApplicationFilterChain.doFilter(ApplicationFilterChain.java:138) ~[tomcat-embed-core-10.1.49.jar:10.1.49]
	at org.springframework.web.filter.RequestContextFilter.doFilterInternal(RequestContextFilter.java:100) ~[spring-web-6.2.14.jar:6.2.14]
	at org.springframework.web.filter.OncePerRequestFilter.doFilter(OncePerRequestFilter.java:116) ~[spring-web-6.2.14.jar:6.2.14]
	at org.apache.catalina.core.ApplicationFilterChain.internalDoFilter(ApplicationFilterChain.java:162) ~[tomcat-embed-core-10.1.49.jar:10.1.49]
	at org.apache.catalina.core.ApplicationFilterChain.doFilter(ApplicationFilterChain.java:138) ~[tomcat-embed-core-10.1.49.jar:10.1.49]
	at org.springframework.web.filter.FormContentFilter.doFilterInternal(FormContentFilter.java:93) ~[spring-web-6.2.14.jar:6.2.14]
	at org.springframework.web.filter.OncePerRequestFilter.doFilter(OncePerRequestFilter.java:116) ~[spring-web-6.2.14.jar:6.2.14]
	at org.apache.catalina.core.ApplicationFilterChain.internalDoFilter(ApplicationFilterChain.java:162) ~[tomcat-embed-core-10.1.49.jar:10.1.49]
	at org.apache.catalina.core.ApplicationFilterChain.doFilter(ApplicationFilterChain.java:138) ~[tomcat-embed-core-10.1.49.jar:10.1.49]
	at org.springframework.web.filter.ServerHttpObservationFilter.doFilterInternal(ServerHttpObservationFilter.java:110) ~[spring-web-6.2.14.jar:6.2.14]
	at org.springframework.web.filter.OncePerRequestFilter.doFilter(OncePerRequestFilter.java:116) ~[spring-web-6.2.14.jar:6.2.14]
	at org.apache.catalina.core.ApplicationFilterChain.internalDoFilter(ApplicationFilterChain.java:162) ~[tomcat-embed-core-10.1.49.jar:10.1.49]
	at org.apache.catalina.core.ApplicationFilterChain.doFilter(ApplicationFilterChain.java:138) ~[tomcat-embed-core-10.1.49.jar:10.1.49]
	at org.springframework.web.filter.CharacterEncodingFilter.doFilterInternal(CharacterEncodingFilter.java:201) ~[spring-web-6.2.14.jar:6.2.14]
	at org.springframework.web.filter.OncePerRequestFilter.doFilter(OncePerRequestFilter.java:116) ~[spring-web-6.2.14.jar:6.2.14]
	at org.apache.catalina.core.ApplicationFilterChain.internalDoFilter(ApplicationFilterChain.java:162) ~[tomcat-embed-core-10.1.49.jar:10.1.49]
	at org.apache.catalina.core.ApplicationFilterChain.doFilter(ApplicationFilterChain.java:138) ~[tomcat-embed-core-10.1.49.jar:10.1.49]
	at org.apache.catalina.core.StandardWrapperValve.invoke(StandardWrapperValve.java:165) ~[tomcat-embed-core-10.1.49.jar:10.1.49]
	at org.apache.catalina.core.StandardContextValve.invoke(StandardContextValve.java:88) ~[tomcat-embed-core-10.1.49.jar:10.1.49]
	at org.apache.catalina.authenticator.AuthenticatorBase.invoke(AuthenticatorBase.java:482) ~[tomcat-embed-core-10.1.49.jar:10.1.49]
	at org.apache.catalina.core.StandardHostValve.invoke(StandardHostValve.java:113) ~[tomcat-embed-core-10.1.49.jar:10.1.49]
	at org.apache.catalina.valves.ErrorReportValve.invoke(ErrorReportValve.java:83) ~[tomcat-embed-core-10.1.49.jar:10.1.49]
	at org.apache.catalina.core.StandardEngineValve.invoke(StandardEngineValve.java:72) ~[tomcat-embed-core-10.1.49.jar:10.1.49]
	at org.apache.catalina.connector.CoyoteAdapter.service(CoyoteAdapter.java:342) ~[tomcat-embed-core-10.1.49.jar:10.1.49]
	at org.apache.coyote.http11.Http11Processor.service(Http11Processor.java:399) ~[tomcat-embed-core-10.1.49.jar:10.1.49]
	at org.apache.coyote.AbstractProcessorLight.process(AbstractProcessorLight.java:63) ~[tomcat-embed-core-10.1.49.jar:10.1.49]
	at org.apache.coyote.AbstractProtocol$ConnectionHandler.process(AbstractProtocol.java:903) ~[tomcat-embed-core-10.1.49.jar:10.1.49]
	at org.apache.tomcat.util.net.NioEndpoint$SocketProcessor.doRun(NioEndpoint.java:1774) ~[tomcat-embed-core-10.1.49.jar:10.1.49]
	at org.apache.tomcat.util.net.SocketProcessorBase.run(SocketProcessorBase.java:52) ~[tomcat-embed-core-10.1.49.jar:10.1.49]
	at java.base/java.lang.VirtualThread.run(VirtualThread.java:329) ~[?:?]
15:48:39.866 [tomcat-handler-11] ERROR ServiceExceptionHandler - No static resource api/clients.
org.springframework.web.servlet.resource.NoResourceFoundException: No static resource api/clients.
	at org.springframework.web.servlet.resource.ResourceHttpRequestHandler.handleRequest(ResourceHttpRequestHandler.java:585) ~[spring-webmvc-6.2.14.jar:6.2.14]
	at org.springframework.web.servlet.mvc.HttpRequestHandlerAdapter.handle(HttpRequestHandlerAdapter.java:52) ~[spring-webmvc-6.2.14.jar:6.2.14]
	at org.springframework.web.servlet.DispatcherServlet.doDispatch(DispatcherServlet.java:1089) ~[spring-webmvc-6.2.14.jar:6.2.14]
	at org.springframework.web.servlet.DispatcherServlet.doService(DispatcherServlet.java:979) ~[spring-webmvc-6.2.14.jar:6.2.14]
	at org.springframework.web.servlet.FrameworkServlet.processRequest(FrameworkServlet.java:1014) ~[spring-webmvc-6.2.14.jar:6.2.14]
	at org.springframework.web.servlet.FrameworkServlet.doGet(FrameworkServlet.java:903) ~[spring-webmvc-6.2.14.jar:6.2.14]
	at jakarta.servlet.http.HttpServlet.service(HttpServlet.java:564) ~[tomcat-embed-core-10.1.49.jar:6.0]
	at org.springframework.web.servlet.FrameworkServlet.service(FrameworkServlet.java:885) ~[spring-webmvc-6.2.14.jar:6.2.14]
	at jakarta.servlet.http.HttpServlet.service(HttpServlet.java:658) ~[tomcat-embed-core-10.1.49.jar:6.0]
	at org.apache.catalina.core.ApplicationFilterChain.internalDoFilter(ApplicationFilterChain.java:193) ~[tomcat-embed-core-10.1.49.jar:10.1.49]
	at org.apache.catalina.core.ApplicationFilterChain.doFilter(ApplicationFilterChain.java:138) ~[tomcat-embed-core-10.1.49.jar:10.1.49]
	at org.apache.tomcat.websocket.server.WsFilter.doFilter(WsFilter.java:51) ~[tomcat-embed-websocket-10.1.49.jar:10.1.49]
	at org.apache.catalina.core.ApplicationFilterChain.internalDoFilter(ApplicationFilterChain.java:162) ~[tomcat-embed-core-10.1.49.jar:10.1.49]
	at org.apache.catalina.core.ApplicationFilterChain.doFilter(ApplicationFilterChain.java:138) ~[tomcat-embed-core-10.1.49.jar:10.1.49]
	at org.springframework.web.filter.CompositeFilter$VirtualFilterChain.doFilter(CompositeFilter.java:108) ~[spring-web-6.2.14.jar:6.2.14]
	at org.springframework.web.filter.CompositeFilter$VirtualFilterChain.doFilter(CompositeFilter.java:108) ~[spring-web-6.2.14.jar:6.2.14]
	at org.springframework.security.web.FilterChainProxy.lambda$doFilterInternal$3(FilterChainProxy.java:231) ~[spring-security-web-6.5.7.jar:6.5.7]
	at org.springframework.security.web.ObservationFilterChainDecorator$FilterObservation$SimpleFilterObservation.lambda$wrap$1(ObservationFilterChainDecorator.java:490) ~[spring-security-web-6.5.7.jar:6.5.7]
	at org.springframework.security.web.ObservationFilterChainDecorator$AroundFilterObservation$SimpleAroundFilterObservation.lambda$wrap$1(ObservationFilterChainDecorator.java:351) ~[spring-security-web-6.5.7.jar:6.5.7]
	at org.springframework.security.web.ObservationFilterChainDecorator.lambda$wrapSecured$0(ObservationFilterChainDecorator.java:83) ~[spring-security-web-6.5.7.jar:6.5.7]
	at org.springframework.security.web.ObservationFilterChainDecorator$VirtualFilterChain.doFilter(ObservationFilterChainDecorator.java:129) ~[spring-security-web-6.5.7.jar:6.5.7]
	at org.springframework.security.web.access.intercept.AuthorizationFilter.doFilter(AuthorizationFilter.java:101) ~[spring-security-web-6.5.7.jar:6.5.7]
	at org.springframework.security.web.ObservationFilterChainDecorator$ObservationFilter.wrapFilter(ObservationFilterChainDecorator.java:241) ~[spring-security-web-6.5.7.jar:6.5.7]
	at org.springframework.security.web.ObservationFilterChainDecorator$ObservationFilter.doFilter(ObservationFilterChainDecorator.java:228) ~[spring-security-web-6.5.7.jar:6.5.7]
	at org.springframework.security.web.ObservationFilterChainDecorator$VirtualFilterChain.doFilter(ObservationFilterChainDecorator.java:138) ~[spring-security-web-6.5.7.jar:6.5.7]
	at org.springframework.security.web.access.ExceptionTranslationFilter.doFilter(ExceptionTranslationFilter.java:125) ~[spring-security-web-6.5.7.jar:6.5.7]
	at org.springframework.security.web.access.ExceptionTranslationFilter.doFilter(ExceptionTranslationFilter.java:119) ~[spring-security-web-6.5.7.jar:6.5.7]
	at org.springframework.security.web.ObservationFilterChainDecorator$ObservationFilter.wrapFilter(ObservationFilterChainDecorator.java:241) ~[spring-security-web-6.5.7.jar:6.5.7]
	at org.springframework.security.web.ObservationFilterChainDecorator$ObservationFilter.doFilter(ObservationFilterChainDecorator.java:228) ~[spring-security-web-6.5.7.jar:6.5.7]
	at org.springframework.security.web.ObservationFilterChainDecorator$VirtualFilterChain.doFilter(ObservationFilterChainDecorator.java:138) ~[spring-security-web-6.5.7.jar:6.5.7]
	at org.springframework.security.web.authentication.AnonymousAuthenticationFilter.doFilter(AnonymousAuthenticationFilter.java:100) ~[spring-security-web-6.5.7.jar:6.5.7]
	at org.springframework.security.web.ObservationFilterChainDecorator$ObservationFilter.wrapFilter(ObservationFilterChainDecorator.java:241) ~[spring-security-web-6.5.7.jar:6.5.7]
	at org.springframework.security.web.ObservationFilterChainDecorator$ObservationFilter.doFilter(ObservationFilterChainDecorator.java:228) ~[spring-security-web-6.5.7.jar:6.5.7]
	at org.springframework.security.web.ObservationFilterChainDecorator$VirtualFilterChain.doFilter(ObservationFilterChainDecorator.java:138) ~[spring-security-web-6.5.7.jar:6.5.7]
	at org.springframework.security.web.servletapi.SecurityContextHolderAwareRequestFilter.doFilter(SecurityContextHolderAwareRequestFilter.java:179) ~[spring-security-web-6.5.7.jar:6.5.7]
	at org.springframework.security.web.ObservationFilterChainDecorator$ObservationFilter.wrapFilter(ObservationFilterChainDecorator.java:241) ~[spring-security-web-6.5.7.jar:6.5.7]
	at org.springframework.security.web.ObservationFilterChainDecorator$ObservationFilter.doFilter(ObservationFilterChainDecorator.java:228) ~[spring-security-web-6.5.7.jar:6.5.7]
	at org.springframework.security.web.ObservationFilterChainDecorator$VirtualFilterChain.doFilter(ObservationFilterChainDecorator.java:138) ~[spring-security-web-6.5.7.jar:6.5.7]
	at org.springframework.security.web.savedrequest.RequestCacheAwareFilter.doFilter(RequestCacheAwareFilter.java:63) ~[spring-security-web-6.5.7.jar:6.5.7]
	at org.springframework.security.web.ObservationFilterChainDecorator$ObservationFilter.wrapFilter(ObservationFilterChainDecorator.java:241) ~[spring-security-web-6.5.7.jar:6.5.7]
	at org.springframework.security.web.ObservationFilterChainDecorator$ObservationFilter.doFilter(ObservationFilterChainDecorator.java:228) ~[spring-security-web-6.5.7.jar:6.5.7]
	at org.springframework.security.web.ObservationFilterChainDecorator$VirtualFilterChain.doFilter(ObservationFilterChainDecorator.java:138) ~[spring-security-web-6.5.7.jar:6.5.7]
	at org.springframework.security.web.authentication.AuthenticationFilter.doFilterInternal(AuthenticationFilter.java:177) ~[spring-security-web-6.5.7.jar:6.5.7]
	at org.springframework.web.filter.OncePerRequestFilter.doFilter(OncePerRequestFilter.java:116) ~[spring-web-6.2.14.jar:6.2.14]
	at org.springframework.security.web.ObservationFilterChainDecorator$ObservationFilter.wrapFilter(ObservationFilterChainDecorator.java:241) ~[spring-security-web-6.5.7.jar:6.5.7]
	at org.springframework.security.web.ObservationFilterChainDecorator$ObservationFilter.doFilter(ObservationFilterChainDecorator.java:228) ~[spring-security-web-6.5.7.jar:6.5.7]
	at org.springframework.security.web.ObservationFilterChainDecorator$VirtualFilterChain.doFilter(ObservationFilterChainDecorator.java:138) ~[spring-security-web-6.5.7.jar:6.5.7]
	at org.springframework.security.oauth2.server.resource.web.authentication.BearerTokenAuthenticationFilter.doFilterInternal(BearerTokenAuthenticationFilter.java:158) ~[spring-security-oauth2-resource-server-6.5.7.jar:6.5.7]
	at org.springframework.web.filter.OncePerRequestFilter.doFilter(OncePerRequestFilter.java:116) ~[spring-web-6.2.14.jar:6.2.14]
	at org.springframework.security.web.ObservationFilterChainDecorator$ObservationFilter.wrapFilter(ObservationFilterChainDecorator.java:241) ~[spring-security-web-6.5.7.jar:6.5.7]
	at org.springframework.security.web.ObservationFilterChainDecorator$ObservationFilter.doFilter(ObservationFilterChainDecorator.java:228) ~[spring-security-web-6.5.7.jar:6.5.7]
	at org.springframework.security.web.ObservationFilterChainDecorator$VirtualFilterChain.doFilter(ObservationFilterChainDecorator.java:138) ~[spring-security-web-6.5.7.jar:6.5.7]
	at org.springframework.security.web.authentication.logout.LogoutFilter.doFilter(LogoutFilter.java:107) ~[spring-security-web-6.5.7.jar:6.5.7]
	at org.springframework.security.web.authentication.logout.LogoutFilter.doFilter(LogoutFilter.java:93) ~[spring-security-web-6.5.7.jar:6.5.7]
	at org.springframework.security.web.ObservationFilterChainDecorator$ObservationFilter.wrapFilter(ObservationFilterChainDecorator.java:241) ~[spring-security-web-6.5.7.jar:6.5.7]
	at org.springframework.security.web.ObservationFilterChainDecorator$ObservationFilter.doFilter(ObservationFilterChainDecorator.java:228) ~[spring-security-web-6.5.7.jar:6.5.7]
	at org.springframework.security.web.ObservationFilterChainDecorator$VirtualFilterChain.doFilter(ObservationFilterChainDecorator.java:138) ~[spring-security-web-6.5.7.jar:6.5.7]
	at org.springframework.security.web.csrf.CsrfFilter.doFilterInternal(CsrfFilter.java:117) ~[spring-security-web-6.5.7.jar:6.5.7]
	at org.springframework.web.filter.OncePerRequestFilter.doFilter(OncePerRequestFilter.java:116) ~[spring-web-6.2.14.jar:6.2.14]
	at org.springframework.security.web.ObservationFilterChainDecorator$ObservationFilter.wrapFilter(ObservationFilterChainDecorator.java:241) ~[spring-security-web-6.5.7.jar:6.5.7]
	at org.springframework.security.web.ObservationFilterChainDecorator$ObservationFilter.doFilter(ObservationFilterChainDecorator.java:228) ~[spring-security-web-6.5.7.jar:6.5.7]
	at org.springframework.security.web.ObservationFilterChainDecorator$VirtualFilterChain.doFilter(ObservationFilterChainDecorator.java:138) ~[spring-security-web-6.5.7.jar:6.5.7]
	at org.springframework.security.web.header.HeaderWriterFilter.doHeadersAfter(HeaderWriterFilter.java:90) ~[spring-security-web-6.5.7.jar:6.5.7]
	at org.springframework.security.web.header.HeaderWriterFilter.doFilterInternal(HeaderWriterFilter.java:75) ~[spring-security-web-6.5.7.jar:6.5.7]
	at org.springframework.web.filter.OncePerRequestFilter.doFilter(OncePerRequestFilter.java:116) ~[spring-web-6.2.14.jar:6.2.14]
	at org.springframework.security.web.ObservationFilterChainDecorator$ObservationFilter.wrapFilter(ObservationFilterChainDecorator.java:241) ~[spring-security-web-6.5.7.jar:6.5.7]
	at org.springframework.security.web.ObservationFilterChainDecorator$ObservationFilter.doFilter(ObservationFilterChainDecorator.java:228) ~[spring-security-web-6.5.7.jar:6.5.7]
	at org.springframework.security.web.ObservationFilterChainDecorator$VirtualFilterChain.doFilter(ObservationFilterChainDecorator.java:138) ~[spring-security-web-6.5.7.jar:6.5.7]
	at org.springframework.security.web.context.SecurityContextHolderFilter.doFilter(SecurityContextHolderFilter.java:82) ~[spring-security-web-6.5.7.jar:6.5.7]
	at org.springframework.security.web.context.SecurityContextHolderFilter.doFilter(SecurityContextHolderFilter.java:69) ~[spring-security-web-6.5.7.jar:6.5.7]
	at org.springframework.security.web.ObservationFilterChainDecorator$ObservationFilter.wrapFilter(ObservationFilterChainDecorator.java:241) ~[spring-security-web-6.5.7.jar:6.5.7]
	at org.springframework.security.web.ObservationFilterChainDecorator$ObservationFilter.doFilter(ObservationFilterChainDecorator.java:228) ~[spring-security-web-6.5.7.jar:6.5.7]
	at org.springframework.security.web.ObservationFilterChainDecorator$VirtualFilterChain.doFilter(ObservationFilterChainDecorator.java:138) ~[spring-security-web-6.5.7.jar:6.5.7]
	at org.springframework.security.web.context.request.async.WebAsyncManagerIntegrationFilter.doFilterInternal(WebAsyncManagerIntegrationFilter.java:62) ~[spring-security-web-6.5.7.jar:6.5.7]
	at org.springframework.web.filter.OncePerRequestFilter.doFilter(OncePerRequestFilter.java:116) ~[spring-web-6.2.14.jar:6.2.14]
	at org.springframework.security.web.ObservationFilterChainDecorator$ObservationFilter.wrapFilter(ObservationFilterChainDecorator.java:241) ~[spring-security-web-6.5.7.jar:6.5.7]
	at org.springframework.security.web.ObservationFilterChainDecorator$ObservationFilter.doFilter(ObservationFilterChainDecorator.java:228) ~[spring-security-web-6.5.7.jar:6.5.7]
	at org.springframework.security.web.ObservationFilterChainDecorator$VirtualFilterChain.doFilter(ObservationFilterChainDecorator.java:138) ~[spring-security-web-6.5.7.jar:6.5.7]
	at org.springframework.security.web.session.DisableEncodeUrlFilter.doFilterInternal(DisableEncodeUrlFilter.java:42) ~[spring-security-web-6.5.7.jar:6.5.7]
	at org.springframework.web.filter.OncePerRequestFilter.doFilter(OncePerRequestFilter.java:116) ~[spring-web-6.2.14.jar:6.2.14]
	at org.springframework.security.web.ObservationFilterChainDecorator$ObservationFilter.wrapFilter(ObservationFilterChainDecorator.java:241) ~[spring-security-web-6.5.7.jar:6.5.7]
	at org.springframework.security.web.ObservationFilterChainDecorator$AroundFilterObservation$SimpleAroundFilterObservation.lambda$wrap$0(ObservationFilterChainDecorator.java:334) ~[spring-security-web-6.5.7.jar:6.5.7]
	at org.springframework.security.web.ObservationFilterChainDecorator$ObservationFilter.doFilter(ObservationFilterChainDecorator.java:225) ~[spring-security-web-6.5.7.jar:6.5.7]
	at org.springframework.security.web.ObservationFilterChainDecorator$VirtualFilterChain.doFilter(ObservationFilterChainDecorator.java:138) ~[spring-security-web-6.5.7.jar:6.5.7]
	at org.springframework.security.web.FilterChainProxy.doFilterInternal(FilterChainProxy.java:233) ~[spring-security-web-6.5.7.jar:6.5.7]
	at org.springframework.security.web.FilterChainProxy.doFilter(FilterChainProxy.java:191) ~[spring-security-web-6.5.7.jar:6.5.7]
	at org.springframework.web.filter.CompositeFilter$VirtualFilterChain.doFilter(CompositeFilter.java:113) ~[spring-web-6.2.14.jar:6.2.14]
	at org.springframework.web.filter.ServletRequestPathFilter.doFilter(ServletRequestPathFilter.java:52) ~[spring-web-6.2.14.jar:6.2.14]
	at org.springframework.web.filter.CompositeFilter$VirtualFilterChain.doFilter(CompositeFilter.java:113) ~[spring-web-6.2.14.jar:6.2.14]
	at org.springframework.web.filter.CompositeFilter.doFilter(CompositeFilter.java:74) ~[spring-web-6.2.14.jar:6.2.14]
	at org.springframework.security.config.annotation.web.configuration.WebSecurityConfiguration$CompositeFilterChainProxy.doFilter(WebSecurityConfiguration.java:319) ~[spring-security-config-6.5.7.jar:6.5.7]
	at org.springframework.web.filter.CompositeFilter$VirtualFilterChain.doFilter(CompositeFilter.java:113) ~[spring-web-6.2.14.jar:6.2.14]
	at org.springframework.web.servlet.handler.HandlerMappingIntrospector.lambda$createCacheFilter$4(HandlerMappingIntrospector.java:267) ~[spring-webmvc-6.2.14.jar:6.2.14]
	at org.springframework.web.filter.CompositeFilter$VirtualFilterChain.doFilter(CompositeFilter.java:113) ~[spring-web-6.2.14.jar:6.2.14]
	at org.springframework.web.filter.CompositeFilter.doFilter(CompositeFilter.java:74) ~[spring-web-6.2.14.jar:6.2.14]
	at org.springframework.security.config.annotation.web.configuration.WebMvcSecurityConfiguration$CompositeFilterChainProxy.doFilter(WebMvcSecurityConfiguration.java:240) ~[spring-security-config-6.5.7.jar:6.5.7]
	at org.springframework.web.filter.DelegatingFilterProxy.invokeDelegate(DelegatingFilterProxy.java:362) ~[spring-web-6.2.14.jar:6.2.14]
	at org.springframework.web.filter.DelegatingFilterProxy.doFilter(DelegatingFilterProxy.java:278) ~[spring-web-6.2.14.jar:6.2.14]
	at org.apache.catalina.core.ApplicationFilterChain.internalDoFilter(ApplicationFilterChain.java:162) ~[tomcat-embed-core-10.1.49.jar:10.1.49]
	at org.apache.catalina.core.ApplicationFilterChain.doFilter(ApplicationFilterChain.java:138) ~[tomcat-embed-core-10.1.49.jar:10.1.49]
	at org.springframework.web.filter.RequestContextFilter.doFilterInternal(RequestContextFilter.java:100) ~[spring-web-6.2.14.jar:6.2.14]
	at org.springframework.web.filter.OncePerRequestFilter.doFilter(OncePerRequestFilter.java:116) ~[spring-web-6.2.14.jar:6.2.14]
	at org.apache.catalina.core.ApplicationFilterChain.internalDoFilter(ApplicationFilterChain.java:162) ~[tomcat-embed-core-10.1.49.jar:10.1.49]
	at org.apache.catalina.core.ApplicationFilterChain.doFilter(ApplicationFilterChain.java:138) ~[tomcat-embed-core-10.1.49.jar:10.1.49]
	at org.springframework.web.filter.FormContentFilter.doFilterInternal(FormContentFilter.java:93) ~[spring-web-6.2.14.jar:6.2.14]
	at org.springframework.web.filter.OncePerRequestFilter.doFilter(OncePerRequestFilter.java:116) ~[spring-web-6.2.14.jar:6.2.14]
	at org.apache.catalina.core.ApplicationFilterChain.internalDoFilter(ApplicationFilterChain.java:162) ~[tomcat-embed-core-10.1.49.jar:10.1.49]
	at org.apache.catalina.core.ApplicationFilterChain.doFilter(ApplicationFilterChain.java:138) ~[tomcat-embed-core-10.1.49.jar:10.1.49]
	at org.springframework.web.filter.ServerHttpObservationFilter.doFilterInternal(ServerHttpObservationFilter.java:110) ~[spring-web-6.2.14.jar:6.2.14]
	at org.springframework.web.filter.OncePerRequestFilter.doFilter(OncePerRequestFilter.java:116) ~[spring-web-6.2.14.jar:6.2.14]
	at org.apache.catalina.core.ApplicationFilterChain.internalDoFilter(ApplicationFilterChain.java:162) ~[tomcat-embed-core-10.1.49.jar:10.1.49]
	at org.apache.catalina.core.ApplicationFilterChain.doFilter(ApplicationFilterChain.java:138) ~[tomcat-embed-core-10.1.49.jar:10.1.49]
	at org.springframework.web.filter.CharacterEncodingFilter.doFilterInternal(CharacterEncodingFilter.java:201) ~[spring-web-6.2.14.jar:6.2.14]
	at org.springframework.web.filter.OncePerRequestFilter.doFilter(OncePerRequestFilter.java:116) ~[spring-web-6.2.14.jar:6.2.14]
	at org.apache.catalina.core.ApplicationFilterChain.internalDoFilter(ApplicationFilterChain.java:162) ~[tomcat-embed-core-10.1.49.jar:10.1.49]
	at org.apache.catalina.core.ApplicationFilterChain.doFilter(ApplicationFilterChain.java:138) ~[tomcat-embed-core-10.1.49.jar:10.1.49]
	at org.apache.catalina.core.StandardWrapperValve.invoke(StandardWrapperValve.java:165) ~[tomcat-embed-core-10.1.49.jar:10.1.49]
	at org.apache.catalina.core.StandardContextValve.invoke(StandardContextValve.java:88) ~[tomcat-embed-core-10.1.49.jar:10.1.49]
	at org.apache.catalina.authenticator.AuthenticatorBase.invoke(AuthenticatorBase.java:482) ~[tomcat-embed-core-10.1.49.jar:10.1.49]
	at org.apache.catalina.core.StandardHostValve.invoke(StandardHostValve.java:113) ~[tomcat-embed-core-10.1.49.jar:10.1.49]
	at org.apache.catalina.valves.ErrorReportValve.invoke(ErrorReportValve.java:83) ~[tomcat-embed-core-10.1.49.jar:10.1.49]
	at org.apache.catalina.core.StandardEngineValve.invoke(StandardEngineValve.java:72) ~[tomcat-embed-core-10.1.49.jar:10.1.49]
	at org.apache.catalina.connector.CoyoteAdapter.service(CoyoteAdapter.java:342) ~[tomcat-embed-core-10.1.49.jar:10.1.49]
	at org.apache.coyote.http11.Http11Processor.service(Http11Processor.java:399) ~[tomcat-embed-core-10.1.49.jar:10.1.49]
	at org.apache.coyote.AbstractProcessorLight.process(AbstractProcessorLight.java:63) ~[tomcat-embed-core-10.1.49.jar:10.1.49]
	at org.apache.coyote.AbstractProtocol$ConnectionHandler.process(AbstractProtocol.java:903) ~[tomcat-embed-core-10.1.49.jar:10.1.49]
	at org.apache.tomcat.util.net.NioEndpoint$SocketProcessor.doRun(NioEndpoint.java:1774) ~[tomcat-embed-core-10.1.49.jar:10.1.49]
	at org.apache.tomcat.util.net.SocketProcessorBase.run(SocketProcessorBase.java:52) ~[tomcat-embed-core-10.1.49.jar:10.1.49]
	at java.base/java.lang.VirtualThread.run(VirtualThread.java:329) ~[?:?]
16:08:05.026 [tomcat-handler-1] ERROR ServiceExceptionHandler - Required request parameter 'client' for method parameter type RegisterClientId is not present
org.springframework.web.bind.MissingServletRequestParameterException: Required request parameter 'client' for method parameter type RegisterClientId is not present
	at org.springframework.web.method.annotation.RequestParamMethodArgumentResolver.handleMissingValueInternal(RequestParamMethodArgumentResolver.java:220) ~[spring-web-6.2.14.jar:6.2.14]
	at org.springframework.web.method.annotation.RequestParamMethodArgumentResolver.handleMissingValue(RequestParamMethodArgumentResolver.java:196) ~[spring-web-6.2.14.jar:6.2.14]
	at org.springframework.web.method.annotation.AbstractNamedValueMethodArgumentResolver.resolveArgument(AbstractNamedValueMethodArgumentResolver.java:125) ~[spring-web-6.2.14.jar:6.2.14]
	at org.springframework.web.method.support.HandlerMethodArgumentResolverComposite.resolveArgument(HandlerMethodArgumentResolverComposite.java:122) ~[spring-web-6.2.14.jar:6.2.14]
	at org.springframework.web.method.support.InvocableHandlerMethod.getMethodArgumentValues(InvocableHandlerMethod.java:227) ~[spring-web-6.2.14.jar:6.2.14]
	at org.springframework.web.method.support.InvocableHandlerMethod.invokeForRequest(InvocableHandlerMethod.java:181) ~[spring-web-6.2.14.jar:6.2.14]
	at org.springframework.web.servlet.mvc.method.annotation.ServletInvocableHandlerMethod.invokeAndHandle(ServletInvocableHandlerMethod.java:118) ~[spring-webmvc-6.2.14.jar:6.2.14]
	at org.springframework.web.servlet.mvc.method.annotation.RequestMappingHandlerAdapter.invokeHandlerMethod(RequestMappingHandlerAdapter.java:991) ~[spring-webmvc-6.2.14.jar:6.2.14]
	at org.springframework.web.servlet.mvc.method.annotation.RequestMappingHandlerAdapter.handleInternal(RequestMappingHandlerAdapter.java:896) ~[spring-webmvc-6.2.14.jar:6.2.14]
	at org.springframework.web.servlet.mvc.method.AbstractHandlerMethodAdapter.handle(AbstractHandlerMethodAdapter.java:87) ~[spring-webmvc-6.2.14.jar:6.2.14]
	at org.springframework.web.servlet.DispatcherServlet.doDispatch(DispatcherServlet.java:1089) ~[spring-webmvc-6.2.14.jar:6.2.14]
	at org.springframework.web.servlet.DispatcherServlet.doService(DispatcherServlet.java:979) ~[spring-webmvc-6.2.14.jar:6.2.14]
	at org.springframework.web.servlet.FrameworkServlet.processRequest(FrameworkServlet.java:1014) ~[spring-webmvc-6.2.14.jar:6.2.14]
	at org.springframework.web.servlet.FrameworkServlet.doPost(FrameworkServlet.java:914) ~[spring-webmvc-6.2.14.jar:6.2.14]
	at jakarta.servlet.http.HttpServlet.service(HttpServlet.java:590) ~[tomcat-embed-core-10.1.49.jar:6.0]
	at org.springframework.web.servlet.FrameworkServlet.service(FrameworkServlet.java:885) ~[spring-webmvc-6.2.14.jar:6.2.14]
	at jakarta.servlet.http.HttpServlet.service(HttpServlet.java:658) ~[tomcat-embed-core-10.1.49.jar:6.0]
	at org.apache.catalina.core.ApplicationFilterChain.internalDoFilter(ApplicationFilterChain.java:193) ~[tomcat-embed-core-10.1.49.jar:10.1.49]
	at org.apache.catalina.core.ApplicationFilterChain.doFilter(ApplicationFilterChain.java:138) ~[tomcat-embed-core-10.1.49.jar:10.1.49]
	at org.apache.tomcat.websocket.server.WsFilter.doFilter(WsFilter.java:51) ~[tomcat-embed-websocket-10.1.49.jar:10.1.49]
	at org.apache.catalina.core.ApplicationFilterChain.internalDoFilter(ApplicationFilterChain.java:162) ~[tomcat-embed-core-10.1.49.jar:10.1.49]
	at org.apache.catalina.core.ApplicationFilterChain.doFilter(ApplicationFilterChain.java:138) ~[tomcat-embed-core-10.1.49.jar:10.1.49]
	at org.springframework.web.filter.CompositeFilter$VirtualFilterChain.doFilter(CompositeFilter.java:108) ~[spring-web-6.2.14.jar:6.2.14]
	at org.springframework.web.filter.CompositeFilter$VirtualFilterChain.doFilter(CompositeFilter.java:108) ~[spring-web-6.2.14.jar:6.2.14]
	at org.springframework.security.web.FilterChainProxy.lambda$doFilterInternal$3(FilterChainProxy.java:231) ~[spring-security-web-6.5.7.jar:6.5.7]
	at org.springframework.security.web.FilterChainProxy$VirtualFilterChain.doFilter(FilterChainProxy.java:365) ~[spring-security-web-6.5.7.jar:6.5.7]
	at org.springframework.security.web.access.intercept.AuthorizationFilter.doFilter(AuthorizationFilter.java:101) ~[spring-security-web-6.5.7.jar:6.5.7]
	at org.springframework.security.web.FilterChainProxy$VirtualFilterChain.doFilter(FilterChainProxy.java:374) ~[spring-security-web-6.5.7.jar:6.5.7]
	at org.springframework.security.web.access.ExceptionTranslationFilter.doFilter(ExceptionTranslationFilter.java:125) ~[spring-security-web-6.5.7.jar:6.5.7]
	at org.springframework.security.web.access.ExceptionTranslationFilter.doFilter(ExceptionTranslationFilter.java:119) ~[spring-security-web-6.5.7.jar:6.5.7]
	at org.springframework.security.web.FilterChainProxy$VirtualFilterChain.doFilter(FilterChainProxy.java:374) ~[spring-security-web-6.5.7.jar:6.5.7]
	at org.springframework.security.web.authentication.AnonymousAuthenticationFilter.doFilter(AnonymousAuthenticationFilter.java:100) ~[spring-security-web-6.5.7.jar:6.5.7]
	at org.springframework.security.web.FilterChainProxy$VirtualFilterChain.doFilter(FilterChainProxy.java:374) ~[spring-security-web-6.5.7.jar:6.5.7]
	at org.springframework.security.web.servletapi.SecurityContextHolderAwareRequestFilter.doFilter(SecurityContextHolderAwareRequestFilter.java:179) ~[spring-security-web-6.5.7.jar:6.5.7]
	at org.springframework.security.web.FilterChainProxy$VirtualFilterChain.doFilter(FilterChainProxy.java:374) ~[spring-security-web-6.5.7.jar:6.5.7]
	at org.springframework.security.web.savedrequest.RequestCacheAwareFilter.doFilter(RequestCacheAwareFilter.java:63) ~[spring-security-web-6.5.7.jar:6.5.7]
	at org.springframework.security.web.FilterChainProxy$VirtualFilterChain.doFilter(FilterChainProxy.java:374) ~[spring-security-web-6.5.7.jar:6.5.7]
	at org.springframework.security.web.authentication.AuthenticationFilter.doFilterInternal(AuthenticationFilter.java:177) ~[spring-security-web-6.5.7.jar:6.5.7]
	at org.springframework.web.filter.OncePerRequestFilter.doFilter(OncePerRequestFilter.java:116) ~[spring-web-6.2.14.jar:6.2.14]
	at org.springframework.security.web.FilterChainProxy$VirtualFilterChain.doFilter(FilterChainProxy.java:374) ~[spring-security-web-6.5.7.jar:6.5.7]
	at org.springframework.security.oauth2.server.resource.web.authentication.BearerTokenAuthenticationFilter.doFilterInternal(BearerTokenAuthenticationFilter.java:158) ~[spring-security-oauth2-resource-server-6.5.7.jar:6.5.7]
	at org.springframework.web.filter.OncePerRequestFilter.doFilter(OncePerRequestFilter.java:116) ~[spring-web-6.2.14.jar:6.2.14]
	at org.springframework.security.web.FilterChainProxy$VirtualFilterChain.doFilter(FilterChainProxy.java:374) ~[spring-security-web-6.5.7.jar:6.5.7]
	at org.springframework.security.web.authentication.logout.LogoutFilter.doFilter(LogoutFilter.java:107) ~[spring-security-web-6.5.7.jar:6.5.7]
	at org.springframework.security.web.authentication.logout.LogoutFilter.doFilter(LogoutFilter.java:93) ~[spring-security-web-6.5.7.jar:6.5.7]
	at org.springframework.security.web.FilterChainProxy$VirtualFilterChain.doFilter(FilterChainProxy.java:374) ~[spring-security-web-6.5.7.jar:6.5.7]
	at org.springframework.web.filter.CorsFilter.doFilterInternal(CorsFilter.java:91) ~[spring-web-6.2.14.jar:6.2.14]
	at org.springframework.web.filter.OncePerRequestFilter.doFilter(OncePerRequestFilter.java:116) ~[spring-web-6.2.14.jar:6.2.14]
	at org.springframework.security.web.FilterChainProxy$VirtualFilterChain.doFilter(FilterChainProxy.java:374) ~[spring-security-web-6.5.7.jar:6.5.7]
	at org.springframework.security.web.header.HeaderWriterFilter.doHeadersAfter(HeaderWriterFilter.java:90) ~[spring-security-web-6.5.7.jar:6.5.7]
	at org.springframework.security.web.header.HeaderWriterFilter.doFilterInternal(HeaderWriterFilter.java:75) ~[spring-security-web-6.5.7.jar:6.5.7]
	at org.springframework.web.filter.OncePerRequestFilter.doFilter(OncePerRequestFilter.java:116) ~[spring-web-6.2.14.jar:6.2.14]
	at org.springframework.security.web.FilterChainProxy$VirtualFilterChain.doFilter(FilterChainProxy.java:374) ~[spring-security-web-6.5.7.jar:6.5.7]
	at org.springframework.security.web.context.SecurityContextHolderFilter.doFilter(SecurityContextHolderFilter.java:82) ~[spring-security-web-6.5.7.jar:6.5.7]
	at org.springframework.security.web.context.SecurityContextHolderFilter.doFilter(SecurityContextHolderFilter.java:69) ~[spring-security-web-6.5.7.jar:6.5.7]
	at org.springframework.security.web.FilterChainProxy$VirtualFilterChain.doFilter(FilterChainProxy.java:374) ~[spring-security-web-6.5.7.jar:6.5.7]
	at org.springframework.security.web.context.request.async.WebAsyncManagerIntegrationFilter.doFilterInternal(WebAsyncManagerIntegrationFilter.java:62) ~[spring-security-web-6.5.7.jar:6.5.7]
	at org.springframework.web.filter.OncePerRequestFilter.doFilter(OncePerRequestFilter.java:116) ~[spring-web-6.2.14.jar:6.2.14]
	at org.springframework.security.web.FilterChainProxy$VirtualFilterChain.doFilter(FilterChainProxy.java:374) ~[spring-security-web-6.5.7.jar:6.5.7]
	at org.springframework.security.web.session.DisableEncodeUrlFilter.doFilterInternal(DisableEncodeUrlFilter.java:42) ~[spring-security-web-6.5.7.jar:6.5.7]
	at org.springframework.web.filter.OncePerRequestFilter.doFilter(OncePerRequestFilter.java:116) ~[spring-web-6.2.14.jar:6.2.14]
	at org.springframework.security.web.FilterChainProxy$VirtualFilterChain.doFilter(FilterChainProxy.java:374) ~[spring-security-web-6.5.7.jar:6.5.7]
	at org.springframework.security.web.FilterChainProxy.doFilterInternal(FilterChainProxy.java:233) ~[spring-security-web-6.5.7.jar:6.5.7]
	at org.springframework.security.web.FilterChainProxy.doFilter(FilterChainProxy.java:191) ~[spring-security-web-6.5.7.jar:6.5.7]
	at org.springframework.web.filter.CompositeFilter$VirtualFilterChain.doFilter(CompositeFilter.java:113) ~[spring-web-6.2.14.jar:6.2.14]
	at org.springframework.web.filter.ServletRequestPathFilter.doFilter(ServletRequestPathFilter.java:52) ~[spring-web-6.2.14.jar:6.2.14]
	at org.springframework.web.filter.CompositeFilter$VirtualFilterChain.doFilter(CompositeFilter.java:113) ~[spring-web-6.2.14.jar:6.2.14]
	at org.springframework.web.filter.CompositeFilter.doFilter(CompositeFilter.java:74) ~[spring-web-6.2.14.jar:6.2.14]
	at org.springframework.security.config.annotation.web.configuration.WebSecurityConfiguration$CompositeFilterChainProxy.doFilter(WebSecurityConfiguration.java:319) ~[spring-security-config-6.5.7.jar:6.5.7]
	at org.springframework.web.filter.CompositeFilter$VirtualFilterChain.doFilter(CompositeFilter.java:113) ~[spring-web-6.2.14.jar:6.2.14]
	at org.springframework.web.servlet.handler.HandlerMappingIntrospector.lambda$createCacheFilter$4(HandlerMappingIntrospector.java:267) ~[spring-webmvc-6.2.14.jar:6.2.14]
	at org.springframework.web.filter.CompositeFilter$VirtualFilterChain.doFilter(CompositeFilter.java:113) ~[spring-web-6.2.14.jar:6.2.14]
	at org.springframework.web.filter.CompositeFilter.doFilter(CompositeFilter.java:74) ~[spring-web-6.2.14.jar:6.2.14]
	at org.springframework.security.config.annotation.web.configuration.WebMvcSecurityConfiguration$CompositeFilterChainProxy.doFilter(WebMvcSecurityConfiguration.java:240) ~[spring-security-config-6.5.7.jar:6.5.7]
	at org.springframework.web.filter.DelegatingFilterProxy.invokeDelegate(DelegatingFilterProxy.java:362) ~[spring-web-6.2.14.jar:6.2.14]
	at org.springframework.web.filter.DelegatingFilterProxy.doFilter(DelegatingFilterProxy.java:278) ~[spring-web-6.2.14.jar:6.2.14]
	at org.apache.catalina.core.ApplicationFilterChain.internalDoFilter(ApplicationFilterChain.java:162) ~[tomcat-embed-core-10.1.49.jar:10.1.49]
	at org.apache.catalina.core.ApplicationFilterChain.doFilter(ApplicationFilterChain.java:138) ~[tomcat-embed-core-10.1.49.jar:10.1.49]
	at org.springframework.web.filter.RequestContextFilter.doFilterInternal(RequestContextFilter.java:100) ~[spring-web-6.2.14.jar:6.2.14]
	at org.springframework.web.filter.OncePerRequestFilter.doFilter(OncePerRequestFilter.java:116) ~[spring-web-6.2.14.jar:6.2.14]
	at org.apache.catalina.core.ApplicationFilterChain.internalDoFilter(ApplicationFilterChain.java:162) ~[tomcat-embed-core-10.1.49.jar:10.1.49]
	at org.apache.catalina.core.ApplicationFilterChain.doFilter(ApplicationFilterChain.java:138) ~[tomcat-embed-core-10.1.49.jar:10.1.49]
	at org.springframework.web.filter.FormContentFilter.doFilterInternal(FormContentFilter.java:93) ~[spring-web-6.2.14.jar:6.2.14]
	at org.springframework.web.filter.OncePerRequestFilter.doFilter(OncePerRequestFilter.java:116) ~[spring-web-6.2.14.jar:6.2.14]
	at org.apache.catalina.core.ApplicationFilterChain.internalDoFilter(ApplicationFilterChain.java:162) ~[tomcat-embed-core-10.1.49.jar:10.1.49]
	at org.apache.catalina.core.ApplicationFilterChain.doFilter(ApplicationFilterChain.java:138) ~[tomcat-embed-core-10.1.49.jar:10.1.49]
	at org.springframework.web.filter.CharacterEncodingFilter.doFilterInternal(CharacterEncodingFilter.java:201) ~[spring-web-6.2.14.jar:6.2.14]
	at org.springframework.web.filter.OncePerRequestFilter.doFilter(OncePerRequestFilter.java:116) ~[spring-web-6.2.14.jar:6.2.14]
	at org.apache.catalina.core.ApplicationFilterChain.internalDoFilter(ApplicationFilterChain.java:162) ~[tomcat-embed-core-10.1.49.jar:10.1.49]
	at org.apache.catalina.core.ApplicationFilterChain.doFilter(ApplicationFilterChain.java:138) ~[tomcat-embed-core-10.1.49.jar:10.1.49]
	at org.apache.catalina.core.StandardWrapperValve.invoke(StandardWrapperValve.java:165) ~[tomcat-embed-core-10.1.49.jar:10.1.49]
	at org.apache.catalina.core.StandardContextValve.invoke(StandardContextValve.java:88) ~[tomcat-embed-core-10.1.49.jar:10.1.49]
	at org.apache.catalina.authenticator.AuthenticatorBase.invoke(AuthenticatorBase.java:482) ~[tomcat-embed-core-10.1.49.jar:10.1.49]
	at org.apache.catalina.core.StandardHostValve.invoke(StandardHostValve.java:113) ~[tomcat-embed-core-10.1.49.jar:10.1.49]
	at org.apache.catalina.valves.ErrorReportValve.invoke(ErrorReportValve.java:83) ~[tomcat-embed-core-10.1.49.jar:10.1.49]
	at org.apache.catalina.core.StandardEngineValve.invoke(StandardEngineValve.java:72) ~[tomcat-embed-core-10.1.49.jar:10.1.49]
	at org.apache.catalina.connector.CoyoteAdapter.service(CoyoteAdapter.java:342) ~[tomcat-embed-core-10.1.49.jar:10.1.49]
	at org.apache.coyote.http11.Http11Processor.service(Http11Processor.java:399) ~[tomcat-embed-core-10.1.49.jar:10.1.49]
	at org.apache.coyote.AbstractProcessorLight.process(AbstractProcessorLight.java:63) ~[tomcat-embed-core-10.1.49.jar:10.1.49]
	at org.apache.coyote.AbstractProtocol$ConnectionHandler.process(AbstractProtocol.java:903) ~[tomcat-embed-core-10.1.49.jar:10.1.49]
	at org.apache.tomcat.util.net.NioEndpoint$SocketProcessor.doRun(NioEndpoint.java:1774) ~[tomcat-embed-core-10.1.49.jar:10.1.49]
	at org.apache.tomcat.util.net.SocketProcessorBase.run(SocketProcessorBase.java:52) ~[tomcat-embed-core-10.1.49.jar:10.1.49]
	at java.base/java.lang.VirtualThread.run(VirtualThread.java:329) ~[?:?]
16:10:21.699 [tomcat-handler-3] ERROR ServiceExceptionHandler - Required request parameter 'client' for method parameter type RegisterClientId is not present
org.springframework.web.bind.MissingServletRequestParameterException: Required request parameter 'client' for method parameter type RegisterClientId is not present
	at org.springframework.web.method.annotation.RequestParamMethodArgumentResolver.handleMissingValueInternal(RequestParamMethodArgumentResolver.java:220) ~[spring-web-6.2.14.jar:6.2.14]
	at org.springframework.web.method.annotation.RequestParamMethodArgumentResolver.handleMissingValue(RequestParamMethodArgumentResolver.java:196) ~[spring-web-6.2.14.jar:6.2.14]
	at org.springframework.web.method.annotation.AbstractNamedValueMethodArgumentResolver.resolveArgument(AbstractNamedValueMethodArgumentResolver.java:125) ~[spring-web-6.2.14.jar:6.2.14]
	at org.springframework.web.method.support.HandlerMethodArgumentResolverComposite.resolveArgument(HandlerMethodArgumentResolverComposite.java:122) ~[spring-web-6.2.14.jar:6.2.14]
	at org.springframework.web.method.support.InvocableHandlerMethod.getMethodArgumentValues(InvocableHandlerMethod.java:227) ~[spring-web-6.2.14.jar:6.2.14]
	at org.springframework.web.method.support.InvocableHandlerMethod.invokeForRequest(InvocableHandlerMethod.java:181) ~[spring-web-6.2.14.jar:6.2.14]
	at org.springframework.web.servlet.mvc.method.annotation.ServletInvocableHandlerMethod.invokeAndHandle(ServletInvocableHandlerMethod.java:118) ~[spring-webmvc-6.2.14.jar:6.2.14]
	at org.springframework.web.servlet.mvc.method.annotation.RequestMappingHandlerAdapter.invokeHandlerMethod(RequestMappingHandlerAdapter.java:991) ~[spring-webmvc-6.2.14.jar:6.2.14]
	at org.springframework.web.servlet.mvc.method.annotation.RequestMappingHandlerAdapter.handleInternal(RequestMappingHandlerAdapter.java:896) ~[spring-webmvc-6.2.14.jar:6.2.14]
	at org.springframework.web.servlet.mvc.method.AbstractHandlerMethodAdapter.handle(AbstractHandlerMethodAdapter.java:87) ~[spring-webmvc-6.2.14.jar:6.2.14]
	at org.springframework.web.servlet.DispatcherServlet.doDispatch(DispatcherServlet.java:1089) ~[spring-webmvc-6.2.14.jar:6.2.14]
	at org.springframework.web.servlet.DispatcherServlet.doService(DispatcherServlet.java:979) ~[spring-webmvc-6.2.14.jar:6.2.14]
	at org.springframework.web.servlet.FrameworkServlet.processRequest(FrameworkServlet.java:1014) ~[spring-webmvc-6.2.14.jar:6.2.14]
	at org.springframework.web.servlet.FrameworkServlet.doPost(FrameworkServlet.java:914) ~[spring-webmvc-6.2.14.jar:6.2.14]
	at jakarta.servlet.http.HttpServlet.service(HttpServlet.java:590) ~[tomcat-embed-core-10.1.49.jar:6.0]
	at org.springframework.web.servlet.FrameworkServlet.service(FrameworkServlet.java:885) ~[spring-webmvc-6.2.14.jar:6.2.14]
	at jakarta.servlet.http.HttpServlet.service(HttpServlet.java:658) ~[tomcat-embed-core-10.1.49.jar:6.0]
	at org.apache.catalina.core.ApplicationFilterChain.internalDoFilter(ApplicationFilterChain.java:193) ~[tomcat-embed-core-10.1.49.jar:10.1.49]
	at org.apache.catalina.core.ApplicationFilterChain.doFilter(ApplicationFilterChain.java:138) ~[tomcat-embed-core-10.1.49.jar:10.1.49]
	at org.apache.tomcat.websocket.server.WsFilter.doFilter(WsFilter.java:51) ~[tomcat-embed-websocket-10.1.49.jar:10.1.49]
	at org.apache.catalina.core.ApplicationFilterChain.internalDoFilter(ApplicationFilterChain.java:162) ~[tomcat-embed-core-10.1.49.jar:10.1.49]
	at org.apache.catalina.core.ApplicationFilterChain.doFilter(ApplicationFilterChain.java:138) ~[tomcat-embed-core-10.1.49.jar:10.1.49]
	at org.springframework.web.filter.CompositeFilter$VirtualFilterChain.doFilter(CompositeFilter.java:108) ~[spring-web-6.2.14.jar:6.2.14]
	at org.springframework.web.filter.CompositeFilter$VirtualFilterChain.doFilter(CompositeFilter.java:108) ~[spring-web-6.2.14.jar:6.2.14]
	at org.springframework.security.web.FilterChainProxy.lambda$doFilterInternal$3(FilterChainProxy.java:231) ~[spring-security-web-6.5.7.jar:6.5.7]
	at org.springframework.security.web.FilterChainProxy$VirtualFilterChain.doFilter(FilterChainProxy.java:365) ~[spring-security-web-6.5.7.jar:6.5.7]
	at org.springframework.security.web.access.intercept.AuthorizationFilter.doFilter(AuthorizationFilter.java:101) ~[spring-security-web-6.5.7.jar:6.5.7]
	at org.springframework.security.web.FilterChainProxy$VirtualFilterChain.doFilter(FilterChainProxy.java:374) ~[spring-security-web-6.5.7.jar:6.5.7]
	at org.springframework.security.web.access.ExceptionTranslationFilter.doFilter(ExceptionTranslationFilter.java:125) ~[spring-security-web-6.5.7.jar:6.5.7]
	at org.springframework.security.web.access.ExceptionTranslationFilter.doFilter(ExceptionTranslationFilter.java:119) ~[spring-security-web-6.5.7.jar:6.5.7]
	at org.springframework.security.web.FilterChainProxy$VirtualFilterChain.doFilter(FilterChainProxy.java:374) ~[spring-security-web-6.5.7.jar:6.5.7]
	at org.springframework.security.web.authentication.AnonymousAuthenticationFilter.doFilter(AnonymousAuthenticationFilter.java:100) ~[spring-security-web-6.5.7.jar:6.5.7]
	at org.springframework.security.web.FilterChainProxy$VirtualFilterChain.doFilter(FilterChainProxy.java:374) ~[spring-security-web-6.5.7.jar:6.5.7]
	at org.springframework.security.web.servletapi.SecurityContextHolderAwareRequestFilter.doFilter(SecurityContextHolderAwareRequestFilter.java:179) ~[spring-security-web-6.5.7.jar:6.5.7]
	at org.springframework.security.web.FilterChainProxy$VirtualFilterChain.doFilter(FilterChainProxy.java:374) ~[spring-security-web-6.5.7.jar:6.5.7]
	at org.springframework.security.web.savedrequest.RequestCacheAwareFilter.doFilter(RequestCacheAwareFilter.java:63) ~[spring-security-web-6.5.7.jar:6.5.7]
	at org.springframework.security.web.FilterChainProxy$VirtualFilterChain.doFilter(FilterChainProxy.java:374) ~[spring-security-web-6.5.7.jar:6.5.7]
	at org.springframework.security.web.authentication.AuthenticationFilter.doFilterInternal(AuthenticationFilter.java:177) ~[spring-security-web-6.5.7.jar:6.5.7]
	at org.springframework.web.filter.OncePerRequestFilter.doFilter(OncePerRequestFilter.java:116) ~[spring-web-6.2.14.jar:6.2.14]
	at org.springframework.security.web.FilterChainProxy$VirtualFilterChain.doFilter(FilterChainProxy.java:374) ~[spring-security-web-6.5.7.jar:6.5.7]
	at org.springframework.security.oauth2.server.resource.web.authentication.BearerTokenAuthenticationFilter.doFilterInternal(BearerTokenAuthenticationFilter.java:158) ~[spring-security-oauth2-resource-server-6.5.7.jar:6.5.7]
	at org.springframework.web.filter.OncePerRequestFilter.doFilter(OncePerRequestFilter.java:116) ~[spring-web-6.2.14.jar:6.2.14]
	at org.springframework.security.web.FilterChainProxy$VirtualFilterChain.doFilter(FilterChainProxy.java:374) ~[spring-security-web-6.5.7.jar:6.5.7]
	at org.springframework.security.web.authentication.logout.LogoutFilter.doFilter(LogoutFilter.java:107) ~[spring-security-web-6.5.7.jar:6.5.7]
	at org.springframework.security.web.authentication.logout.LogoutFilter.doFilter(LogoutFilter.java:93) ~[spring-security-web-6.5.7.jar:6.5.7]
	at org.springframework.security.web.FilterChainProxy$VirtualFilterChain.doFilter(FilterChainProxy.java:374) ~[spring-security-web-6.5.7.jar:6.5.7]
	at org.springframework.web.filter.CorsFilter.doFilterInternal(CorsFilter.java:91) ~[spring-web-6.2.14.jar:6.2.14]
	at org.springframework.web.filter.OncePerRequestFilter.doFilter(OncePerRequestFilter.java:116) ~[spring-web-6.2.14.jar:6.2.14]
	at org.springframework.security.web.FilterChainProxy$VirtualFilterChain.doFilter(FilterChainProxy.java:374) ~[spring-security-web-6.5.7.jar:6.5.7]
	at org.springframework.security.web.header.HeaderWriterFilter.doHeadersAfter(HeaderWriterFilter.java:90) ~[spring-security-web-6.5.7.jar:6.5.7]
	at org.springframework.security.web.header.HeaderWriterFilter.doFilterInternal(HeaderWriterFilter.java:75) ~[spring-security-web-6.5.7.jar:6.5.7]
	at org.springframework.web.filter.OncePerRequestFilter.doFilter(OncePerRequestFilter.java:116) ~[spring-web-6.2.14.jar:6.2.14]
	at org.springframework.security.web.FilterChainProxy$VirtualFilterChain.doFilter(FilterChainProxy.java:374) ~[spring-security-web-6.5.7.jar:6.5.7]
	at org.springframework.security.web.context.SecurityContextHolderFilter.doFilter(SecurityContextHolderFilter.java:82) ~[spring-security-web-6.5.7.jar:6.5.7]
	at org.springframework.security.web.context.SecurityContextHolderFilter.doFilter(SecurityContextHolderFilter.java:69) ~[spring-security-web-6.5.7.jar:6.5.7]
	at org.springframework.security.web.FilterChainProxy$VirtualFilterChain.doFilter(FilterChainProxy.java:374) ~[spring-security-web-6.5.7.jar:6.5.7]
	at org.springframework.security.web.context.request.async.WebAsyncManagerIntegrationFilter.doFilterInternal(WebAsyncManagerIntegrationFilter.java:62) ~[spring-security-web-6.5.7.jar:6.5.7]
	at org.springframework.web.filter.OncePerRequestFilter.doFilter(OncePerRequestFilter.java:116) ~[spring-web-6.2.14.jar:6.2.14]
	at org.springframework.security.web.FilterChainProxy$VirtualFilterChain.doFilter(FilterChainProxy.java:374) ~[spring-security-web-6.5.7.jar:6.5.7]
	at org.springframework.security.web.session.DisableEncodeUrlFilter.doFilterInternal(DisableEncodeUrlFilter.java:42) ~[spring-security-web-6.5.7.jar:6.5.7]
	at org.springframework.web.filter.OncePerRequestFilter.doFilter(OncePerRequestFilter.java:116) ~[spring-web-6.2.14.jar:6.2.14]
	at org.springframework.security.web.FilterChainProxy$VirtualFilterChain.doFilter(FilterChainProxy.java:374) ~[spring-security-web-6.5.7.jar:6.5.7]
	at org.springframework.security.web.FilterChainProxy.doFilterInternal(FilterChainProxy.java:233) ~[spring-security-web-6.5.7.jar:6.5.7]
	at org.springframework.security.web.FilterChainProxy.doFilter(FilterChainProxy.java:191) ~[spring-security-web-6.5.7.jar:6.5.7]
	at org.springframework.web.filter.CompositeFilter$VirtualFilterChain.doFilter(CompositeFilter.java:113) ~[spring-web-6.2.14.jar:6.2.14]
	at org.springframework.web.filter.ServletRequestPathFilter.doFilter(ServletRequestPathFilter.java:52) ~[spring-web-6.2.14.jar:6.2.14]
	at org.springframework.web.filter.CompositeFilter$VirtualFilterChain.doFilter(CompositeFilter.java:113) ~[spring-web-6.2.14.jar:6.2.14]
	at org.springframework.web.filter.CompositeFilter.doFilter(CompositeFilter.java:74) ~[spring-web-6.2.14.jar:6.2.14]
	at org.springframework.security.config.annotation.web.configuration.WebSecurityConfiguration$CompositeFilterChainProxy.doFilter(WebSecurityConfiguration.java:319) ~[spring-security-config-6.5.7.jar:6.5.7]
	at org.springframework.web.filter.CompositeFilter$VirtualFilterChain.doFilter(CompositeFilter.java:113) ~[spring-web-6.2.14.jar:6.2.14]
	at org.springframework.web.servlet.handler.HandlerMappingIntrospector.lambda$createCacheFilter$4(HandlerMappingIntrospector.java:267) ~[spring-webmvc-6.2.14.jar:6.2.14]
	at org.springframework.web.filter.CompositeFilter$VirtualFilterChain.doFilter(CompositeFilter.java:113) ~[spring-web-6.2.14.jar:6.2.14]
	at org.springframework.web.filter.CompositeFilter.doFilter(CompositeFilter.java:74) ~[spring-web-6.2.14.jar:6.2.14]
	at org.springframework.security.config.annotation.web.configuration.WebMvcSecurityConfiguration$CompositeFilterChainProxy.doFilter(WebMvcSecurityConfiguration.java:240) ~[spring-security-config-6.5.7.jar:6.5.7]
	at org.springframework.web.filter.DelegatingFilterProxy.invokeDelegate(DelegatingFilterProxy.java:362) ~[spring-web-6.2.14.jar:6.2.14]
	at org.springframework.web.filter.DelegatingFilterProxy.doFilter(DelegatingFilterProxy.java:278) ~[spring-web-6.2.14.jar:6.2.14]
	at org.apache.catalina.core.ApplicationFilterChain.internalDoFilter(ApplicationFilterChain.java:162) ~[tomcat-embed-core-10.1.49.jar:10.1.49]
	at org.apache.catalina.core.ApplicationFilterChain.doFilter(ApplicationFilterChain.java:138) ~[tomcat-embed-core-10.1.49.jar:10.1.49]
	at org.springframework.web.filter.RequestContextFilter.doFilterInternal(RequestContextFilter.java:100) ~[spring-web-6.2.14.jar:6.2.14]
	at org.springframework.web.filter.OncePerRequestFilter.doFilter(OncePerRequestFilter.java:116) ~[spring-web-6.2.14.jar:6.2.14]
	at org.apache.catalina.core.ApplicationFilterChain.internalDoFilter(ApplicationFilterChain.java:162) ~[tomcat-embed-core-10.1.49.jar:10.1.49]
	at org.apache.catalina.core.ApplicationFilterChain.doFilter(ApplicationFilterChain.java:138) ~[tomcat-embed-core-10.1.49.jar:10.1.49]
	at org.springframework.web.filter.FormContentFilter.doFilterInternal(FormContentFilter.java:93) ~[spring-web-6.2.14.jar:6.2.14]
	at org.springframework.web.filter.OncePerRequestFilter.doFilter(OncePerRequestFilter.java:116) ~[spring-web-6.2.14.jar:6.2.14]
	at org.apache.catalina.core.ApplicationFilterChain.internalDoFilter(ApplicationFilterChain.java:162) ~[tomcat-embed-core-10.1.49.jar:10.1.49]
	at org.apache.catalina.core.ApplicationFilterChain.doFilter(ApplicationFilterChain.java:138) ~[tomcat-embed-core-10.1.49.jar:10.1.49]
	at org.springframework.web.filter.CharacterEncodingFilter.doFilterInternal(CharacterEncodingFilter.java:201) ~[spring-web-6.2.14.jar:6.2.14]
	at org.springframework.web.filter.OncePerRequestFilter.doFilter(OncePerRequestFilter.java:116) ~[spring-web-6.2.14.jar:6.2.14]
	at org.apache.catalina.core.ApplicationFilterChain.internalDoFilter(ApplicationFilterChain.java:162) ~[tomcat-embed-core-10.1.49.jar:10.1.49]
	at org.apache.catalina.core.ApplicationFilterChain.doFilter(ApplicationFilterChain.java:138) ~[tomcat-embed-core-10.1.49.jar:10.1.49]
	at org.apache.catalina.core.StandardWrapperValve.invoke(StandardWrapperValve.java:165) ~[tomcat-embed-core-10.1.49.jar:10.1.49]
	at org.apache.catalina.core.StandardContextValve.invoke(StandardContextValve.java:88) ~[tomcat-embed-core-10.1.49.jar:10.1.49]
	at org.apache.catalina.authenticator.AuthenticatorBase.invoke(AuthenticatorBase.java:482) ~[tomcat-embed-core-10.1.49.jar:10.1.49]
	at org.apache.catalina.core.StandardHostValve.invoke(StandardHostValve.java:113) ~[tomcat-embed-core-10.1.49.jar:10.1.49]
	at org.apache.catalina.valves.ErrorReportValve.invoke(ErrorReportValve.java:83) ~[tomcat-embed-core-10.1.49.jar:10.1.49]
	at org.apache.catalina.core.StandardEngineValve.invoke(StandardEngineValve.java:72) ~[tomcat-embed-core-10.1.49.jar:10.1.49]
	at org.apache.catalina.connector.CoyoteAdapter.service(CoyoteAdapter.java:342) ~[tomcat-embed-core-10.1.49.jar:10.1.49]
	at org.apache.coyote.http11.Http11Processor.service(Http11Processor.java:399) ~[tomcat-embed-core-10.1.49.jar:10.1.49]
	at org.apache.coyote.AbstractProcessorLight.process(AbstractProcessorLight.java:63) ~[tomcat-embed-core-10.1.49.jar:10.1.49]
	at org.apache.coyote.AbstractProtocol$ConnectionHandler.process(AbstractProtocol.java:903) ~[tomcat-embed-core-10.1.49.jar:10.1.49]
	at org.apache.tomcat.util.net.NioEndpoint$SocketProcessor.doRun(NioEndpoint.java:1774) ~[tomcat-embed-core-10.1.49.jar:10.1.49]
	at org.apache.tomcat.util.net.SocketProcessorBase.run(SocketProcessorBase.java:52) ~[tomcat-embed-core-10.1.49.jar:10.1.49]
	at java.base/java.lang.VirtualThread.run(VirtualThread.java:329) ~[?:?]
16:11:01.004 [tomcat-handler-1] ERROR ServiceExceptionHandler - Required request parameter 'registerClientId' for method parameter type RegisterClientId is not present
org.springframework.web.bind.MissingServletRequestParameterException: Required request parameter 'registerClientId' for method parameter type RegisterClientId is not present
	at org.springframework.web.method.annotation.RequestParamMethodArgumentResolver.handleMissingValueInternal(RequestParamMethodArgumentResolver.java:220) ~[spring-web-6.2.14.jar:6.2.14]
	at org.springframework.web.method.annotation.RequestParamMethodArgumentResolver.handleMissingValue(RequestParamMethodArgumentResolver.java:196) ~[spring-web-6.2.14.jar:6.2.14]
	at org.springframework.web.method.annotation.AbstractNamedValueMethodArgumentResolver.resolveArgument(AbstractNamedValueMethodArgumentResolver.java:125) ~[spring-web-6.2.14.jar:6.2.14]
	at org.springframework.web.method.support.HandlerMethodArgumentResolverComposite.resolveArgument(HandlerMethodArgumentResolverComposite.java:122) ~[spring-web-6.2.14.jar:6.2.14]
	at org.springframework.web.method.support.InvocableHandlerMethod.getMethodArgumentValues(InvocableHandlerMethod.java:227) ~[spring-web-6.2.14.jar:6.2.14]
	at org.springframework.web.method.support.InvocableHandlerMethod.invokeForRequest(InvocableHandlerMethod.java:181) ~[spring-web-6.2.14.jar:6.2.14]
	at org.springframework.web.servlet.mvc.method.annotation.ServletInvocableHandlerMethod.invokeAndHandle(ServletInvocableHandlerMethod.java:118) ~[spring-webmvc-6.2.14.jar:6.2.14]
	at org.springframework.web.servlet.mvc.method.annotation.RequestMappingHandlerAdapter.invokeHandlerMethod(RequestMappingHandlerAdapter.java:991) ~[spring-webmvc-6.2.14.jar:6.2.14]
	at org.springframework.web.servlet.mvc.method.annotation.RequestMappingHandlerAdapter.handleInternal(RequestMappingHandlerAdapter.java:896) ~[spring-webmvc-6.2.14.jar:6.2.14]
	at org.springframework.web.servlet.mvc.method.AbstractHandlerMethodAdapter.handle(AbstractHandlerMethodAdapter.java:87) ~[spring-webmvc-6.2.14.jar:6.2.14]
	at org.springframework.web.servlet.DispatcherServlet.doDispatch(DispatcherServlet.java:1089) ~[spring-webmvc-6.2.14.jar:6.2.14]
	at org.springframework.web.servlet.DispatcherServlet.doService(DispatcherServlet.java:979) ~[spring-webmvc-6.2.14.jar:6.2.14]
	at org.springframework.web.servlet.FrameworkServlet.processRequest(FrameworkServlet.java:1014) ~[spring-webmvc-6.2.14.jar:6.2.14]
	at org.springframework.web.servlet.FrameworkServlet.doPost(FrameworkServlet.java:914) ~[spring-webmvc-6.2.14.jar:6.2.14]
	at jakarta.servlet.http.HttpServlet.service(HttpServlet.java:590) ~[tomcat-embed-core-10.1.49.jar:6.0]
	at org.springframework.web.servlet.FrameworkServlet.service(FrameworkServlet.java:885) ~[spring-webmvc-6.2.14.jar:6.2.14]
	at jakarta.servlet.http.HttpServlet.service(HttpServlet.java:658) ~[tomcat-embed-core-10.1.49.jar:6.0]
	at org.apache.catalina.core.ApplicationFilterChain.internalDoFilter(ApplicationFilterChain.java:193) ~[tomcat-embed-core-10.1.49.jar:10.1.49]
	at org.apache.catalina.core.ApplicationFilterChain.doFilter(ApplicationFilterChain.java:138) ~[tomcat-embed-core-10.1.49.jar:10.1.49]
	at org.apache.tomcat.websocket.server.WsFilter.doFilter(WsFilter.java:51) ~[tomcat-embed-websocket-10.1.49.jar:10.1.49]
	at org.apache.catalina.core.ApplicationFilterChain.internalDoFilter(ApplicationFilterChain.java:162) ~[tomcat-embed-core-10.1.49.jar:10.1.49]
	at org.apache.catalina.core.ApplicationFilterChain.doFilter(ApplicationFilterChain.java:138) ~[tomcat-embed-core-10.1.49.jar:10.1.49]
	at org.springframework.web.filter.CompositeFilter$VirtualFilterChain.doFilter(CompositeFilter.java:108) ~[spring-web-6.2.14.jar:6.2.14]
	at org.springframework.web.filter.CompositeFilter$VirtualFilterChain.doFilter(CompositeFilter.java:108) ~[spring-web-6.2.14.jar:6.2.14]
	at org.springframework.security.web.FilterChainProxy.lambda$doFilterInternal$3(FilterChainProxy.java:231) ~[spring-security-web-6.5.7.jar:6.5.7]
	at org.springframework.security.web.FilterChainProxy$VirtualFilterChain.doFilter(FilterChainProxy.java:365) ~[spring-security-web-6.5.7.jar:6.5.7]
	at org.springframework.security.web.access.intercept.AuthorizationFilter.doFilter(AuthorizationFilter.java:101) ~[spring-security-web-6.5.7.jar:6.5.7]
	at org.springframework.security.web.FilterChainProxy$VirtualFilterChain.doFilter(FilterChainProxy.java:374) ~[spring-security-web-6.5.7.jar:6.5.7]
	at org.springframework.security.web.access.ExceptionTranslationFilter.doFilter(ExceptionTranslationFilter.java:125) ~[spring-security-web-6.5.7.jar:6.5.7]
	at org.springframework.security.web.access.ExceptionTranslationFilter.doFilter(ExceptionTranslationFilter.java:119) ~[spring-security-web-6.5.7.jar:6.5.7]
	at org.springframework.security.web.FilterChainProxy$VirtualFilterChain.doFilter(FilterChainProxy.java:374) ~[spring-security-web-6.5.7.jar:6.5.7]
	at org.springframework.security.web.authentication.AnonymousAuthenticationFilter.doFilter(AnonymousAuthenticationFilter.java:100) ~[spring-security-web-6.5.7.jar:6.5.7]
	at org.springframework.security.web.FilterChainProxy$VirtualFilterChain.doFilter(FilterChainProxy.java:374) ~[spring-security-web-6.5.7.jar:6.5.7]
	at org.springframework.security.web.servletapi.SecurityContextHolderAwareRequestFilter.doFilter(SecurityContextHolderAwareRequestFilter.java:179) ~[spring-security-web-6.5.7.jar:6.5.7]
	at org.springframework.security.web.FilterChainProxy$VirtualFilterChain.doFilter(FilterChainProxy.java:374) ~[spring-security-web-6.5.7.jar:6.5.7]
	at org.springframework.security.web.savedrequest.RequestCacheAwareFilter.doFilter(RequestCacheAwareFilter.java:63) ~[spring-security-web-6.5.7.jar:6.5.7]
	at org.springframework.security.web.FilterChainProxy$VirtualFilterChain.doFilter(FilterChainProxy.java:374) ~[spring-security-web-6.5.7.jar:6.5.7]
	at org.springframework.security.web.authentication.AuthenticationFilter.doFilterInternal(AuthenticationFilter.java:177) ~[spring-security-web-6.5.7.jar:6.5.7]
	at org.springframework.web.filter.OncePerRequestFilter.doFilter(OncePerRequestFilter.java:116) ~[spring-web-6.2.14.jar:6.2.14]
	at org.springframework.security.web.FilterChainProxy$VirtualFilterChain.doFilter(FilterChainProxy.java:374) ~[spring-security-web-6.5.7.jar:6.5.7]
	at org.springframework.security.oauth2.server.resource.web.authentication.BearerTokenAuthenticationFilter.doFilterInternal(BearerTokenAuthenticationFilter.java:158) ~[spring-security-oauth2-resource-server-6.5.7.jar:6.5.7]
	at org.springframework.web.filter.OncePerRequestFilter.doFilter(OncePerRequestFilter.java:116) ~[spring-web-6.2.14.jar:6.2.14]
	at org.springframework.security.web.FilterChainProxy$VirtualFilterChain.doFilter(FilterChainProxy.java:374) ~[spring-security-web-6.5.7.jar:6.5.7]
	at org.springframework.security.web.authentication.logout.LogoutFilter.doFilter(LogoutFilter.java:107) ~[spring-security-web-6.5.7.jar:6.5.7]
	at org.springframework.security.web.authentication.logout.LogoutFilter.doFilter(LogoutFilter.java:93) ~[spring-security-web-6.5.7.jar:6.5.7]
	at org.springframework.security.web.FilterChainProxy$VirtualFilterChain.doFilter(FilterChainProxy.java:374) ~[spring-security-web-6.5.7.jar:6.5.7]
	at org.springframework.web.filter.CorsFilter.doFilterInternal(CorsFilter.java:91) ~[spring-web-6.2.14.jar:6.2.14]
	at org.springframework.web.filter.OncePerRequestFilter.doFilter(OncePerRequestFilter.java:116) ~[spring-web-6.2.14.jar:6.2.14]
	at org.springframework.security.web.FilterChainProxy$VirtualFilterChain.doFilter(FilterChainProxy.java:374) ~[spring-security-web-6.5.7.jar:6.5.7]
	at org.springframework.security.web.header.HeaderWriterFilter.doHeadersAfter(HeaderWriterFilter.java:90) ~[spring-security-web-6.5.7.jar:6.5.7]
	at org.springframework.security.web.header.HeaderWriterFilter.doFilterInternal(HeaderWriterFilter.java:75) ~[spring-security-web-6.5.7.jar:6.5.7]
	at org.springframework.web.filter.OncePerRequestFilter.doFilter(OncePerRequestFilter.java:116) ~[spring-web-6.2.14.jar:6.2.14]
	at org.springframework.security.web.FilterChainProxy$VirtualFilterChain.doFilter(FilterChainProxy.java:374) ~[spring-security-web-6.5.7.jar:6.5.7]
	at org.springframework.security.web.context.SecurityContextHolderFilter.doFilter(SecurityContextHolderFilter.java:82) ~[spring-security-web-6.5.7.jar:6.5.7]
	at org.springframework.security.web.context.SecurityContextHolderFilter.doFilter(SecurityContextHolderFilter.java:69) ~[spring-security-web-6.5.7.jar:6.5.7]
	at org.springframework.security.web.FilterChainProxy$VirtualFilterChain.doFilter(FilterChainProxy.java:374) ~[spring-security-web-6.5.7.jar:6.5.7]
	at org.springframework.security.web.context.request.async.WebAsyncManagerIntegrationFilter.doFilterInternal(WebAsyncManagerIntegrationFilter.java:62) ~[spring-security-web-6.5.7.jar:6.5.7]
	at org.springframework.web.filter.OncePerRequestFilter.doFilter(OncePerRequestFilter.java:116) ~[spring-web-6.2.14.jar:6.2.14]
	at org.springframework.security.web.FilterChainProxy$VirtualFilterChain.doFilter(FilterChainProxy.java:374) ~[spring-security-web-6.5.7.jar:6.5.7]
	at org.springframework.security.web.session.DisableEncodeUrlFilter.doFilterInternal(DisableEncodeUrlFilter.java:42) ~[spring-security-web-6.5.7.jar:6.5.7]
	at org.springframework.web.filter.OncePerRequestFilter.doFilter(OncePerRequestFilter.java:116) ~[spring-web-6.2.14.jar:6.2.14]
	at org.springframework.security.web.FilterChainProxy$VirtualFilterChain.doFilter(FilterChainProxy.java:374) ~[spring-security-web-6.5.7.jar:6.5.7]
	at org.springframework.security.web.FilterChainProxy.doFilterInternal(FilterChainProxy.java:233) ~[spring-security-web-6.5.7.jar:6.5.7]
	at org.springframework.security.web.FilterChainProxy.doFilter(FilterChainProxy.java:191) ~[spring-security-web-6.5.7.jar:6.5.7]
	at org.springframework.web.filter.CompositeFilter$VirtualFilterChain.doFilter(CompositeFilter.java:113) ~[spring-web-6.2.14.jar:6.2.14]
	at org.springframework.web.filter.ServletRequestPathFilter.doFilter(ServletRequestPathFilter.java:52) ~[spring-web-6.2.14.jar:6.2.14]
	at org.springframework.web.filter.CompositeFilter$VirtualFilterChain.doFilter(CompositeFilter.java:113) ~[spring-web-6.2.14.jar:6.2.14]
	at org.springframework.web.filter.CompositeFilter.doFilter(CompositeFilter.java:74) ~[spring-web-6.2.14.jar:6.2.14]
	at org.springframework.security.config.annotation.web.configuration.WebSecurityConfiguration$CompositeFilterChainProxy.doFilter(WebSecurityConfiguration.java:319) ~[spring-security-config-6.5.7.jar:6.5.7]
	at org.springframework.web.filter.CompositeFilter$VirtualFilterChain.doFilter(CompositeFilter.java:113) ~[spring-web-6.2.14.jar:6.2.14]
	at org.springframework.web.servlet.handler.HandlerMappingIntrospector.lambda$createCacheFilter$4(HandlerMappingIntrospector.java:267) ~[spring-webmvc-6.2.14.jar:6.2.14]
	at org.springframework.web.filter.CompositeFilter$VirtualFilterChain.doFilter(CompositeFilter.java:113) ~[spring-web-6.2.14.jar:6.2.14]
	at org.springframework.web.filter.CompositeFilter.doFilter(CompositeFilter.java:74) ~[spring-web-6.2.14.jar:6.2.14]
	at org.springframework.security.config.annotation.web.configuration.WebMvcSecurityConfiguration$CompositeFilterChainProxy.doFilter(WebMvcSecurityConfiguration.java:240) ~[spring-security-config-6.5.7.jar:6.5.7]
	at org.springframework.web.filter.DelegatingFilterProxy.invokeDelegate(DelegatingFilterProxy.java:362) ~[spring-web-6.2.14.jar:6.2.14]
	at org.springframework.web.filter.DelegatingFilterProxy.doFilter(DelegatingFilterProxy.java:278) ~[spring-web-6.2.14.jar:6.2.14]
	at org.apache.catalina.core.ApplicationFilterChain.internalDoFilter(ApplicationFilterChain.java:162) ~[tomcat-embed-core-10.1.49.jar:10.1.49]
	at org.apache.catalina.core.ApplicationFilterChain.doFilter(ApplicationFilterChain.java:138) ~[tomcat-embed-core-10.1.49.jar:10.1.49]
	at org.springframework.web.filter.RequestContextFilter.doFilterInternal(RequestContextFilter.java:100) ~[spring-web-6.2.14.jar:6.2.14]
	at org.springframework.web.filter.OncePerRequestFilter.doFilter(OncePerRequestFilter.java:116) ~[spring-web-6.2.14.jar:6.2.14]
	at org.apache.catalina.core.ApplicationFilterChain.internalDoFilter(ApplicationFilterChain.java:162) ~[tomcat-embed-core-10.1.49.jar:10.1.49]
	at org.apache.catalina.core.ApplicationFilterChain.doFilter(ApplicationFilterChain.java:138) ~[tomcat-embed-core-10.1.49.jar:10.1.49]
	at org.springframework.web.filter.FormContentFilter.doFilterInternal(FormContentFilter.java:93) ~[spring-web-6.2.14.jar:6.2.14]
	at org.springframework.web.filter.OncePerRequestFilter.doFilter(OncePerRequestFilter.java:116) ~[spring-web-6.2.14.jar:6.2.14]
	at org.apache.catalina.core.ApplicationFilterChain.internalDoFilter(ApplicationFilterChain.java:162) ~[tomcat-embed-core-10.1.49.jar:10.1.49]
	at org.apache.catalina.core.ApplicationFilterChain.doFilter(ApplicationFilterChain.java:138) ~[tomcat-embed-core-10.1.49.jar:10.1.49]
	at org.springframework.web.filter.CharacterEncodingFilter.doFilterInternal(CharacterEncodingFilter.java:201) ~[spring-web-6.2.14.jar:6.2.14]
	at org.springframework.web.filter.OncePerRequestFilter.doFilter(OncePerRequestFilter.java:116) ~[spring-web-6.2.14.jar:6.2.14]
	at org.apache.catalina.core.ApplicationFilterChain.internalDoFilter(ApplicationFilterChain.java:162) ~[tomcat-embed-core-10.1.49.jar:10.1.49]
	at org.apache.catalina.core.ApplicationFilterChain.doFilter(ApplicationFilterChain.java:138) ~[tomcat-embed-core-10.1.49.jar:10.1.49]
	at org.apache.catalina.core.StandardWrapperValve.invoke(StandardWrapperValve.java:165) ~[tomcat-embed-core-10.1.49.jar:10.1.49]
	at org.apache.catalina.core.StandardContextValve.invoke(StandardContextValve.java:88) ~[tomcat-embed-core-10.1.49.jar:10.1.49]
	at org.apache.catalina.authenticator.AuthenticatorBase.invoke(AuthenticatorBase.java:482) ~[tomcat-embed-core-10.1.49.jar:10.1.49]
	at org.apache.catalina.core.StandardHostValve.invoke(StandardHostValve.java:113) ~[tomcat-embed-core-10.1.49.jar:10.1.49]
	at org.apache.catalina.valves.ErrorReportValve.invoke(ErrorReportValve.java:83) ~[tomcat-embed-core-10.1.49.jar:10.1.49]
	at org.apache.catalina.core.StandardEngineValve.invoke(StandardEngineValve.java:72) ~[tomcat-embed-core-10.1.49.jar:10.1.49]
	at org.apache.catalina.connector.CoyoteAdapter.service(CoyoteAdapter.java:342) ~[tomcat-embed-core-10.1.49.jar:10.1.49]
	at org.apache.coyote.http11.Http11Processor.service(Http11Processor.java:399) ~[tomcat-embed-core-10.1.49.jar:10.1.49]
	at org.apache.coyote.AbstractProcessorLight.process(AbstractProcessorLight.java:63) ~[tomcat-embed-core-10.1.49.jar:10.1.49]
	at org.apache.coyote.AbstractProtocol$ConnectionHandler.process(AbstractProtocol.java:903) ~[tomcat-embed-core-10.1.49.jar:10.1.49]
	at org.apache.tomcat.util.net.NioEndpoint$SocketProcessor.doRun(NioEndpoint.java:1774) ~[tomcat-embed-core-10.1.49.jar:10.1.49]
	at org.apache.tomcat.util.net.SocketProcessorBase.run(SocketProcessorBase.java:52) ~[tomcat-embed-core-10.1.49.jar:10.1.49]
	at java.base/java.lang.VirtualThread.run(VirtualThread.java:329) ~[?:?]
16:16:53.193 [tomcat-handler-13] ERROR ServiceExceptionHandler - Required request parameter 'registerClientId' for method parameter type RegisterClientId is not present
org.springframework.web.bind.MissingServletRequestParameterException: Required request parameter 'registerClientId' for method parameter type RegisterClientId is not present
	at org.springframework.web.method.annotation.RequestParamMethodArgumentResolver.handleMissingValueInternal(RequestParamMethodArgumentResolver.java:220) ~[spring-web-6.2.14.jar:6.2.14]
	at org.springframework.web.method.annotation.RequestParamMethodArgumentResolver.handleMissingValue(RequestParamMethodArgumentResolver.java:196) ~[spring-web-6.2.14.jar:6.2.14]
	at org.springframework.web.method.annotation.AbstractNamedValueMethodArgumentResolver.resolveArgument(AbstractNamedValueMethodArgumentResolver.java:125) ~[spring-web-6.2.14.jar:6.2.14]
	at org.springframework.web.method.support.HandlerMethodArgumentResolverComposite.resolveArgument(HandlerMethodArgumentResolverComposite.java:122) ~[spring-web-6.2.14.jar:6.2.14]
	at org.springframework.web.method.support.InvocableHandlerMethod.getMethodArgumentValues(InvocableHandlerMethod.java:227) ~[spring-web-6.2.14.jar:6.2.14]
	at org.springframework.web.method.support.InvocableHandlerMethod.invokeForRequest(InvocableHandlerMethod.java:181) ~[spring-web-6.2.14.jar:6.2.14]
	at org.springframework.web.servlet.mvc.method.annotation.ServletInvocableHandlerMethod.invokeAndHandle(ServletInvocableHandlerMethod.java:118) ~[spring-webmvc-6.2.14.jar:6.2.14]
	at org.springframework.web.servlet.mvc.method.annotation.RequestMappingHandlerAdapter.invokeHandlerMethod(RequestMappingHandlerAdapter.java:991) ~[spring-webmvc-6.2.14.jar:6.2.14]
	at org.springframework.web.servlet.mvc.method.annotation.RequestMappingHandlerAdapter.handleInternal(RequestMappingHandlerAdapter.java:896) ~[spring-webmvc-6.2.14.jar:6.2.14]
	at org.springframework.web.servlet.mvc.method.AbstractHandlerMethodAdapter.handle(AbstractHandlerMethodAdapter.java:87) ~[spring-webmvc-6.2.14.jar:6.2.14]
	at org.springframework.web.servlet.DispatcherServlet.doDispatch(DispatcherServlet.java:1089) ~[spring-webmvc-6.2.14.jar:6.2.14]
	at org.springframework.web.servlet.DispatcherServlet.doService(DispatcherServlet.java:979) ~[spring-webmvc-6.2.14.jar:6.2.14]
	at org.springframework.web.servlet.FrameworkServlet.processRequest(FrameworkServlet.java:1014) ~[spring-webmvc-6.2.14.jar:6.2.14]
	at org.springframework.web.servlet.FrameworkServlet.doPost(FrameworkServlet.java:914) ~[spring-webmvc-6.2.14.jar:6.2.14]
	at jakarta.servlet.http.HttpServlet.service(HttpServlet.java:590) ~[tomcat-embed-core-10.1.49.jar:6.0]
	at org.springframework.web.servlet.FrameworkServlet.service(FrameworkServlet.java:885) ~[spring-webmvc-6.2.14.jar:6.2.14]
	at jakarta.servlet.http.HttpServlet.service(HttpServlet.java:658) ~[tomcat-embed-core-10.1.49.jar:6.0]
	at org.apache.catalina.core.ApplicationFilterChain.internalDoFilter(ApplicationFilterChain.java:193) ~[tomcat-embed-core-10.1.49.jar:10.1.49]
	at org.apache.catalina.core.ApplicationFilterChain.doFilter(ApplicationFilterChain.java:138) ~[tomcat-embed-core-10.1.49.jar:10.1.49]
	at org.apache.tomcat.websocket.server.WsFilter.doFilter(WsFilter.java:51) ~[tomcat-embed-websocket-10.1.49.jar:10.1.49]
	at org.apache.catalina.core.ApplicationFilterChain.internalDoFilter(ApplicationFilterChain.java:162) ~[tomcat-embed-core-10.1.49.jar:10.1.49]
	at org.apache.catalina.core.ApplicationFilterChain.doFilter(ApplicationFilterChain.java:138) ~[tomcat-embed-core-10.1.49.jar:10.1.49]
	at org.springframework.web.filter.CompositeFilter$VirtualFilterChain.doFilter(CompositeFilter.java:108) ~[spring-web-6.2.14.jar:6.2.14]
	at org.springframework.web.filter.CompositeFilter$VirtualFilterChain.doFilter(CompositeFilter.java:108) ~[spring-web-6.2.14.jar:6.2.14]
	at org.springframework.security.web.FilterChainProxy.lambda$doFilterInternal$3(FilterChainProxy.java:231) ~[spring-security-web-6.5.7.jar:6.5.7]
	at org.springframework.security.web.FilterChainProxy$VirtualFilterChain.doFilter(FilterChainProxy.java:365) ~[spring-security-web-6.5.7.jar:6.5.7]
	at org.springframework.security.web.access.intercept.AuthorizationFilter.doFilter(AuthorizationFilter.java:101) ~[spring-security-web-6.5.7.jar:6.5.7]
	at org.springframework.security.web.FilterChainProxy$VirtualFilterChain.doFilter(FilterChainProxy.java:374) ~[spring-security-web-6.5.7.jar:6.5.7]
	at org.springframework.security.web.access.ExceptionTranslationFilter.doFilter(ExceptionTranslationFilter.java:125) ~[spring-security-web-6.5.7.jar:6.5.7]
	at org.springframework.security.web.access.ExceptionTranslationFilter.doFilter(ExceptionTranslationFilter.java:119) ~[spring-security-web-6.5.7.jar:6.5.7]
	at org.springframework.security.web.FilterChainProxy$VirtualFilterChain.doFilter(FilterChainProxy.java:374) ~[spring-security-web-6.5.7.jar:6.5.7]
	at org.springframework.security.web.authentication.AnonymousAuthenticationFilter.doFilter(AnonymousAuthenticationFilter.java:100) ~[spring-security-web-6.5.7.jar:6.5.7]
	at org.springframework.security.web.FilterChainProxy$VirtualFilterChain.doFilter(FilterChainProxy.java:374) ~[spring-security-web-6.5.7.jar:6.5.7]
	at org.springframework.security.web.servletapi.SecurityContextHolderAwareRequestFilter.doFilter(SecurityContextHolderAwareRequestFilter.java:179) ~[spring-security-web-6.5.7.jar:6.5.7]
	at org.springframework.security.web.FilterChainProxy$VirtualFilterChain.doFilter(FilterChainProxy.java:374) ~[spring-security-web-6.5.7.jar:6.5.7]
	at org.springframework.security.web.savedrequest.RequestCacheAwareFilter.doFilter(RequestCacheAwareFilter.java:63) ~[spring-security-web-6.5.7.jar:6.5.7]
	at org.springframework.security.web.FilterChainProxy$VirtualFilterChain.doFilter(FilterChainProxy.java:374) ~[spring-security-web-6.5.7.jar:6.5.7]
	at org.springframework.security.web.authentication.AuthenticationFilter.doFilterInternal(AuthenticationFilter.java:177) ~[spring-security-web-6.5.7.jar:6.5.7]
	at org.springframework.web.filter.OncePerRequestFilter.doFilter(OncePerRequestFilter.java:116) ~[spring-web-6.2.14.jar:6.2.14]
	at org.springframework.security.web.FilterChainProxy$VirtualFilterChain.doFilter(FilterChainProxy.java:374) ~[spring-security-web-6.5.7.jar:6.5.7]
	at org.springframework.security.oauth2.server.resource.web.authentication.BearerTokenAuthenticationFilter.doFilterInternal(BearerTokenAuthenticationFilter.java:158) ~[spring-security-oauth2-resource-server-6.5.7.jar:6.5.7]
	at org.springframework.web.filter.OncePerRequestFilter.doFilter(OncePerRequestFilter.java:116) ~[spring-web-6.2.14.jar:6.2.14]
	at org.springframework.security.web.FilterChainProxy$VirtualFilterChain.doFilter(FilterChainProxy.java:374) ~[spring-security-web-6.5.7.jar:6.5.7]
	at org.springframework.security.web.authentication.logout.LogoutFilter.doFilter(LogoutFilter.java:107) ~[spring-security-web-6.5.7.jar:6.5.7]
	at org.springframework.security.web.authentication.logout.LogoutFilter.doFilter(LogoutFilter.java:93) ~[spring-security-web-6.5.7.jar:6.5.7]
	at org.springframework.security.web.FilterChainProxy$VirtualFilterChain.doFilter(FilterChainProxy.java:374) ~[spring-security-web-6.5.7.jar:6.5.7]
	at org.springframework.web.filter.CorsFilter.doFilterInternal(CorsFilter.java:91) ~[spring-web-6.2.14.jar:6.2.14]
	at org.springframework.web.filter.OncePerRequestFilter.doFilter(OncePerRequestFilter.java:116) ~[spring-web-6.2.14.jar:6.2.14]
	at org.springframework.security.web.FilterChainProxy$VirtualFilterChain.doFilter(FilterChainProxy.java:374) ~[spring-security-web-6.5.7.jar:6.5.7]
	at org.springframework.security.web.header.HeaderWriterFilter.doHeadersAfter(HeaderWriterFilter.java:90) ~[spring-security-web-6.5.7.jar:6.5.7]
	at org.springframework.security.web.header.HeaderWriterFilter.doFilterInternal(HeaderWriterFilter.java:75) ~[spring-security-web-6.5.7.jar:6.5.7]
	at org.springframework.web.filter.OncePerRequestFilter.doFilter(OncePerRequestFilter.java:116) ~[spring-web-6.2.14.jar:6.2.14]
	at org.springframework.security.web.FilterChainProxy$VirtualFilterChain.doFilter(FilterChainProxy.java:374) ~[spring-security-web-6.5.7.jar:6.5.7]
	at org.springframework.security.web.context.SecurityContextHolderFilter.doFilter(SecurityContextHolderFilter.java:82) ~[spring-security-web-6.5.7.jar:6.5.7]
	at org.springframework.security.web.context.SecurityContextHolderFilter.doFilter(SecurityContextHolderFilter.java:69) ~[spring-security-web-6.5.7.jar:6.5.7]
	at org.springframework.security.web.FilterChainProxy$VirtualFilterChain.doFilter(FilterChainProxy.java:374) ~[spring-security-web-6.5.7.jar:6.5.7]
	at org.springframework.security.web.context.request.async.WebAsyncManagerIntegrationFilter.doFilterInternal(WebAsyncManagerIntegrationFilter.java:62) ~[spring-security-web-6.5.7.jar:6.5.7]
	at org.springframework.web.filter.OncePerRequestFilter.doFilter(OncePerRequestFilter.java:116) ~[spring-web-6.2.14.jar:6.2.14]
	at org.springframework.security.web.FilterChainProxy$VirtualFilterChain.doFilter(FilterChainProxy.java:374) ~[spring-security-web-6.5.7.jar:6.5.7]
	at org.springframework.security.web.session.DisableEncodeUrlFilter.doFilterInternal(DisableEncodeUrlFilter.java:42) ~[spring-security-web-6.5.7.jar:6.5.7]
	at org.springframework.web.filter.OncePerRequestFilter.doFilter(OncePerRequestFilter.java:116) ~[spring-web-6.2.14.jar:6.2.14]
	at org.springframework.security.web.FilterChainProxy$VirtualFilterChain.doFilter(FilterChainProxy.java:374) ~[spring-security-web-6.5.7.jar:6.5.7]
	at org.springframework.security.web.FilterChainProxy.doFilterInternal(FilterChainProxy.java:233) ~[spring-security-web-6.5.7.jar:6.5.7]
	at org.springframework.security.web.FilterChainProxy.doFilter(FilterChainProxy.java:191) ~[spring-security-web-6.5.7.jar:6.5.7]
	at org.springframework.web.filter.CompositeFilter$VirtualFilterChain.doFilter(CompositeFilter.java:113) ~[spring-web-6.2.14.jar:6.2.14]
	at org.springframework.web.filter.ServletRequestPathFilter.doFilter(ServletRequestPathFilter.java:52) ~[spring-web-6.2.14.jar:6.2.14]
	at org.springframework.web.filter.CompositeFilter$VirtualFilterChain.doFilter(CompositeFilter.java:113) ~[spring-web-6.2.14.jar:6.2.14]
	at org.springframework.web.filter.CompositeFilter.doFilter(CompositeFilter.java:74) ~[spring-web-6.2.14.jar:6.2.14]
	at org.springframework.security.config.annotation.web.configuration.WebSecurityConfiguration$CompositeFilterChainProxy.doFilter(WebSecurityConfiguration.java:319) ~[spring-security-config-6.5.7.jar:6.5.7]
	at org.springframework.web.filter.CompositeFilter$VirtualFilterChain.doFilter(CompositeFilter.java:113) ~[spring-web-6.2.14.jar:6.2.14]
	at org.springframework.web.servlet.handler.HandlerMappingIntrospector.lambda$createCacheFilter$4(HandlerMappingIntrospector.java:267) ~[spring-webmvc-6.2.14.jar:6.2.14]
	at org.springframework.web.filter.CompositeFilter$VirtualFilterChain.doFilter(CompositeFilter.java:113) ~[spring-web-6.2.14.jar:6.2.14]
	at org.springframework.web.filter.CompositeFilter.doFilter(CompositeFilter.java:74) ~[spring-web-6.2.14.jar:6.2.14]
	at org.springframework.security.config.annotation.web.configuration.WebMvcSecurityConfiguration$CompositeFilterChainProxy.doFilter(WebMvcSecurityConfiguration.java:240) ~[spring-security-config-6.5.7.jar:6.5.7]
	at org.springframework.web.filter.DelegatingFilterProxy.invokeDelegate(DelegatingFilterProxy.java:362) ~[spring-web-6.2.14.jar:6.2.14]
	at org.springframework.web.filter.DelegatingFilterProxy.doFilter(DelegatingFilterProxy.java:278) ~[spring-web-6.2.14.jar:6.2.14]
	at org.apache.catalina.core.ApplicationFilterChain.internalDoFilter(ApplicationFilterChain.java:162) ~[tomcat-embed-core-10.1.49.jar:10.1.49]
	at org.apache.catalina.core.ApplicationFilterChain.doFilter(ApplicationFilterChain.java:138) ~[tomcat-embed-core-10.1.49.jar:10.1.49]
	at org.springframework.web.filter.RequestContextFilter.doFilterInternal(RequestContextFilter.java:100) ~[spring-web-6.2.14.jar:6.2.14]
	at org.springframework.web.filter.OncePerRequestFilter.doFilter(OncePerRequestFilter.java:116) ~[spring-web-6.2.14.jar:6.2.14]
	at org.apache.catalina.core.ApplicationFilterChain.internalDoFilter(ApplicationFilterChain.java:162) ~[tomcat-embed-core-10.1.49.jar:10.1.49]
	at org.apache.catalina.core.ApplicationFilterChain.doFilter(ApplicationFilterChain.java:138) ~[tomcat-embed-core-10.1.49.jar:10.1.49]
	at org.springframework.web.filter.FormContentFilter.doFilterInternal(FormContentFilter.java:93) ~[spring-web-6.2.14.jar:6.2.14]
	at org.springframework.web.filter.OncePerRequestFilter.doFilter(OncePerRequestFilter.java:116) ~[spring-web-6.2.14.jar:6.2.14]
	at org.apache.catalina.core.ApplicationFilterChain.internalDoFilter(ApplicationFilterChain.java:162) ~[tomcat-embed-core-10.1.49.jar:10.1.49]
	at org.apache.catalina.core.ApplicationFilterChain.doFilter(ApplicationFilterChain.java:138) ~[tomcat-embed-core-10.1.49.jar:10.1.49]
	at org.springframework.web.filter.CharacterEncodingFilter.doFilterInternal(CharacterEncodingFilter.java:201) ~[spring-web-6.2.14.jar:6.2.14]
	at org.springframework.web.filter.OncePerRequestFilter.doFilter(OncePerRequestFilter.java:116) ~[spring-web-6.2.14.jar:6.2.14]
	at org.apache.catalina.core.ApplicationFilterChain.internalDoFilter(ApplicationFilterChain.java:162) ~[tomcat-embed-core-10.1.49.jar:10.1.49]
	at org.apache.catalina.core.ApplicationFilterChain.doFilter(ApplicationFilterChain.java:138) ~[tomcat-embed-core-10.1.49.jar:10.1.49]
	at org.apache.catalina.core.StandardWrapperValve.invoke(StandardWrapperValve.java:165) ~[tomcat-embed-core-10.1.49.jar:10.1.49]
	at org.apache.catalina.core.StandardContextValve.invoke(StandardContextValve.java:88) ~[tomcat-embed-core-10.1.49.jar:10.1.49]
	at org.apache.catalina.authenticator.AuthenticatorBase.invoke(AuthenticatorBase.java:482) ~[tomcat-embed-core-10.1.49.jar:10.1.49]
	at org.apache.catalina.core.StandardHostValve.invoke(StandardHostValve.java:113) ~[tomcat-embed-core-10.1.49.jar:10.1.49]
	at org.apache.catalina.valves.ErrorReportValve.invoke(ErrorReportValve.java:83) ~[tomcat-embed-core-10.1.49.jar:10.1.49]
	at org.apache.catalina.core.StandardEngineValve.invoke(StandardEngineValve.java:72) ~[tomcat-embed-core-10.1.49.jar:10.1.49]
	at org.apache.catalina.connector.CoyoteAdapter.service(CoyoteAdapter.java:342) ~[tomcat-embed-core-10.1.49.jar:10.1.49]
	at org.apache.coyote.http11.Http11Processor.service(Http11Processor.java:399) ~[tomcat-embed-core-10.1.49.jar:10.1.49]
	at org.apache.coyote.AbstractProcessorLight.process(AbstractProcessorLight.java:63) ~[tomcat-embed-core-10.1.49.jar:10.1.49]
	at org.apache.coyote.AbstractProtocol$ConnectionHandler.process(AbstractProtocol.java:903) ~[tomcat-embed-core-10.1.49.jar:10.1.49]
	at org.apache.tomcat.util.net.NioEndpoint$SocketProcessor.doRun(NioEndpoint.java:1774) ~[tomcat-embed-core-10.1.49.jar:10.1.49]
	at org.apache.tomcat.util.net.SocketProcessorBase.run(SocketProcessorBase.java:52) ~[tomcat-embed-core-10.1.49.jar:10.1.49]
	at java.base/java.lang.VirtualThread.run(VirtualThread.java:329) ~[?:?]
16:19:58.752 [tomcat-handler-1] ERROR ServiceExceptionHandler - could not execute statement [ORA-01400: cannot insert NULL into ("PLAYGROUND"."CLIENT_USERS"."DOB")

https://docs.oracle.com/error-help/db/ora-01400/] [insert into playground.client_users (account_expiry_date,account_number,account_open_date,account_title,address,address_type,city,client_id,client_name,country,district,division,dob,email,father_name,gender,limit_amount,marital_status,mobile_number,mother_name,nid_number,office_code,thana,zip_code,id) values (?,?,?,?,?,?,?,?,?,?,?,?,?,?,?,?,?,?,?,?,?,?,?,?,default)]; SQL [insert into playground.client_users (account_expiry_date,account_number,account_open_date,account_title,address,address_type,city,client_id,client_name,country,district,division,dob,email,father_name,gender,limit_amount,marital_status,mobile_number,mother_name,nid_number,office_code,thana,zip_code,id) values (?,?,?,?,?,?,?,?,?,?,?,?,?,?,?,?,?,?,?,?,?,?,?,?,default)]; constraint [null]
org.springframework.web.ErrorResponseException: 400 BAD_REQUEST, ProblemDetail[type='about:blank', title='Bad Request', status=400, detail='could not execute statement [ORA-01400: cannot insert NULL into ("PLAYGROUND"."CLIENT_USERS"."DOB")

https://docs.oracle.com/error-help/db/ora-01400/] [insert into playground.client_users (account_expiry_date,account_number,account_open_date,account_title,address,address_type,city,client_id,client_name,country,district,division,dob,email,father_name,gender,limit_amount,marital_status,mobile_number,mother_name,nid_number,office_code,thana,zip_code,id) values (?,?,?,?,?,?,?,?,?,?,?,?,?,?,?,?,?,?,?,?,?,?,?,?,default)]; SQL [insert into playground.client_users (account_expiry_date,account_number,account_open_date,account_title,address,address_type,city,client_id,client_name,country,district,division,dob,email,father_name,gender,limit_amount,marital_status,mobile_number,mother_name,nid_number,office_code,thana,zip_code,id) values (?,?,?,?,?,?,?,?,?,?,?,?,?,?,?,?,?,?,?,?,?,?,?,?,default)]; constraint [null]', instance='null', properties='null']
	at com.leads.microcube.exception.ServiceExceptionHandler.handleException(ServiceExceptionHandler.java:45) ~[microcube.core-0.8.1.jar:0.8.1]
	at java.base/jdk.internal.reflect.DirectMethodHandleAccessor.invoke(DirectMethodHandleAccessor.java:103) ~[?:?]
	at java.base/java.lang.reflect.Method.invoke(Method.java:580) ~[?:?]
	at org.springframework.web.method.support.InvocableHandlerMethod.doInvoke(InvocableHandlerMethod.java:258) ~[spring-web-6.2.14.jar:6.2.14]
	at org.springframework.web.method.support.InvocableHandlerMethod.invokeForRequest(InvocableHandlerMethod.java:191) ~[spring-web-6.2.14.jar:6.2.14]
	at org.springframework.web.servlet.mvc.method.annotation.ServletInvocableHandlerMethod.invokeAndHandle(ServletInvocableHandlerMethod.java:118) ~[spring-webmvc-6.2.14.jar:6.2.14]
	at org.springframework.web.servlet.mvc.method.annotation.ExceptionHandlerExceptionResolver.doResolveHandlerMethodException(ExceptionHandlerExceptionResolver.java:471) ~[spring-webmvc-6.2.14.jar:6.2.14]
	at org.springframework.web.servlet.handler.AbstractHandlerMethodExceptionResolver.doResolveException(AbstractHandlerMethodExceptionResolver.java:73) ~[spring-webmvc-6.2.14.jar:6.2.14]
	at org.springframework.web.servlet.handler.AbstractHandlerExceptionResolver.resolveException(AbstractHandlerExceptionResolver.java:182) ~[spring-webmvc-6.2.14.jar:6.2.14]
	at org.springframework.web.servlet.handler.HandlerExceptionResolverComposite.resolveException(HandlerExceptionResolverComposite.java:80) ~[spring-webmvc-6.2.14.jar:6.2.14]
	at org.springframework.web.servlet.DispatcherServlet.processHandlerException(DispatcherServlet.java:1360) ~[spring-webmvc-6.2.14.jar:6.2.14]
	at org.springframework.web.servlet.DispatcherServlet.processDispatchResult(DispatcherServlet.java:1161) ~[spring-webmvc-6.2.14.jar:6.2.14]
	at org.springframework.web.servlet.DispatcherServlet.doDispatch(DispatcherServlet.java:1106) ~[spring-webmvc-6.2.14.jar:6.2.14]
	at org.springframework.web.servlet.DispatcherServlet.doService(DispatcherServlet.java:979) ~[spring-webmvc-6.2.14.jar:6.2.14]
	at org.springframework.web.servlet.FrameworkServlet.processRequest(FrameworkServlet.java:1014) ~[spring-webmvc-6.2.14.jar:6.2.14]
	at org.springframework.web.servlet.FrameworkServlet.doPost(FrameworkServlet.java:914) ~[spring-webmvc-6.2.14.jar:6.2.14]
	at jakarta.servlet.http.HttpServlet.service(HttpServlet.java:590) ~[tomcat-embed-core-10.1.49.jar:6.0]
	at org.springframework.web.servlet.FrameworkServlet.service(FrameworkServlet.java:885) ~[spring-webmvc-6.2.14.jar:6.2.14]
	at jakarta.servlet.http.HttpServlet.service(HttpServlet.java:658) ~[tomcat-embed-core-10.1.49.jar:6.0]
	at org.apache.catalina.core.ApplicationFilterChain.internalDoFilter(ApplicationFilterChain.java:193) ~[tomcat-embed-core-10.1.49.jar:10.1.49]
	at org.apache.catalina.core.ApplicationFilterChain.doFilter(ApplicationFilterChain.java:138) ~[tomcat-embed-core-10.1.49.jar:10.1.49]
	at org.apache.tomcat.websocket.server.WsFilter.doFilter(WsFilter.java:51) ~[tomcat-embed-websocket-10.1.49.jar:10.1.49]
	at org.apache.catalina.core.ApplicationFilterChain.internalDoFilter(ApplicationFilterChain.java:162) ~[tomcat-embed-core-10.1.49.jar:10.1.49]
	at org.apache.catalina.core.ApplicationFilterChain.doFilter(ApplicationFilterChain.java:138) ~[tomcat-embed-core-10.1.49.jar:10.1.49]
	at org.springframework.web.filter.CompositeFilter$VirtualFilterChain.doFilter(CompositeFilter.java:108) ~[spring-web-6.2.14.jar:6.2.14]
	at org.springframework.web.filter.CompositeFilter$VirtualFilterChain.doFilter(CompositeFilter.java:108) ~[spring-web-6.2.14.jar:6.2.14]
	at org.springframework.security.web.FilterChainProxy.lambda$doFilterInternal$3(FilterChainProxy.java:231) ~[spring-security-web-6.5.7.jar:6.5.7]
	at org.springframework.security.web.FilterChainProxy$VirtualFilterChain.doFilter(FilterChainProxy.java:365) ~[spring-security-web-6.5.7.jar:6.5.7]
	at org.springframework.security.web.access.intercept.AuthorizationFilter.doFilter(AuthorizationFilter.java:101) ~[spring-security-web-6.5.7.jar:6.5.7]
	at org.springframework.security.web.FilterChainProxy$VirtualFilterChain.doFilter(FilterChainProxy.java:374) ~[spring-security-web-6.5.7.jar:6.5.7]
	at org.springframework.security.web.access.ExceptionTranslationFilter.doFilter(ExceptionTranslationFilter.java:125) ~[spring-security-web-6.5.7.jar:6.5.7]
	at org.springframework.security.web.access.ExceptionTranslationFilter.doFilter(ExceptionTranslationFilter.java:119) ~[spring-security-web-6.5.7.jar:6.5.7]
	at org.springframework.security.web.FilterChainProxy$VirtualFilterChain.doFilter(FilterChainProxy.java:374) ~[spring-security-web-6.5.7.jar:6.5.7]
	at org.springframework.security.web.authentication.AnonymousAuthenticationFilter.doFilter(AnonymousAuthenticationFilter.java:100) ~[spring-security-web-6.5.7.jar:6.5.7]
	at org.springframework.security.web.FilterChainProxy$VirtualFilterChain.doFilter(FilterChainProxy.java:374) ~[spring-security-web-6.5.7.jar:6.5.7]
	at org.springframework.security.web.servletapi.SecurityContextHolderAwareRequestFilter.doFilter(SecurityContextHolderAwareRequestFilter.java:179) ~[spring-security-web-6.5.7.jar:6.5.7]
	at org.springframework.security.web.FilterChainProxy$VirtualFilterChain.doFilter(FilterChainProxy.java:374) ~[spring-security-web-6.5.7.jar:6.5.7]
	at org.springframework.security.web.savedrequest.RequestCacheAwareFilter.doFilter(RequestCacheAwareFilter.java:63) ~[spring-security-web-6.5.7.jar:6.5.7]
	at org.springframework.security.web.FilterChainProxy$VirtualFilterChain.doFilter(FilterChainProxy.java:374) ~[spring-security-web-6.5.7.jar:6.5.7]
	at org.springframework.security.web.authentication.AuthenticationFilter.doFilterInternal(AuthenticationFilter.java:177) ~[spring-security-web-6.5.7.jar:6.5.7]
	at org.springframework.web.filter.OncePerRequestFilter.doFilter(OncePerRequestFilter.java:116) ~[spring-web-6.2.14.jar:6.2.14]
	at org.springframework.security.web.FilterChainProxy$VirtualFilterChain.doFilter(FilterChainProxy.java:374) ~[spring-security-web-6.5.7.jar:6.5.7]
	at org.springframework.security.oauth2.server.resource.web.authentication.BearerTokenAuthenticationFilter.doFilterInternal(BearerTokenAuthenticationFilter.java:158) ~[spring-security-oauth2-resource-server-6.5.7.jar:6.5.7]
	at org.springframework.web.filter.OncePerRequestFilter.doFilter(OncePerRequestFilter.java:116) ~[spring-web-6.2.14.jar:6.2.14]
	at org.springframework.security.web.FilterChainProxy$VirtualFilterChain.doFilter(FilterChainProxy.java:374) ~[spring-security-web-6.5.7.jar:6.5.7]
	at org.springframework.security.web.authentication.logout.LogoutFilter.doFilter(LogoutFilter.java:107) ~[spring-security-web-6.5.7.jar:6.5.7]
	at org.springframework.security.web.authentication.logout.LogoutFilter.doFilter(LogoutFilter.java:93) ~[spring-security-web-6.5.7.jar:6.5.7]
	at org.springframework.security.web.FilterChainProxy$VirtualFilterChain.doFilter(FilterChainProxy.java:374) ~[spring-security-web-6.5.7.jar:6.5.7]
	at org.springframework.web.filter.CorsFilter.doFilterInternal(CorsFilter.java:91) ~[spring-web-6.2.14.jar:6.2.14]
	at org.springframework.web.filter.OncePerRequestFilter.doFilter(OncePerRequestFilter.java:116) ~[spring-web-6.2.14.jar:6.2.14]
	at org.springframework.security.web.FilterChainProxy$VirtualFilterChain.doFilter(FilterChainProxy.java:374) ~[spring-security-web-6.5.7.jar:6.5.7]
	at org.springframework.security.web.header.HeaderWriterFilter.doHeadersAfter(HeaderWriterFilter.java:90) ~[spring-security-web-6.5.7.jar:6.5.7]
	at org.springframework.security.web.header.HeaderWriterFilter.doFilterInternal(HeaderWriterFilter.java:75) ~[spring-security-web-6.5.7.jar:6.5.7]
	at org.springframework.web.filter.OncePerRequestFilter.doFilter(OncePerRequestFilter.java:116) ~[spring-web-6.2.14.jar:6.2.14]
	at org.springframework.security.web.FilterChainProxy$VirtualFilterChain.doFilter(FilterChainProxy.java:374) ~[spring-security-web-6.5.7.jar:6.5.7]
	at org.springframework.security.web.context.SecurityContextHolderFilter.doFilter(SecurityContextHolderFilter.java:82) ~[spring-security-web-6.5.7.jar:6.5.7]
	at org.springframework.security.web.context.SecurityContextHolderFilter.doFilter(SecurityContextHolderFilter.java:69) ~[spring-security-web-6.5.7.jar:6.5.7]
	at org.springframework.security.web.FilterChainProxy$VirtualFilterChain.doFilter(FilterChainProxy.java:374) ~[spring-security-web-6.5.7.jar:6.5.7]
	at org.springframework.security.web.context.request.async.WebAsyncManagerIntegrationFilter.doFilterInternal(WebAsyncManagerIntegrationFilter.java:62) ~[spring-security-web-6.5.7.jar:6.5.7]
	at org.springframework.web.filter.OncePerRequestFilter.doFilter(OncePerRequestFilter.java:116) ~[spring-web-6.2.14.jar:6.2.14]
	at org.springframework.security.web.FilterChainProxy$VirtualFilterChain.doFilter(FilterChainProxy.java:374) ~[spring-security-web-6.5.7.jar:6.5.7]
	at org.springframework.security.web.session.DisableEncodeUrlFilter.doFilterInternal(DisableEncodeUrlFilter.java:42) ~[spring-security-web-6.5.7.jar:6.5.7]
	at org.springframework.web.filter.OncePerRequestFilter.doFilter(OncePerRequestFilter.java:116) ~[spring-web-6.2.14.jar:6.2.14]
	at org.springframework.security.web.FilterChainProxy$VirtualFilterChain.doFilter(FilterChainProxy.java:374) ~[spring-security-web-6.5.7.jar:6.5.7]
	at org.springframework.security.web.FilterChainProxy.doFilterInternal(FilterChainProxy.java:233) ~[spring-security-web-6.5.7.jar:6.5.7]
	at org.springframework.security.web.FilterChainProxy.doFilter(FilterChainProxy.java:191) ~[spring-security-web-6.5.7.jar:6.5.7]
	at org.springframework.web.filter.CompositeFilter$VirtualFilterChain.doFilter(CompositeFilter.java:113) ~[spring-web-6.2.14.jar:6.2.14]
	at org.springframework.web.filter.ServletRequestPathFilter.doFilter(ServletRequestPathFilter.java:52) ~[spring-web-6.2.14.jar:6.2.14]
	at org.springframework.web.filter.CompositeFilter$VirtualFilterChain.doFilter(CompositeFilter.java:113) ~[spring-web-6.2.14.jar:6.2.14]
	at org.springframework.web.filter.CompositeFilter.doFilter(CompositeFilter.java:74) ~[spring-web-6.2.14.jar:6.2.14]
	at org.springframework.security.config.annotation.web.configuration.WebSecurityConfiguration$CompositeFilterChainProxy.doFilter(WebSecurityConfiguration.java:319) ~[spring-security-config-6.5.7.jar:6.5.7]
	at org.springframework.web.filter.CompositeFilter$VirtualFilterChain.doFilter(CompositeFilter.java:113) ~[spring-web-6.2.14.jar:6.2.14]
	at org.springframework.web.servlet.handler.HandlerMappingIntrospector.lambda$createCacheFilter$4(HandlerMappingIntrospector.java:267) ~[spring-webmvc-6.2.14.jar:6.2.14]
	at org.springframework.web.filter.CompositeFilter$VirtualFilterChain.doFilter(CompositeFilter.java:113) ~[spring-web-6.2.14.jar:6.2.14]
	at org.springframework.web.filter.CompositeFilter.doFilter(CompositeFilter.java:74) ~[spring-web-6.2.14.jar:6.2.14]
	at org.springframework.security.config.annotation.web.configuration.WebMvcSecurityConfiguration$CompositeFilterChainProxy.doFilter(WebMvcSecurityConfiguration.java:240) ~[spring-security-config-6.5.7.jar:6.5.7]
	at org.springframework.web.filter.DelegatingFilterProxy.invokeDelegate(DelegatingFilterProxy.java:362) ~[spring-web-6.2.14.jar:6.2.14]
	at org.springframework.web.filter.DelegatingFilterProxy.doFilter(DelegatingFilterProxy.java:278) ~[spring-web-6.2.14.jar:6.2.14]
	at org.apache.catalina.core.ApplicationFilterChain.internalDoFilter(ApplicationFilterChain.java:162) ~[tomcat-embed-core-10.1.49.jar:10.1.49]
	at org.apache.catalina.core.ApplicationFilterChain.doFilter(ApplicationFilterChain.java:138) ~[tomcat-embed-core-10.1.49.jar:10.1.49]
	at org.springframework.web.filter.RequestContextFilter.doFilterInternal(RequestContextFilter.java:100) ~[spring-web-6.2.14.jar:6.2.14]
	at org.springframework.web.filter.OncePerRequestFilter.doFilter(OncePerRequestFilter.java:116) ~[spring-web-6.2.14.jar:6.2.14]
	at org.apache.catalina.core.ApplicationFilterChain.internalDoFilter(ApplicationFilterChain.java:162) ~[tomcat-embed-core-10.1.49.jar:10.1.49]
	at org.apache.catalina.core.ApplicationFilterChain.doFilter(ApplicationFilterChain.java:138) ~[tomcat-embed-core-10.1.49.jar:10.1.49]
	at org.springframework.web.filter.FormContentFilter.doFilterInternal(FormContentFilter.java:93) ~[spring-web-6.2.14.jar:6.2.14]
	at org.springframework.web.filter.OncePerRequestFilter.doFilter(OncePerRequestFilter.java:116) ~[spring-web-6.2.14.jar:6.2.14]
	at org.apache.catalina.core.ApplicationFilterChain.internalDoFilter(ApplicationFilterChain.java:162) ~[tomcat-embed-core-10.1.49.jar:10.1.49]
	at org.apache.catalina.core.ApplicationFilterChain.doFilter(ApplicationFilterChain.java:138) ~[tomcat-embed-core-10.1.49.jar:10.1.49]
	at org.springframework.web.filter.CharacterEncodingFilter.doFilterInternal(CharacterEncodingFilter.java:201) ~[spring-web-6.2.14.jar:6.2.14]
	at org.springframework.web.filter.OncePerRequestFilter.doFilter(OncePerRequestFilter.java:116) ~[spring-web-6.2.14.jar:6.2.14]
	at org.apache.catalina.core.ApplicationFilterChain.internalDoFilter(ApplicationFilterChain.java:162) ~[tomcat-embed-core-10.1.49.jar:10.1.49]
	at org.apache.catalina.core.ApplicationFilterChain.doFilter(ApplicationFilterChain.java:138) ~[tomcat-embed-core-10.1.49.jar:10.1.49]
	at org.apache.catalina.core.StandardWrapperValve.invoke(StandardWrapperValve.java:165) ~[tomcat-embed-core-10.1.49.jar:10.1.49]
	at org.apache.catalina.core.StandardContextValve.invoke(StandardContextValve.java:88) ~[tomcat-embed-core-10.1.49.jar:10.1.49]
	at org.apache.catalina.authenticator.AuthenticatorBase.invoke(AuthenticatorBase.java:482) ~[tomcat-embed-core-10.1.49.jar:10.1.49]
	at org.apache.catalina.core.StandardHostValve.invoke(StandardHostValve.java:113) ~[tomcat-embed-core-10.1.49.jar:10.1.49]
	at org.apache.catalina.valves.ErrorReportValve.invoke(ErrorReportValve.java:83) ~[tomcat-embed-core-10.1.49.jar:10.1.49]
	at org.apache.catalina.core.StandardEngineValve.invoke(StandardEngineValve.java:72) ~[tomcat-embed-core-10.1.49.jar:10.1.49]
	at org.apache.catalina.connector.CoyoteAdapter.service(CoyoteAdapter.java:342) ~[tomcat-embed-core-10.1.49.jar:10.1.49]
	at org.apache.coyote.http11.Http11Processor.service(Http11Processor.java:399) ~[tomcat-embed-core-10.1.49.jar:10.1.49]
	at org.apache.coyote.AbstractProcessorLight.process(AbstractProcessorLight.java:63) ~[tomcat-embed-core-10.1.49.jar:10.1.49]
	at org.apache.coyote.AbstractProtocol$ConnectionHandler.process(AbstractProtocol.java:903) ~[tomcat-embed-core-10.1.49.jar:10.1.49]
	at org.apache.tomcat.util.net.NioEndpoint$SocketProcessor.doRun(NioEndpoint.java:1774) ~[tomcat-embed-core-10.1.49.jar:10.1.49]
	at org.apache.tomcat.util.net.SocketProcessorBase.run(SocketProcessorBase.java:52) ~[tomcat-embed-core-10.1.49.jar:10.1.49]
	at java.base/java.lang.VirtualThread.run(VirtualThread.java:329) ~[?:?]
Caused by: org.springframework.dao.DataIntegrityViolationException: could not execute statement [ORA-01400: cannot insert NULL into ("PLAYGROUND"."CLIENT_USERS"."DOB")

https://docs.oracle.com/error-help/db/ora-01400/] [insert into playground.client_users (account_expiry_date,account_number,account_open_date,account_title,address,address_type,city,client_id,client_name,country,district,division,dob,email,father_name,gender,limit_amount,marital_status,mobile_number,mother_name,nid_number,office_code,thana,zip_code,id) values (?,?,?,?,?,?,?,?,?,?,?,?,?,?,?,?,?,?,?,?,?,?,?,?,default)]; SQL [insert into playground.client_users (account_expiry_date,account_number,account_open_date,account_title,address,address_type,city,client_id,client_name,country,district,division,dob,email,father_name,gender,limit_amount,marital_status,mobile_number,mother_name,nid_number,office_code,thana,zip_code,id) values (?,?,?,?,?,?,?,?,?,?,?,?,?,?,?,?,?,?,?,?,?,?,?,?,default)]; constraint [null]
	at org.springframework.orm.jpa.vendor.HibernateJpaDialect.convertHibernateAccessException(HibernateJpaDialect.java:294) ~[spring-orm-6.2.14.jar:6.2.14]
	at org.springframework.orm.jpa.vendor.HibernateJpaDialect.convertHibernateAccessException(HibernateJpaDialect.java:256) ~[spring-orm-6.2.14.jar:6.2.14]
	at org.springframework.orm.jpa.vendor.HibernateJpaDialect.translateExceptionIfPossible(HibernateJpaDialect.java:241) ~[spring-orm-6.2.14.jar:6.2.14]
	at org.springframework.orm.jpa.AbstractEntityManagerFactoryBean.translateExceptionIfPossible(AbstractEntityManagerFactoryBean.java:560) ~[spring-orm-6.2.14.jar:6.2.14]
	at org.springframework.dao.support.ChainedPersistenceExceptionTranslator.translateExceptionIfPossible(ChainedPersistenceExceptionTranslator.java:61) ~[spring-tx-6.2.14.jar:6.2.14]
	at org.springframework.dao.support.DataAccessUtils.translateIfNecessary(DataAccessUtils.java:343) ~[spring-tx-6.2.14.jar:6.2.14]
	at org.springframework.dao.support.PersistenceExceptionTranslationInterceptor.invoke(PersistenceExceptionTranslationInterceptor.java:160) ~[spring-tx-6.2.14.jar:6.2.14]
	at org.springframework.aop.framework.ReflectiveMethodInvocation.proceed(ReflectiveMethodInvocation.java:184) ~[spring-aop-6.2.14.jar:6.2.14]
	at org.springframework.data.jpa.repository.support.CrudMethodMetadataPostProcessor$CrudMethodMetadataPopulatingMethodInterceptor.invoke(CrudMethodMetadataPostProcessor.java:165) ~[spring-data-jpa-3.5.6.jar:3.5.6]
	at org.springframework.aop.framework.ReflectiveMethodInvocation.proceed(ReflectiveMethodInvocation.java:184) ~[spring-aop-6.2.14.jar:6.2.14]
	at org.springframework.aop.framework.JdkDynamicAopProxy.invoke(JdkDynamicAopProxy.java:223) ~[spring-aop-6.2.14.jar:6.2.14]
	at jdk.proxy5/jdk.proxy5.$Proxy218.save(Unknown Source) ~[?:?]
	at com.leads.sandbox.test.project.registration.ClientServiceImpl.registerClientId(ClientServiceImpl.java:27) ~[classes/:?]
	at com.leads.sandbox.test.project.registration.ClientRegistrationController.generateClientId(ClientRegistrationController.java:22) ~[classes/:?]
	at java.base/jdk.internal.reflect.DirectMethodHandleAccessor.invoke(DirectMethodHandleAccessor.java:103) ~[?:?]
	at java.base/java.lang.reflect.Method.invoke(Method.java:580) ~[?:?]
	at org.springframework.web.method.support.InvocableHandlerMethod.doInvoke(InvocableHandlerMethod.java:258) ~[spring-web-6.2.14.jar:6.2.14]
	at org.springframework.web.method.support.InvocableHandlerMethod.invokeForRequest(InvocableHandlerMethod.java:191) ~[spring-web-6.2.14.jar:6.2.14]
	at org.springframework.web.servlet.mvc.method.annotation.ServletInvocableHandlerMethod.invokeAndHandle(ServletInvocableHandlerMethod.java:118) ~[spring-webmvc-6.2.14.jar:6.2.14]
	at org.springframework.web.servlet.mvc.method.annotation.RequestMappingHandlerAdapter.invokeHandlerMethod(RequestMappingHandlerAdapter.java:991) ~[spring-webmvc-6.2.14.jar:6.2.14]
	at org.springframework.web.servlet.mvc.method.annotation.RequestMappingHandlerAdapter.handleInternal(RequestMappingHandlerAdapter.java:896) ~[spring-webmvc-6.2.14.jar:6.2.14]
	at org.springframework.web.servlet.mvc.method.AbstractHandlerMethodAdapter.handle(AbstractHandlerMethodAdapter.java:87) ~[spring-webmvc-6.2.14.jar:6.2.14]
	at org.springframework.web.servlet.DispatcherServlet.doDispatch(DispatcherServlet.java:1089) ~[spring-webmvc-6.2.14.jar:6.2.14]
	... 92 more
Caused by: org.hibernate.exception.ConstraintViolationException: could not execute statement [ORA-01400: cannot insert NULL into ("PLAYGROUND"."CLIENT_USERS"."DOB")

https://docs.oracle.com/error-help/db/ora-01400/] [insert into playground.client_users (account_expiry_date,account_number,account_open_date,account_title,address,address_type,city,client_id,client_name,country,district,division,dob,email,father_name,gender,limit_amount,marital_status,mobile_number,mother_name,nid_number,office_code,thana,zip_code,id) values (?,?,?,?,?,?,?,?,?,?,?,?,?,?,?,?,?,?,?,?,?,?,?,?,default)]
	at org.hibernate.exception.internal.SQLExceptionTypeDelegate.convert(SQLExceptionTypeDelegate.java:62) ~[hibernate-core-6.6.36.Final.jar:6.6.36.Final]
	at org.hibernate.exception.internal.StandardSQLExceptionConverter.convert(StandardSQLExceptionConverter.java:58) ~[hibernate-core-6.6.36.Final.jar:6.6.36.Final]
	at org.hibernate.engine.jdbc.spi.SqlExceptionHelper.convert(SqlExceptionHelper.java:108) ~[hibernate-core-6.6.36.Final.jar:6.6.36.Final]
	at org.hibernate.engine.jdbc.internal.ResultSetReturnImpl.executeUpdate(ResultSetReturnImpl.java:197) ~[hibernate-core-6.6.36.Final.jar:6.6.36.Final]
	at org.hibernate.id.insert.GetGeneratedKeysDelegate.performMutation(GetGeneratedKeysDelegate.java:116) ~[hibernate-core-6.6.36.Final.jar:6.6.36.Final]
	at org.hibernate.engine.jdbc.mutation.internal.MutationExecutorSingleNonBatched.performNonBatchedOperations(MutationExecutorSingleNonBatched.java:47) ~[hibernate-core-6.6.36.Final.jar:6.6.36.Final]
	at org.hibernate.engine.jdbc.mutation.internal.AbstractMutationExecutor.execute(AbstractMutationExecutor.java:55) ~[hibernate-core-6.6.36.Final.jar:6.6.36.Final]
	at org.hibernate.persister.entity.mutation.InsertCoordinatorStandard.doStaticInserts(InsertCoordinatorStandard.java:194) ~[hibernate-core-6.6.36.Final.jar:6.6.36.Final]
	at org.hibernate.persister.entity.mutation.InsertCoordinatorStandard.coordinateInsert(InsertCoordinatorStandard.java:132) ~[hibernate-core-6.6.36.Final.jar:6.6.36.Final]
	at org.hibernate.persister.entity.mutation.InsertCoordinatorStandard.insert(InsertCoordinatorStandard.java:95) ~[hibernate-core-6.6.36.Final.jar:6.6.36.Final]
	at org.hibernate.action.internal.EntityIdentityInsertAction.execute(EntityIdentityInsertAction.java:85) ~[hibernate-core-6.6.36.Final.jar:6.6.36.Final]
	at org.hibernate.engine.spi.ActionQueue.execute(ActionQueue.java:682) ~[hibernate-core-6.6.36.Final.jar:6.6.36.Final]
	at org.hibernate.engine.spi.ActionQueue.addResolvedEntityInsertAction(ActionQueue.java:293) ~[hibernate-core-6.6.36.Final.jar:6.6.36.Final]
	at org.hibernate.engine.spi.ActionQueue.addInsertAction(ActionQueue.java:274) ~[hibernate-core-6.6.36.Final.jar:6.6.36.Final]
	at org.hibernate.engine.spi.ActionQueue.addAction(ActionQueue.java:324) ~[hibernate-core-6.6.36.Final.jar:6.6.36.Final]
	at org.hibernate.event.internal.AbstractSaveEventListener.addInsertAction(AbstractSaveEventListener.java:394) ~[hibernate-core-6.6.36.Final.jar:6.6.36.Final]
	at org.hibernate.event.internal.AbstractSaveEventListener.performSaveOrReplicate(AbstractSaveEventListener.java:308) ~[hibernate-core-6.6.36.Final.jar:6.6.36.Final]
	at org.hibernate.event.internal.AbstractSaveEventListener.performSave(AbstractSaveEventListener.java:224) ~[hibernate-core-6.6.36.Final.jar:6.6.36.Final]
	at org.hibernate.event.internal.AbstractSaveEventListener.saveWithGeneratedId(AbstractSaveEventListener.java:136) ~[hibernate-core-6.6.36.Final.jar:6.6.36.Final]
	at org.hibernate.event.internal.DefaultPersistEventListener.entityIsTransient(DefaultPersistEventListener.java:177) ~[hibernate-core-6.6.36.Final.jar:6.6.36.Final]
	at org.hibernate.event.internal.DefaultPersistEventListener.persist(DefaultPersistEventListener.java:95) ~[hibernate-core-6.6.36.Final.jar:6.6.36.Final]
	at org.hibernate.event.internal.DefaultPersistEventListener.onPersist(DefaultPersistEventListener.java:79) ~[hibernate-core-6.6.36.Final.jar:6.6.36.Final]
	at org.hibernate.event.internal.DefaultPersistEventListener.onPersist(DefaultPersistEventListener.java:55) ~[hibernate-core-6.6.36.Final.jar:6.6.36.Final]
	at org.hibernate.event.service.internal.EventListenerGroupImpl.fireEventOnEachListener(EventListenerGroupImpl.java:127) ~[hibernate-core-6.6.36.Final.jar:6.6.36.Final]
	at org.hibernate.internal.SessionImpl.firePersist(SessionImpl.java:761) ~[hibernate-core-6.6.36.Final.jar:6.6.36.Final]
	at org.hibernate.internal.SessionImpl.persist(SessionImpl.java:745) ~[hibernate-core-6.6.36.Final.jar:6.6.36.Final]
	at java.base/jdk.internal.reflect.DirectMethodHandleAccessor.invoke(DirectMethodHandleAccessor.java:103) ~[?:?]
	at java.base/java.lang.reflect.Method.invoke(Method.java:580) ~[?:?]
	at org.springframework.orm.jpa.ExtendedEntityManagerCreator$ExtendedEntityManagerInvocationHandler.invoke(ExtendedEntityManagerCreator.java:364) ~[spring-orm-6.2.14.jar:6.2.14]
	at jdk.proxy5/jdk.proxy5.$Proxy213.persist(Unknown Source) ~[?:?]
	at java.base/jdk.internal.reflect.DirectMethodHandleAccessor.invoke(DirectMethodHandleAccessor.java:103) ~[?:?]
	at java.base/java.lang.reflect.Method.invoke(Method.java:580) ~[?:?]
	at org.springframework.orm.jpa.SharedEntityManagerCreator$SharedEntityManagerInvocationHandler.invoke(SharedEntityManagerCreator.java:320) ~[spring-orm-6.2.14.jar:6.2.14]
	at jdk.proxy5/jdk.proxy5.$Proxy213.persist(Unknown Source) ~[?:?]
	at org.springframework.data.jpa.repository.support.SimpleJpaRepository.save(SimpleJpaRepository.java:654) ~[spring-data-jpa-3.5.6.jar:3.5.6]
	at java.base/jdk.internal.reflect.DirectMethodHandleAccessor.invoke(DirectMethodHandleAccessor.java:103) ~[?:?]
	at java.base/java.lang.reflect.Method.invoke(Method.java:580) ~[?:?]
	at org.springframework.aop.support.AopUtils.invokeJoinpointUsingReflection(AopUtils.java:360) ~[spring-aop-6.2.14.jar:6.2.14]
	at org.springframework.data.repository.core.support.RepositoryMethodInvoker$RepositoryFragmentMethodInvoker.lambda$new$0(RepositoryMethodInvoker.java:277) ~[spring-data-commons-3.5.6.jar:3.5.6]
	at org.springframework.data.repository.core.support.RepositoryMethodInvoker.doInvoke(RepositoryMethodInvoker.java:170) ~[spring-data-commons-3.5.6.jar:3.5.6]
	at org.springframework.data.repository.core.support.RepositoryMethodInvoker.invoke(RepositoryMethodInvoker.java:158) ~[spring-data-commons-3.5.6.jar:3.5.6]
	at org.springframework.data.repository.core.support.RepositoryComposition$RepositoryFragments.invoke(RepositoryComposition.java:515) ~[spring-data-commons-3.5.6.jar:3.5.6]
	at org.springframework.data.repository.core.support.RepositoryComposition.invoke(RepositoryComposition.java:284) ~[spring-data-commons-3.5.6.jar:3.5.6]
	at org.springframework.data.repository.core.support.RepositoryFactorySupport$ImplementationMethodExecutionInterceptor.invoke(RepositoryFactorySupport.java:734) ~[spring-data-commons-3.5.6.jar:3.5.6]
	at org.springframework.aop.framework.ReflectiveMethodInvocation.proceed(ReflectiveMethodInvocation.java:184) ~[spring-aop-6.2.14.jar:6.2.14]
	at org.springframework.data.repository.core.support.QueryExecutorMethodInterceptor.doInvoke(QueryExecutorMethodInterceptor.java:174) ~[spring-data-commons-3.5.6.jar:3.5.6]
	at org.springframework.data.repository.core.support.QueryExecutorMethodInterceptor.invoke(QueryExecutorMethodInterceptor.java:149) ~[spring-data-commons-3.5.6.jar:3.5.6]
	at org.springframework.aop.framework.ReflectiveMethodInvocation.proceed(ReflectiveMethodInvocation.java:184) ~[spring-aop-6.2.14.jar:6.2.14]
	at org.springframework.data.projection.DefaultMethodInvokingMethodInterceptor.invoke(DefaultMethodInvokingMethodInterceptor.java:69) ~[spring-data-commons-3.5.6.jar:3.5.6]
	at org.springframework.aop.framework.ReflectiveMethodInvocation.proceed(ReflectiveMethodInvocation.java:184) ~[spring-aop-6.2.14.jar:6.2.14]
	at org.springframework.transaction.interceptor.TransactionAspectSupport.invokeWithinTransaction(TransactionAspectSupport.java:380) ~[spring-tx-6.2.14.jar:6.2.14]
	at org.springframework.transaction.interceptor.TransactionInterceptor.invoke(TransactionInterceptor.java:119) ~[spring-tx-6.2.14.jar:6.2.14]
	at org.springframework.aop.framework.ReflectiveMethodInvocation.proceed(ReflectiveMethodInvocation.java:184) ~[spring-aop-6.2.14.jar:6.2.14]
	at org.springframework.dao.support.PersistenceExceptionTranslationInterceptor.invoke(PersistenceExceptionTranslationInterceptor.java:138) ~[spring-tx-6.2.14.jar:6.2.14]
	at org.springframework.aop.framework.ReflectiveMethodInvocation.proceed(ReflectiveMethodInvocation.java:184) ~[spring-aop-6.2.14.jar:6.2.14]
	at org.springframework.data.jpa.repository.support.CrudMethodMetadataPostProcessor$CrudMethodMetadataPopulatingMethodInterceptor.invoke(CrudMethodMetadataPostProcessor.java:165) ~[spring-data-jpa-3.5.6.jar:3.5.6]
	at org.springframework.aop.framework.ReflectiveMethodInvocation.proceed(ReflectiveMethodInvocation.java:184) ~[spring-aop-6.2.14.jar:6.2.14]
	at org.springframework.aop.framework.JdkDynamicAopProxy.invoke(JdkDynamicAopProxy.java:223) ~[spring-aop-6.2.14.jar:6.2.14]
	at jdk.proxy5/jdk.proxy5.$Proxy218.save(Unknown Source) ~[?:?]
	at com.leads.sandbox.test.project.registration.ClientServiceImpl.registerClientId(ClientServiceImpl.java:27) ~[classes/:?]
	at com.leads.sandbox.test.project.registration.ClientRegistrationController.generateClientId(ClientRegistrationController.java:22) ~[classes/:?]
	at java.base/jdk.internal.reflect.DirectMethodHandleAccessor.invoke(DirectMethodHandleAccessor.java:103) ~[?:?]
	at java.base/java.lang.reflect.Method.invoke(Method.java:580) ~[?:?]
	at org.springframework.web.method.support.InvocableHandlerMethod.doInvoke(InvocableHandlerMethod.java:258) ~[spring-web-6.2.14.jar:6.2.14]
	at org.springframework.web.method.support.InvocableHandlerMethod.invokeForRequest(InvocableHandlerMethod.java:191) ~[spring-web-6.2.14.jar:6.2.14]
	at org.springframework.web.servlet.mvc.method.annotation.ServletInvocableHandlerMethod.invokeAndHandle(ServletInvocableHandlerMethod.java:118) ~[spring-webmvc-6.2.14.jar:6.2.14]
	at org.springframework.web.servlet.mvc.method.annotation.RequestMappingHandlerAdapter.invokeHandlerMethod(RequestMappingHandlerAdapter.java:991) ~[spring-webmvc-6.2.14.jar:6.2.14]
	at org.springframework.web.servlet.mvc.method.annotation.RequestMappingHandlerAdapter.handleInternal(RequestMappingHandlerAdapter.java:896) ~[spring-webmvc-6.2.14.jar:6.2.14]
	at org.springframework.web.servlet.mvc.method.AbstractHandlerMethodAdapter.handle(AbstractHandlerMethodAdapter.java:87) ~[spring-webmvc-6.2.14.jar:6.2.14]
	at org.springframework.web.servlet.DispatcherServlet.doDispatch(DispatcherServlet.java:1089) ~[spring-webmvc-6.2.14.jar:6.2.14]
	... 92 more
Caused by: java.sql.SQLIntegrityConstraintViolationException: ORA-01400: cannot insert NULL into ("PLAYGROUND"."CLIENT_USERS"."DOB")

https://docs.oracle.com/error-help/db/ora-01400/
	at oracle.jdbc.driver.T4CTTIoer11.processError(T4CTTIoer11.java:715) ~[ojdbc17-23.9.0.25.07.jar:23.9.0.25.07]
	at oracle.jdbc.driver.T4CTTIoer11.processError(T4CTTIoer11.java:615) ~[ojdbc17-23.9.0.25.07.jar:23.9.0.25.07]
	at oracle.jdbc.driver.T4C8Oall.processError(T4C8Oall.java:1372) ~[ojdbc17-23.9.0.25.07.jar:23.9.0.25.07]
	at oracle.jdbc.driver.T4CTTIfun.receive(T4CTTIfun.java:972) ~[ojdbc17-23.9.0.25.07.jar:23.9.0.25.07]
	at oracle.jdbc.driver.T4CTTIfun.doRPC(T4CTTIfun.java:237) ~[ojdbc17-23.9.0.25.07.jar:23.9.0.25.07]
	at oracle.jdbc.driver.T4C8Oall.doOALL(T4C8Oall.java:524) ~[ojdbc17-23.9.0.25.07.jar:23.9.0.25.07]
	at oracle.jdbc.driver.T4CPreparedStatement.doOall8(T4CPreparedStatement.java:298) ~[ojdbc17-23.9.0.25.07.jar:23.9.0.25.07]
	at oracle.jdbc.driver.T4CPreparedStatement.executeForRows(T4CPreparedStatement.java:1510) ~[ojdbc17-23.9.0.25.07.jar:23.9.0.25.07]
	at oracle.jdbc.driver.OracleStatement.executeSQLStatement(OracleStatement.java:2020) ~[ojdbc17-23.9.0.25.07.jar:23.9.0.25.07]
	at oracle.jdbc.driver.OracleStatement.doExecuteWithTimeout(OracleStatement.java:1633) ~[ojdbc17-23.9.0.25.07.jar:23.9.0.25.07]
	at oracle.jdbc.driver.OraclePreparedStatement.executeInternal(OraclePreparedStatement.java:3973) ~[ojdbc17-23.9.0.25.07.jar:23.9.0.25.07]
	at oracle.jdbc.driver.OraclePreparedStatement.doExecuteLargeUpdate(OraclePreparedStatement.java:4339) ~[ojdbc17-23.9.0.25.07.jar:23.9.0.25.07]
	at oracle.jdbc.driver.OraclePreparedStatement.executeLargeUpdate(OraclePreparedStatement.java:4316) ~[ojdbc17-23.9.0.25.07.jar:23.9.0.25.07]
	at oracle.jdbc.driver.OraclePreparedStatement.executeUpdate(OraclePreparedStatement.java:4291) ~[ojdbc17-23.9.0.25.07.jar:23.9.0.25.07]
	at oracle.jdbc.driver.OraclePreparedStatementWrapper.executeUpdate(OraclePreparedStatementWrapper.java:1007) ~[ojdbc17-23.9.0.25.07.jar:23.9.0.25.07]
	at com.zaxxer.hikari.pool.ProxyPreparedStatement.executeUpdate(ProxyPreparedStatement.java:61) ~[HikariCP-6.3.3.jar:?]
	at com.zaxxer.hikari.pool.HikariProxyPreparedStatement.executeUpdate(HikariProxyPreparedStatement.java) ~[HikariCP-6.3.3.jar:?]
	at org.hibernate.engine.jdbc.internal.ResultSetReturnImpl.executeUpdate(ResultSetReturnImpl.java:194) ~[hibernate-core-6.6.36.Final.jar:6.6.36.Final]
	at org.hibernate.id.insert.GetGeneratedKeysDelegate.performMutation(GetGeneratedKeysDelegate.java:116) ~[hibernate-core-6.6.36.Final.jar:6.6.36.Final]
	at org.hibernate.engine.jdbc.mutation.internal.MutationExecutorSingleNonBatched.performNonBatchedOperations(MutationExecutorSingleNonBatched.java:47) ~[hibernate-core-6.6.36.Final.jar:6.6.36.Final]
	at org.hibernate.engine.jdbc.mutation.internal.AbstractMutationExecutor.execute(AbstractMutationExecutor.java:55) ~[hibernate-core-6.6.36.Final.jar:6.6.36.Final]
	at org.hibernate.persister.entity.mutation.InsertCoordinatorStandard.doStaticInserts(InsertCoordinatorStandard.java:194) ~[hibernate-core-6.6.36.Final.jar:6.6.36.Final]
	at org.hibernate.persister.entity.mutation.InsertCoordinatorStandard.coordinateInsert(InsertCoordinatorStandard.java:132) ~[hibernate-core-6.6.36.Final.jar:6.6.36.Final]
	at org.hibernate.persister.entity.mutation.InsertCoordinatorStandard.insert(InsertCoordinatorStandard.java:95) ~[hibernate-core-6.6.36.Final.jar:6.6.36.Final]
	at org.hibernate.action.internal.EntityIdentityInsertAction.execute(EntityIdentityInsertAction.java:85) ~[hibernate-core-6.6.36.Final.jar:6.6.36.Final]
	at org.hibernate.engine.spi.ActionQueue.execute(ActionQueue.java:682) ~[hibernate-core-6.6.36.Final.jar:6.6.36.Final]
	at org.hibernate.engine.spi.ActionQueue.addResolvedEntityInsertAction(ActionQueue.java:293) ~[hibernate-core-6.6.36.Final.jar:6.6.36.Final]
	at org.hibernate.engine.spi.ActionQueue.addInsertAction(ActionQueue.java:274) ~[hibernate-core-6.6.36.Final.jar:6.6.36.Final]
	at org.hibernate.engine.spi.ActionQueue.addAction(ActionQueue.java:324) ~[hibernate-core-6.6.36.Final.jar:6.6.36.Final]
	at org.hibernate.event.internal.AbstractSaveEventListener.addInsertAction(AbstractSaveEventListener.java:394) ~[hibernate-core-6.6.36.Final.jar:6.6.36.Final]
	at org.hibernate.event.internal.AbstractSaveEventListener.performSaveOrReplicate(AbstractSaveEventListener.java:308) ~[hibernate-core-6.6.36.Final.jar:6.6.36.Final]
	at org.hibernate.event.internal.AbstractSaveEventListener.performSave(AbstractSaveEventListener.java:224) ~[hibernate-core-6.6.36.Final.jar:6.6.36.Final]
	at org.hibernate.event.internal.AbstractSaveEventListener.saveWithGeneratedId(AbstractSaveEventListener.java:136) ~[hibernate-core-6.6.36.Final.jar:6.6.36.Final]
	at org.hibernate.event.internal.DefaultPersistEventListener.entityIsTransient(DefaultPersistEventListener.java:177) ~[hibernate-core-6.6.36.Final.jar:6.6.36.Final]
	at org.hibernate.event.internal.DefaultPersistEventListener.persist(DefaultPersistEventListener.java:95) ~[hibernate-core-6.6.36.Final.jar:6.6.36.Final]
	at org.hibernate.event.internal.DefaultPersistEventListener.onPersist(DefaultPersistEventListener.java:79) ~[hibernate-core-6.6.36.Final.jar:6.6.36.Final]
	at org.hibernate.event.internal.DefaultPersistEventListener.onPersist(DefaultPersistEventListener.java:55) ~[hibernate-core-6.6.36.Final.jar:6.6.36.Final]
	at org.hibernate.event.service.internal.EventListenerGroupImpl.fireEventOnEachListener(EventListenerGroupImpl.java:127) ~[hibernate-core-6.6.36.Final.jar:6.6.36.Final]
	at org.hibernate.internal.SessionImpl.firePersist(SessionImpl.java:761) ~[hibernate-core-6.6.36.Final.jar:6.6.36.Final]
	at org.hibernate.internal.SessionImpl.persist(SessionImpl.java:745) ~[hibernate-core-6.6.36.Final.jar:6.6.36.Final]
	at java.base/jdk.internal.reflect.DirectMethodHandleAccessor.invoke(DirectMethodHandleAccessor.java:103) ~[?:?]
	at java.base/java.lang.reflect.Method.invoke(Method.java:580) ~[?:?]
	at org.springframework.orm.jpa.ExtendedEntityManagerCreator$ExtendedEntityManagerInvocationHandler.invoke(ExtendedEntityManagerCreator.java:364) ~[spring-orm-6.2.14.jar:6.2.14]
	at jdk.proxy5/jdk.proxy5.$Proxy213.persist(Unknown Source) ~[?:?]
	at java.base/jdk.internal.reflect.DirectMethodHandleAccessor.invoke(DirectMethodHandleAccessor.java:103) ~[?:?]
	at java.base/java.lang.reflect.Method.invoke(Method.java:580) ~[?:?]
	at org.springframework.orm.jpa.SharedEntityManagerCreator$SharedEntityManagerInvocationHandler.invoke(SharedEntityManagerCreator.java:320) ~[spring-orm-6.2.14.jar:6.2.14]
	at jdk.proxy5/jdk.proxy5.$Proxy213.persist(Unknown Source) ~[?:?]
	at org.springframework.data.jpa.repository.support.SimpleJpaRepository.save(SimpleJpaRepository.java:654) ~[spring-data-jpa-3.5.6.jar:3.5.6]
	at java.base/jdk.internal.reflect.DirectMethodHandleAccessor.invoke(DirectMethodHandleAccessor.java:103) ~[?:?]
	at java.base/java.lang.reflect.Method.invoke(Method.java:580) ~[?:?]
	at org.springframework.aop.support.AopUtils.invokeJoinpointUsingReflection(AopUtils.java:360) ~[spring-aop-6.2.14.jar:6.2.14]
	at org.springframework.data.repository.core.support.RepositoryMethodInvoker$RepositoryFragmentMethodInvoker.lambda$new$0(RepositoryMethodInvoker.java:277) ~[spring-data-commons-3.5.6.jar:3.5.6]
	at org.springframework.data.repository.core.support.RepositoryMethodInvoker.doInvoke(RepositoryMethodInvoker.java:170) ~[spring-data-commons-3.5.6.jar:3.5.6]
	at org.springframework.data.repository.core.support.RepositoryMethodInvoker.invoke(RepositoryMethodInvoker.java:158) ~[spring-data-commons-3.5.6.jar:3.5.6]
	at org.springframework.data.repository.core.support.RepositoryComposition$RepositoryFragments.invoke(RepositoryComposition.java:515) ~[spring-data-commons-3.5.6.jar:3.5.6]
	at org.springframework.data.repository.core.support.RepositoryComposition.invoke(RepositoryComposition.java:284) ~[spring-data-commons-3.5.6.jar:3.5.6]
	at org.springframework.data.repository.core.support.RepositoryFactorySupport$ImplementationMethodExecutionInterceptor.invoke(RepositoryFactorySupport.java:734) ~[spring-data-commons-3.5.6.jar:3.5.6]
	at org.springframework.aop.framework.ReflectiveMethodInvocation.proceed(ReflectiveMethodInvocation.java:184) ~[spring-aop-6.2.14.jar:6.2.14]
	at org.springframework.data.repository.core.support.QueryExecutorMethodInterceptor.doInvoke(QueryExecutorMethodInterceptor.java:174) ~[spring-data-commons-3.5.6.jar:3.5.6]
	at org.springframework.data.repository.core.support.QueryExecutorMethodInterceptor.invoke(QueryExecutorMethodInterceptor.java:149) ~[spring-data-commons-3.5.6.jar:3.5.6]
	at org.springframework.aop.framework.ReflectiveMethodInvocation.proceed(ReflectiveMethodInvocation.java:184) ~[spring-aop-6.2.14.jar:6.2.14]
	at org.springframework.data.projection.DefaultMethodInvokingMethodInterceptor.invoke(DefaultMethodInvokingMethodInterceptor.java:69) ~[spring-data-commons-3.5.6.jar:3.5.6]
	at org.springframework.aop.framework.ReflectiveMethodInvocation.proceed(ReflectiveMethodInvocation.java:184) ~[spring-aop-6.2.14.jar:6.2.14]
	at org.springframework.transaction.interceptor.TransactionAspectSupport.invokeWithinTransaction(TransactionAspectSupport.java:380) ~[spring-tx-6.2.14.jar:6.2.14]
	at org.springframework.transaction.interceptor.TransactionInterceptor.invoke(TransactionInterceptor.java:119) ~[spring-tx-6.2.14.jar:6.2.14]
	at org.springframework.aop.framework.ReflectiveMethodInvocation.proceed(ReflectiveMethodInvocation.java:184) ~[spring-aop-6.2.14.jar:6.2.14]
	at org.springframework.dao.support.PersistenceExceptionTranslationInterceptor.invoke(PersistenceExceptionTranslationInterceptor.java:138) ~[spring-tx-6.2.14.jar:6.2.14]
	at org.springframework.aop.framework.ReflectiveMethodInvocation.proceed(ReflectiveMethodInvocation.java:184) ~[spring-aop-6.2.14.jar:6.2.14]
	at org.springframework.data.jpa.repository.support.CrudMethodMetadataPostProcessor$CrudMethodMetadataPopulatingMethodInterceptor.invoke(CrudMethodMetadataPostProcessor.java:165) ~[spring-data-jpa-3.5.6.jar:3.5.6]
	at org.springframework.aop.framework.ReflectiveMethodInvocation.proceed(ReflectiveMethodInvocation.java:184) ~[spring-aop-6.2.14.jar:6.2.14]
	at org.springframework.aop.framework.JdkDynamicAopProxy.invoke(JdkDynamicAopProxy.java:223) ~[spring-aop-6.2.14.jar:6.2.14]
	at jdk.proxy5/jdk.proxy5.$Proxy218.save(Unknown Source) ~[?:?]
	at com.leads.sandbox.test.project.registration.ClientServiceImpl.registerClientId(ClientServiceImpl.java:27) ~[classes/:?]
	at com.leads.sandbox.test.project.registration.ClientRegistrationController.generateClientId(ClientRegistrationController.java:22) ~[classes/:?]
	at java.base/jdk.internal.reflect.DirectMethodHandleAccessor.invoke(DirectMethodHandleAccessor.java:103) ~[?:?]
	at java.base/java.lang.reflect.Method.invoke(Method.java:580) ~[?:?]
	at org.springframework.web.method.support.InvocableHandlerMethod.doInvoke(InvocableHandlerMethod.java:258) ~[spring-web-6.2.14.jar:6.2.14]
	at org.springframework.web.method.support.InvocableHandlerMethod.invokeForRequest(InvocableHandlerMethod.java:191) ~[spring-web-6.2.14.jar:6.2.14]
	at org.springframework.web.servlet.mvc.method.annotation.ServletInvocableHandlerMethod.invokeAndHandle(ServletInvocableHandlerMethod.java:118) ~[spring-webmvc-6.2.14.jar:6.2.14]
	at org.springframework.web.servlet.mvc.method.annotation.RequestMappingHandlerAdapter.invokeHandlerMethod(RequestMappingHandlerAdapter.java:991) ~[spring-webmvc-6.2.14.jar:6.2.14]
	at org.springframework.web.servlet.mvc.method.annotation.RequestMappingHandlerAdapter.handleInternal(RequestMappingHandlerAdapter.java:896) ~[spring-webmvc-6.2.14.jar:6.2.14]
	at org.springframework.web.servlet.mvc.method.AbstractHandlerMethodAdapter.handle(AbstractHandlerMethodAdapter.java:87) ~[spring-webmvc-6.2.14.jar:6.2.14]
	at org.springframework.web.servlet.DispatcherServlet.doDispatch(DispatcherServlet.java:1089) ~[spring-webmvc-6.2.14.jar:6.2.14]
	... 92 more
Caused by: oracle.jdbc.OracleDatabaseException: ORA-01400: cannot insert NULL into ("PLAYGROUND"."CLIENT_USERS"."DOB")

	at oracle.jdbc.driver.T4CTTIoer11.processError(T4CTTIoer11.java:723) ~[ojdbc17-23.9.0.25.07.jar:23.9.0.25.07]
	at oracle.jdbc.driver.T4CTTIoer11.processError(T4CTTIoer11.java:615) ~[ojdbc17-23.9.0.25.07.jar:23.9.0.25.07]
	at oracle.jdbc.driver.T4C8Oall.processError(T4C8Oall.java:1372) ~[ojdbc17-23.9.0.25.07.jar:23.9.0.25.07]
	at oracle.jdbc.driver.T4CTTIfun.receive(T4CTTIfun.java:972) ~[ojdbc17-23.9.0.25.07.jar:23.9.0.25.07]
	at oracle.jdbc.driver.T4CTTIfun.doRPC(T4CTTIfun.java:237) ~[ojdbc17-23.9.0.25.07.jar:23.9.0.25.07]
	at oracle.jdbc.driver.T4C8Oall.doOALL(T4C8Oall.java:524) ~[ojdbc17-23.9.0.25.07.jar:23.9.0.25.07]
	at oracle.jdbc.driver.T4CPreparedStatement.doOall8(T4CPreparedStatement.java:298) ~[ojdbc17-23.9.0.25.07.jar:23.9.0.25.07]
	at oracle.jdbc.driver.T4CPreparedStatement.executeForRows(T4CPreparedStatement.java:1510) ~[ojdbc17-23.9.0.25.07.jar:23.9.0.25.07]
	at oracle.jdbc.driver.OracleStatement.executeSQLStatement(OracleStatement.java:2020) ~[ojdbc17-23.9.0.25.07.jar:23.9.0.25.07]
	at oracle.jdbc.driver.OracleStatement.doExecuteWithTimeout(OracleStatement.java:1633) ~[ojdbc17-23.9.0.25.07.jar:23.9.0.25.07]
	at oracle.jdbc.driver.OraclePreparedStatement.executeInternal(OraclePreparedStatement.java:3973) ~[ojdbc17-23.9.0.25.07.jar:23.9.0.25.07]
	at oracle.jdbc.driver.OraclePreparedStatement.doExecuteLargeUpdate(OraclePreparedStatement.java:4339) ~[ojdbc17-23.9.0.25.07.jar:23.9.0.25.07]
	at oracle.jdbc.driver.OraclePreparedStatement.executeLargeUpdate(OraclePreparedStatement.java:4316) ~[ojdbc17-23.9.0.25.07.jar:23.9.0.25.07]
	at oracle.jdbc.driver.OraclePreparedStatement.executeUpdate(OraclePreparedStatement.java:4291) ~[ojdbc17-23.9.0.25.07.jar:23.9.0.25.07]
	at oracle.jdbc.driver.OraclePreparedStatementWrapper.executeUpdate(OraclePreparedStatementWrapper.java:1007) ~[ojdbc17-23.9.0.25.07.jar:23.9.0.25.07]
	at com.zaxxer.hikari.pool.ProxyPreparedStatement.executeUpdate(ProxyPreparedStatement.java:61) ~[HikariCP-6.3.3.jar:?]
	at com.zaxxer.hikari.pool.HikariProxyPreparedStatement.executeUpdate(HikariProxyPreparedStatement.java) ~[HikariCP-6.3.3.jar:?]
	at org.hibernate.engine.jdbc.internal.ResultSetReturnImpl.executeUpdate(ResultSetReturnImpl.java:194) ~[hibernate-core-6.6.36.Final.jar:6.6.36.Final]
	at org.hibernate.id.insert.GetGeneratedKeysDelegate.performMutation(GetGeneratedKeysDelegate.java:116) ~[hibernate-core-6.6.36.Final.jar:6.6.36.Final]
	at org.hibernate.engine.jdbc.mutation.internal.MutationExecutorSingleNonBatched.performNonBatchedOperations(MutationExecutorSingleNonBatched.java:47) ~[hibernate-core-6.6.36.Final.jar:6.6.36.Final]
	at org.hibernate.engine.jdbc.mutation.internal.AbstractMutationExecutor.execute(AbstractMutationExecutor.java:55) ~[hibernate-core-6.6.36.Final.jar:6.6.36.Final]
	at org.hibernate.persister.entity.mutation.InsertCoordinatorStandard.doStaticInserts(InsertCoordinatorStandard.java:194) ~[hibernate-core-6.6.36.Final.jar:6.6.36.Final]
	at org.hibernate.persister.entity.mutation.InsertCoordinatorStandard.coordinateInsert(InsertCoordinatorStandard.java:132) ~[hibernate-core-6.6.36.Final.jar:6.6.36.Final]
	at org.hibernate.persister.entity.mutation.InsertCoordinatorStandard.insert(InsertCoordinatorStandard.java:95) ~[hibernate-core-6.6.36.Final.jar:6.6.36.Final]
	at org.hibernate.action.internal.EntityIdentityInsertAction.execute(EntityIdentityInsertAction.java:85) ~[hibernate-core-6.6.36.Final.jar:6.6.36.Final]
	at org.hibernate.engine.spi.ActionQueue.execute(ActionQueue.java:682) ~[hibernate-core-6.6.36.Final.jar:6.6.36.Final]
	at org.hibernate.engine.spi.ActionQueue.addResolvedEntityInsertAction(ActionQueue.java:293) ~[hibernate-core-6.6.36.Final.jar:6.6.36.Final]
	at org.hibernate.engine.spi.ActionQueue.addInsertAction(ActionQueue.java:274) ~[hibernate-core-6.6.36.Final.jar:6.6.36.Final]
	at org.hibernate.engine.spi.ActionQueue.addAction(ActionQueue.java:324) ~[hibernate-core-6.6.36.Final.jar:6.6.36.Final]
	at org.hibernate.event.internal.AbstractSaveEventListener.addInsertAction(AbstractSaveEventListener.java:394) ~[hibernate-core-6.6.36.Final.jar:6.6.36.Final]
	at org.hibernate.event.internal.AbstractSaveEventListener.performSaveOrReplicate(AbstractSaveEventListener.java:308) ~[hibernate-core-6.6.36.Final.jar:6.6.36.Final]
	at org.hibernate.event.internal.AbstractSaveEventListener.performSave(AbstractSaveEventListener.java:224) ~[hibernate-core-6.6.36.Final.jar:6.6.36.Final]
	at org.hibernate.event.internal.AbstractSaveEventListener.saveWithGeneratedId(AbstractSaveEventListener.java:136) ~[hibernate-core-6.6.36.Final.jar:6.6.36.Final]
	at org.hibernate.event.internal.DefaultPersistEventListener.entityIsTransient(DefaultPersistEventListener.java:177) ~[hibernate-core-6.6.36.Final.jar:6.6.36.Final]
	at org.hibernate.event.internal.DefaultPersistEventListener.persist(DefaultPersistEventListener.java:95) ~[hibernate-core-6.6.36.Final.jar:6.6.36.Final]
	at org.hibernate.event.internal.DefaultPersistEventListener.onPersist(DefaultPersistEventListener.java:79) ~[hibernate-core-6.6.36.Final.jar:6.6.36.Final]
	at org.hibernate.event.internal.DefaultPersistEventListener.onPersist(DefaultPersistEventListener.java:55) ~[hibernate-core-6.6.36.Final.jar:6.6.36.Final]
	at org.hibernate.event.service.internal.EventListenerGroupImpl.fireEventOnEachListener(EventListenerGroupImpl.java:127) ~[hibernate-core-6.6.36.Final.jar:6.6.36.Final]
	at org.hibernate.internal.SessionImpl.firePersist(SessionImpl.java:761) ~[hibernate-core-6.6.36.Final.jar:6.6.36.Final]
	at org.hibernate.internal.SessionImpl.persist(SessionImpl.java:745) ~[hibernate-core-6.6.36.Final.jar:6.6.36.Final]
	at java.base/jdk.internal.reflect.DirectMethodHandleAccessor.invoke(DirectMethodHandleAccessor.java:103) ~[?:?]
	at java.base/java.lang.reflect.Method.invoke(Method.java:580) ~[?:?]
	at org.springframework.orm.jpa.ExtendedEntityManagerCreator$ExtendedEntityManagerInvocationHandler.invoke(ExtendedEntityManagerCreator.java:364) ~[spring-orm-6.2.14.jar:6.2.14]
	at jdk.proxy5/jdk.proxy5.$Proxy213.persist(Unknown Source) ~[?:?]
	at java.base/jdk.internal.reflect.DirectMethodHandleAccessor.invoke(DirectMethodHandleAccessor.java:103) ~[?:?]
	at java.base/java.lang.reflect.Method.invoke(Method.java:580) ~[?:?]
	at org.springframework.orm.jpa.SharedEntityManagerCreator$SharedEntityManagerInvocationHandler.invoke(SharedEntityManagerCreator.java:320) ~[spring-orm-6.2.14.jar:6.2.14]
	at jdk.proxy5/jdk.proxy5.$Proxy213.persist(Unknown Source) ~[?:?]
	at org.springframework.data.jpa.repository.support.SimpleJpaRepository.save(SimpleJpaRepository.java:654) ~[spring-data-jpa-3.5.6.jar:3.5.6]
	at java.base/jdk.internal.reflect.DirectMethodHandleAccessor.invoke(DirectMethodHandleAccessor.java:103) ~[?:?]
	at java.base/java.lang.reflect.Method.invoke(Method.java:580) ~[?:?]
	at org.springframework.aop.support.AopUtils.invokeJoinpointUsingReflection(AopUtils.java:360) ~[spring-aop-6.2.14.jar:6.2.14]
	at org.springframework.data.repository.core.support.RepositoryMethodInvoker$RepositoryFragmentMethodInvoker.lambda$new$0(RepositoryMethodInvoker.java:277) ~[spring-data-commons-3.5.6.jar:3.5.6]
	at org.springframework.data.repository.core.support.RepositoryMethodInvoker.doInvoke(RepositoryMethodInvoker.java:170) ~[spring-data-commons-3.5.6.jar:3.5.6]
	at org.springframework.data.repository.core.support.RepositoryMethodInvoker.invoke(RepositoryMethodInvoker.java:158) ~[spring-data-commons-3.5.6.jar:3.5.6]
	at org.springframework.data.repository.core.support.RepositoryComposition$RepositoryFragments.invoke(RepositoryComposition.java:515) ~[spring-data-commons-3.5.6.jar:3.5.6]
	at org.springframework.data.repository.core.support.RepositoryComposition.invoke(RepositoryComposition.java:284) ~[spring-data-commons-3.5.6.jar:3.5.6]
	at org.springframework.data.repository.core.support.RepositoryFactorySupport$ImplementationMethodExecutionInterceptor.invoke(RepositoryFactorySupport.java:734) ~[spring-data-commons-3.5.6.jar:3.5.6]
	at org.springframework.aop.framework.ReflectiveMethodInvocation.proceed(ReflectiveMethodInvocation.java:184) ~[spring-aop-6.2.14.jar:6.2.14]
	at org.springframework.data.repository.core.support.QueryExecutorMethodInterceptor.doInvoke(QueryExecutorMethodInterceptor.java:174) ~[spring-data-commons-3.5.6.jar:3.5.6]
	at org.springframework.data.repository.core.support.QueryExecutorMethodInterceptor.invoke(QueryExecutorMethodInterceptor.java:149) ~[spring-data-commons-3.5.6.jar:3.5.6]
	at org.springframework.aop.framework.ReflectiveMethodInvocation.proceed(ReflectiveMethodInvocation.java:184) ~[spring-aop-6.2.14.jar:6.2.14]
	at org.springframework.data.projection.DefaultMethodInvokingMethodInterceptor.invoke(DefaultMethodInvokingMethodInterceptor.java:69) ~[spring-data-commons-3.5.6.jar:3.5.6]
	at org.springframework.aop.framework.ReflectiveMethodInvocation.proceed(ReflectiveMethodInvocation.java:184) ~[spring-aop-6.2.14.jar:6.2.14]
	at org.springframework.transaction.interceptor.TransactionAspectSupport.invokeWithinTransaction(TransactionAspectSupport.java:380) ~[spring-tx-6.2.14.jar:6.2.14]
	at org.springframework.transaction.interceptor.TransactionInterceptor.invoke(TransactionInterceptor.java:119) ~[spring-tx-6.2.14.jar:6.2.14]
	at org.springframework.aop.framework.ReflectiveMethodInvocation.proceed(ReflectiveMethodInvocation.java:184) ~[spring-aop-6.2.14.jar:6.2.14]
	at org.springframework.dao.support.PersistenceExceptionTranslationInterceptor.invoke(PersistenceExceptionTranslationInterceptor.java:138) ~[spring-tx-6.2.14.jar:6.2.14]
	at org.springframework.aop.framework.ReflectiveMethodInvocation.proceed(ReflectiveMethodInvocation.java:184) ~[spring-aop-6.2.14.jar:6.2.14]
	at org.springframework.data.jpa.repository.support.CrudMethodMetadataPostProcessor$CrudMethodMetadataPopulatingMethodInterceptor.invoke(CrudMethodMetadataPostProcessor.java:165) ~[spring-data-jpa-3.5.6.jar:3.5.6]
	at org.springframework.aop.framework.ReflectiveMethodInvocation.proceed(ReflectiveMethodInvocation.java:184) ~[spring-aop-6.2.14.jar:6.2.14]
	at org.springframework.aop.framework.JdkDynamicAopProxy.invoke(JdkDynamicAopProxy.java:223) ~[spring-aop-6.2.14.jar:6.2.14]
	at jdk.proxy5/jdk.proxy5.$Proxy218.save(Unknown Source) ~[?:?]
	at com.leads.sandbox.test.project.registration.ClientServiceImpl.registerClientId(ClientServiceImpl.java:27) ~[classes/:?]
	at com.leads.sandbox.test.project.registration.ClientRegistrationController.generateClientId(ClientRegistrationController.java:22) ~[classes/:?]
	at java.base/jdk.internal.reflect.DirectMethodHandleAccessor.invoke(DirectMethodHandleAccessor.java:103) ~[?:?]
	at java.base/java.lang.reflect.Method.invoke(Method.java:580) ~[?:?]
	at org.springframework.web.method.support.InvocableHandlerMethod.doInvoke(InvocableHandlerMethod.java:258) ~[spring-web-6.2.14.jar:6.2.14]
	at org.springframework.web.method.support.InvocableHandlerMethod.invokeForRequest(InvocableHandlerMethod.java:191) ~[spring-web-6.2.14.jar:6.2.14]
	at org.springframework.web.servlet.mvc.method.annotation.ServletInvocableHandlerMethod.invokeAndHandle(ServletInvocableHandlerMethod.java:118) ~[spring-webmvc-6.2.14.jar:6.2.14]
	at org.springframework.web.servlet.mvc.method.annotation.RequestMappingHandlerAdapter.invokeHandlerMethod(RequestMappingHandlerAdapter.java:991) ~[spring-webmvc-6.2.14.jar:6.2.14]
	at org.springframework.web.servlet.mvc.method.annotation.RequestMappingHandlerAdapter.handleInternal(RequestMappingHandlerAdapter.java:896) ~[spring-webmvc-6.2.14.jar:6.2.14]
	at org.springframework.web.servlet.mvc.method.AbstractHandlerMethodAdapter.handle(AbstractHandlerMethodAdapter.java:87) ~[spring-webmvc-6.2.14.jar:6.2.14]
	at org.springframework.web.servlet.DispatcherServlet.doDispatch(DispatcherServlet.java:1089) ~[spring-webmvc-6.2.14.jar:6.2.14]
	... 92 more
16:24:07.131 [tomcat-handler-1] ERROR ServiceExceptionHandler - could not execute statement [ORA-01400: cannot insert NULL into ("PLAYGROUND"."CLIENT_USERS"."DOB")

https://docs.oracle.com/error-help/db/ora-01400/] [insert into playground.client_users (account_expiry_date,account_number,account_open_date,account_title,address,address_type,city,client_id,client_name,country,district,division,dob,email,father_name,gender,limit_amount,marital_status,mobile_number,mother_name,nid_number,office_code,thana,updated_at,zip_code,id) values (?,?,?,?,?,?,?,?,?,?,?,?,?,?,?,?,?,?,?,?,?,?,?,?,?,default)]; SQL [insert into playground.client_users (account_expiry_date,account_number,account_open_date,account_title,address,address_type,city,client_id,client_name,country,district,division,dob,email,father_name,gender,limit_amount,marital_status,mobile_number,mother_name,nid_number,office_code,thana,updated_at,zip_code,id) values (?,?,?,?,?,?,?,?,?,?,?,?,?,?,?,?,?,?,?,?,?,?,?,?,?,default)]; constraint [null]
org.springframework.web.ErrorResponseException: 400 BAD_REQUEST, ProblemDetail[type='about:blank', title='Bad Request', status=400, detail='could not execute statement [ORA-01400: cannot insert NULL into ("PLAYGROUND"."CLIENT_USERS"."DOB")

https://docs.oracle.com/error-help/db/ora-01400/] [insert into playground.client_users (account_expiry_date,account_number,account_open_date,account_title,address,address_type,city,client_id,client_name,country,district,division,dob,email,father_name,gender,limit_amount,marital_status,mobile_number,mother_name,nid_number,office_code,thana,updated_at,zip_code,id) values (?,?,?,?,?,?,?,?,?,?,?,?,?,?,?,?,?,?,?,?,?,?,?,?,?,default)]; SQL [insert into playground.client_users (account_expiry_date,account_number,account_open_date,account_title,address,address_type,city,client_id,client_name,country,district,division,dob,email,father_name,gender,limit_amount,marital_status,mobile_number,mother_name,nid_number,office_code,thana,updated_at,zip_code,id) values (?,?,?,?,?,?,?,?,?,?,?,?,?,?,?,?,?,?,?,?,?,?,?,?,?,default)]; constraint [null]', instance='null', properties='null']
	at com.leads.microcube.exception.ServiceExceptionHandler.handleException(ServiceExceptionHandler.java:45) ~[microcube.core-0.8.1.jar:0.8.1]
	at java.base/jdk.internal.reflect.DirectMethodHandleAccessor.invoke(DirectMethodHandleAccessor.java:103) ~[?:?]
	at java.base/java.lang.reflect.Method.invoke(Method.java:580) ~[?:?]
	at org.springframework.web.method.support.InvocableHandlerMethod.doInvoke(InvocableHandlerMethod.java:258) ~[spring-web-6.2.14.jar:6.2.14]
	at org.springframework.web.method.support.InvocableHandlerMethod.invokeForRequest(InvocableHandlerMethod.java:191) ~[spring-web-6.2.14.jar:6.2.14]
	at org.springframework.web.servlet.mvc.method.annotation.ServletInvocableHandlerMethod.invokeAndHandle(ServletInvocableHandlerMethod.java:118) ~[spring-webmvc-6.2.14.jar:6.2.14]
	at org.springframework.web.servlet.mvc.method.annotation.ExceptionHandlerExceptionResolver.doResolveHandlerMethodException(ExceptionHandlerExceptionResolver.java:471) ~[spring-webmvc-6.2.14.jar:6.2.14]
	at org.springframework.web.servlet.handler.AbstractHandlerMethodExceptionResolver.doResolveException(AbstractHandlerMethodExceptionResolver.java:73) ~[spring-webmvc-6.2.14.jar:6.2.14]
	at org.springframework.web.servlet.handler.AbstractHandlerExceptionResolver.resolveException(AbstractHandlerExceptionResolver.java:182) ~[spring-webmvc-6.2.14.jar:6.2.14]
	at org.springframework.web.servlet.handler.HandlerExceptionResolverComposite.resolveException(HandlerExceptionResolverComposite.java:80) ~[spring-webmvc-6.2.14.jar:6.2.14]
	at org.springframework.web.servlet.DispatcherServlet.processHandlerException(DispatcherServlet.java:1360) ~[spring-webmvc-6.2.14.jar:6.2.14]
	at org.springframework.web.servlet.DispatcherServlet.processDispatchResult(DispatcherServlet.java:1161) ~[spring-webmvc-6.2.14.jar:6.2.14]
	at org.springframework.web.servlet.DispatcherServlet.doDispatch(DispatcherServlet.java:1106) ~[spring-webmvc-6.2.14.jar:6.2.14]
	at org.springframework.web.servlet.DispatcherServlet.doService(DispatcherServlet.java:979) ~[spring-webmvc-6.2.14.jar:6.2.14]
	at org.springframework.web.servlet.FrameworkServlet.processRequest(FrameworkServlet.java:1014) ~[spring-webmvc-6.2.14.jar:6.2.14]
	at org.springframework.web.servlet.FrameworkServlet.doPost(FrameworkServlet.java:914) ~[spring-webmvc-6.2.14.jar:6.2.14]
	at jakarta.servlet.http.HttpServlet.service(HttpServlet.java:590) ~[tomcat-embed-core-10.1.49.jar:6.0]
	at org.springframework.web.servlet.FrameworkServlet.service(FrameworkServlet.java:885) ~[spring-webmvc-6.2.14.jar:6.2.14]
	at jakarta.servlet.http.HttpServlet.service(HttpServlet.java:658) ~[tomcat-embed-core-10.1.49.jar:6.0]
	at org.apache.catalina.core.ApplicationFilterChain.internalDoFilter(ApplicationFilterChain.java:193) ~[tomcat-embed-core-10.1.49.jar:10.1.49]
	at org.apache.catalina.core.ApplicationFilterChain.doFilter(ApplicationFilterChain.java:138) ~[tomcat-embed-core-10.1.49.jar:10.1.49]
	at org.apache.tomcat.websocket.server.WsFilter.doFilter(WsFilter.java:51) ~[tomcat-embed-websocket-10.1.49.jar:10.1.49]
	at org.apache.catalina.core.ApplicationFilterChain.internalDoFilter(ApplicationFilterChain.java:162) ~[tomcat-embed-core-10.1.49.jar:10.1.49]
	at org.apache.catalina.core.ApplicationFilterChain.doFilter(ApplicationFilterChain.java:138) ~[tomcat-embed-core-10.1.49.jar:10.1.49]
	at org.springframework.web.filter.CompositeFilter$VirtualFilterChain.doFilter(CompositeFilter.java:108) ~[spring-web-6.2.14.jar:6.2.14]
	at org.springframework.web.filter.CompositeFilter$VirtualFilterChain.doFilter(CompositeFilter.java:108) ~[spring-web-6.2.14.jar:6.2.14]
	at org.springframework.security.web.FilterChainProxy.lambda$doFilterInternal$3(FilterChainProxy.java:231) ~[spring-security-web-6.5.7.jar:6.5.7]
	at org.springframework.security.web.FilterChainProxy$VirtualFilterChain.doFilter(FilterChainProxy.java:365) ~[spring-security-web-6.5.7.jar:6.5.7]
	at org.springframework.security.web.access.intercept.AuthorizationFilter.doFilter(AuthorizationFilter.java:101) ~[spring-security-web-6.5.7.jar:6.5.7]
	at org.springframework.security.web.FilterChainProxy$VirtualFilterChain.doFilter(FilterChainProxy.java:374) ~[spring-security-web-6.5.7.jar:6.5.7]
	at org.springframework.security.web.access.ExceptionTranslationFilter.doFilter(ExceptionTranslationFilter.java:125) ~[spring-security-web-6.5.7.jar:6.5.7]
	at org.springframework.security.web.access.ExceptionTranslationFilter.doFilter(ExceptionTranslationFilter.java:119) ~[spring-security-web-6.5.7.jar:6.5.7]
	at org.springframework.security.web.FilterChainProxy$VirtualFilterChain.doFilter(FilterChainProxy.java:374) ~[spring-security-web-6.5.7.jar:6.5.7]
	at org.springframework.security.web.authentication.AnonymousAuthenticationFilter.doFilter(AnonymousAuthenticationFilter.java:100) ~[spring-security-web-6.5.7.jar:6.5.7]
	at org.springframework.security.web.FilterChainProxy$VirtualFilterChain.doFilter(FilterChainProxy.java:374) ~[spring-security-web-6.5.7.jar:6.5.7]
	at org.springframework.security.web.servletapi.SecurityContextHolderAwareRequestFilter.doFilter(SecurityContextHolderAwareRequestFilter.java:179) ~[spring-security-web-6.5.7.jar:6.5.7]
	at org.springframework.security.web.FilterChainProxy$VirtualFilterChain.doFilter(FilterChainProxy.java:374) ~[spring-security-web-6.5.7.jar:6.5.7]
	at org.springframework.security.web.savedrequest.RequestCacheAwareFilter.doFilter(RequestCacheAwareFilter.java:63) ~[spring-security-web-6.5.7.jar:6.5.7]
	at org.springframework.security.web.FilterChainProxy$VirtualFilterChain.doFilter(FilterChainProxy.java:374) ~[spring-security-web-6.5.7.jar:6.5.7]
	at org.springframework.security.web.authentication.AuthenticationFilter.doFilterInternal(AuthenticationFilter.java:177) ~[spring-security-web-6.5.7.jar:6.5.7]
	at org.springframework.web.filter.OncePerRequestFilter.doFilter(OncePerRequestFilter.java:116) ~[spring-web-6.2.14.jar:6.2.14]
	at org.springframework.security.web.FilterChainProxy$VirtualFilterChain.doFilter(FilterChainProxy.java:374) ~[spring-security-web-6.5.7.jar:6.5.7]
	at org.springframework.security.oauth2.server.resource.web.authentication.BearerTokenAuthenticationFilter.doFilterInternal(BearerTokenAuthenticationFilter.java:158) ~[spring-security-oauth2-resource-server-6.5.7.jar:6.5.7]
	at org.springframework.web.filter.OncePerRequestFilter.doFilter(OncePerRequestFilter.java:116) ~[spring-web-6.2.14.jar:6.2.14]
	at org.springframework.security.web.FilterChainProxy$VirtualFilterChain.doFilter(FilterChainProxy.java:374) ~[spring-security-web-6.5.7.jar:6.5.7]
	at org.springframework.security.web.authentication.logout.LogoutFilter.doFilter(LogoutFilter.java:107) ~[spring-security-web-6.5.7.jar:6.5.7]
	at org.springframework.security.web.authentication.logout.LogoutFilter.doFilter(LogoutFilter.java:93) ~[spring-security-web-6.5.7.jar:6.5.7]
	at org.springframework.security.web.FilterChainProxy$VirtualFilterChain.doFilter(FilterChainProxy.java:374) ~[spring-security-web-6.5.7.jar:6.5.7]
	at org.springframework.web.filter.CorsFilter.doFilterInternal(CorsFilter.java:91) ~[spring-web-6.2.14.jar:6.2.14]
	at org.springframework.web.filter.OncePerRequestFilter.doFilter(OncePerRequestFilter.java:116) ~[spring-web-6.2.14.jar:6.2.14]
	at org.springframework.security.web.FilterChainProxy$VirtualFilterChain.doFilter(FilterChainProxy.java:374) ~[spring-security-web-6.5.7.jar:6.5.7]
	at org.springframework.security.web.header.HeaderWriterFilter.doHeadersAfter(HeaderWriterFilter.java:90) ~[spring-security-web-6.5.7.jar:6.5.7]
	at org.springframework.security.web.header.HeaderWriterFilter.doFilterInternal(HeaderWriterFilter.java:75) ~[spring-security-web-6.5.7.jar:6.5.7]
	at org.springframework.web.filter.OncePerRequestFilter.doFilter(OncePerRequestFilter.java:116) ~[spring-web-6.2.14.jar:6.2.14]
	at org.springframework.security.web.FilterChainProxy$VirtualFilterChain.doFilter(FilterChainProxy.java:374) ~[spring-security-web-6.5.7.jar:6.5.7]
	at org.springframework.security.web.context.SecurityContextHolderFilter.doFilter(SecurityContextHolderFilter.java:82) ~[spring-security-web-6.5.7.jar:6.5.7]
	at org.springframework.security.web.context.SecurityContextHolderFilter.doFilter(SecurityContextHolderFilter.java:69) ~[spring-security-web-6.5.7.jar:6.5.7]
	at org.springframework.security.web.FilterChainProxy$VirtualFilterChain.doFilter(FilterChainProxy.java:374) ~[spring-security-web-6.5.7.jar:6.5.7]
	at org.springframework.security.web.context.request.async.WebAsyncManagerIntegrationFilter.doFilterInternal(WebAsyncManagerIntegrationFilter.java:62) ~[spring-security-web-6.5.7.jar:6.5.7]
	at org.springframework.web.filter.OncePerRequestFilter.doFilter(OncePerRequestFilter.java:116) ~[spring-web-6.2.14.jar:6.2.14]
	at org.springframework.security.web.FilterChainProxy$VirtualFilterChain.doFilter(FilterChainProxy.java:374) ~[spring-security-web-6.5.7.jar:6.5.7]
	at org.springframework.security.web.session.DisableEncodeUrlFilter.doFilterInternal(DisableEncodeUrlFilter.java:42) ~[spring-security-web-6.5.7.jar:6.5.7]
	at org.springframework.web.filter.OncePerRequestFilter.doFilter(OncePerRequestFilter.java:116) ~[spring-web-6.2.14.jar:6.2.14]
	at org.springframework.security.web.FilterChainProxy$VirtualFilterChain.doFilter(FilterChainProxy.java:374) ~[spring-security-web-6.5.7.jar:6.5.7]
	at org.springframework.security.web.FilterChainProxy.doFilterInternal(FilterChainProxy.java:233) ~[spring-security-web-6.5.7.jar:6.5.7]
	at org.springframework.security.web.FilterChainProxy.doFilter(FilterChainProxy.java:191) ~[spring-security-web-6.5.7.jar:6.5.7]
	at org.springframework.web.filter.CompositeFilter$VirtualFilterChain.doFilter(CompositeFilter.java:113) ~[spring-web-6.2.14.jar:6.2.14]
	at org.springframework.web.filter.ServletRequestPathFilter.doFilter(ServletRequestPathFilter.java:52) ~[spring-web-6.2.14.jar:6.2.14]
	at org.springframework.web.filter.CompositeFilter$VirtualFilterChain.doFilter(CompositeFilter.java:113) ~[spring-web-6.2.14.jar:6.2.14]
	at org.springframework.web.filter.CompositeFilter.doFilter(CompositeFilter.java:74) ~[spring-web-6.2.14.jar:6.2.14]
	at org.springframework.security.config.annotation.web.configuration.WebSecurityConfiguration$CompositeFilterChainProxy.doFilter(WebSecurityConfiguration.java:319) ~[spring-security-config-6.5.7.jar:6.5.7]
	at org.springframework.web.filter.CompositeFilter$VirtualFilterChain.doFilter(CompositeFilter.java:113) ~[spring-web-6.2.14.jar:6.2.14]
	at org.springframework.web.servlet.handler.HandlerMappingIntrospector.lambda$createCacheFilter$4(HandlerMappingIntrospector.java:267) ~[spring-webmvc-6.2.14.jar:6.2.14]
	at org.springframework.web.filter.CompositeFilter$VirtualFilterChain.doFilter(CompositeFilter.java:113) ~[spring-web-6.2.14.jar:6.2.14]
	at org.springframework.web.filter.CompositeFilter.doFilter(CompositeFilter.java:74) ~[spring-web-6.2.14.jar:6.2.14]
	at org.springframework.security.config.annotation.web.configuration.WebMvcSecurityConfiguration$CompositeFilterChainProxy.doFilter(WebMvcSecurityConfiguration.java:240) ~[spring-security-config-6.5.7.jar:6.5.7]
	at org.springframework.web.filter.DelegatingFilterProxy.invokeDelegate(DelegatingFilterProxy.java:362) ~[spring-web-6.2.14.jar:6.2.14]
	at org.springframework.web.filter.DelegatingFilterProxy.doFilter(DelegatingFilterProxy.java:278) ~[spring-web-6.2.14.jar:6.2.14]
	at org.apache.catalina.core.ApplicationFilterChain.internalDoFilter(ApplicationFilterChain.java:162) ~[tomcat-embed-core-10.1.49.jar:10.1.49]
	at org.apache.catalina.core.ApplicationFilterChain.doFilter(ApplicationFilterChain.java:138) ~[tomcat-embed-core-10.1.49.jar:10.1.49]
	at org.springframework.web.filter.RequestContextFilter.doFilterInternal(RequestContextFilter.java:100) ~[spring-web-6.2.14.jar:6.2.14]
	at org.springframework.web.filter.OncePerRequestFilter.doFilter(OncePerRequestFilter.java:116) ~[spring-web-6.2.14.jar:6.2.14]
	at org.apache.catalina.core.ApplicationFilterChain.internalDoFilter(ApplicationFilterChain.java:162) ~[tomcat-embed-core-10.1.49.jar:10.1.49]
	at org.apache.catalina.core.ApplicationFilterChain.doFilter(ApplicationFilterChain.java:138) ~[tomcat-embed-core-10.1.49.jar:10.1.49]
	at org.springframework.web.filter.FormContentFilter.doFilterInternal(FormContentFilter.java:93) ~[spring-web-6.2.14.jar:6.2.14]
	at org.springframework.web.filter.OncePerRequestFilter.doFilter(OncePerRequestFilter.java:116) ~[spring-web-6.2.14.jar:6.2.14]
	at org.apache.catalina.core.ApplicationFilterChain.internalDoFilter(ApplicationFilterChain.java:162) ~[tomcat-embed-core-10.1.49.jar:10.1.49]
	at org.apache.catalina.core.ApplicationFilterChain.doFilter(ApplicationFilterChain.java:138) ~[tomcat-embed-core-10.1.49.jar:10.1.49]
	at org.springframework.web.filter.CharacterEncodingFilter.doFilterInternal(CharacterEncodingFilter.java:201) ~[spring-web-6.2.14.jar:6.2.14]
	at org.springframework.web.filter.OncePerRequestFilter.doFilter(OncePerRequestFilter.java:116) ~[spring-web-6.2.14.jar:6.2.14]
	at org.apache.catalina.core.ApplicationFilterChain.internalDoFilter(ApplicationFilterChain.java:162) ~[tomcat-embed-core-10.1.49.jar:10.1.49]
	at org.apache.catalina.core.ApplicationFilterChain.doFilter(ApplicationFilterChain.java:138) ~[tomcat-embed-core-10.1.49.jar:10.1.49]
	at org.apache.catalina.core.StandardWrapperValve.invoke(StandardWrapperValve.java:165) ~[tomcat-embed-core-10.1.49.jar:10.1.49]
	at org.apache.catalina.core.StandardContextValve.invoke(StandardContextValve.java:88) ~[tomcat-embed-core-10.1.49.jar:10.1.49]
	at org.apache.catalina.authenticator.AuthenticatorBase.invoke(AuthenticatorBase.java:482) ~[tomcat-embed-core-10.1.49.jar:10.1.49]
	at org.apache.catalina.core.StandardHostValve.invoke(StandardHostValve.java:113) ~[tomcat-embed-core-10.1.49.jar:10.1.49]
	at org.apache.catalina.valves.ErrorReportValve.invoke(ErrorReportValve.java:83) ~[tomcat-embed-core-10.1.49.jar:10.1.49]
	at org.apache.catalina.core.StandardEngineValve.invoke(StandardEngineValve.java:72) ~[tomcat-embed-core-10.1.49.jar:10.1.49]
	at org.apache.catalina.connector.CoyoteAdapter.service(CoyoteAdapter.java:342) ~[tomcat-embed-core-10.1.49.jar:10.1.49]
	at org.apache.coyote.http11.Http11Processor.service(Http11Processor.java:399) ~[tomcat-embed-core-10.1.49.jar:10.1.49]
	at org.apache.coyote.AbstractProcessorLight.process(AbstractProcessorLight.java:63) ~[tomcat-embed-core-10.1.49.jar:10.1.49]
	at org.apache.coyote.AbstractProtocol$ConnectionHandler.process(AbstractProtocol.java:903) ~[tomcat-embed-core-10.1.49.jar:10.1.49]
	at org.apache.tomcat.util.net.NioEndpoint$SocketProcessor.doRun(NioEndpoint.java:1774) ~[tomcat-embed-core-10.1.49.jar:10.1.49]
	at org.apache.tomcat.util.net.SocketProcessorBase.run(SocketProcessorBase.java:52) ~[tomcat-embed-core-10.1.49.jar:10.1.49]
	at java.base/java.lang.VirtualThread.run(VirtualThread.java:329) ~[?:?]
Caused by: org.springframework.dao.DataIntegrityViolationException: could not execute statement [ORA-01400: cannot insert NULL into ("PLAYGROUND"."CLIENT_USERS"."DOB")

https://docs.oracle.com/error-help/db/ora-01400/] [insert into playground.client_users (account_expiry_date,account_number,account_open_date,account_title,address,address_type,city,client_id,client_name,country,district,division,dob,email,father_name,gender,limit_amount,marital_status,mobile_number,mother_name,nid_number,office_code,thana,updated_at,zip_code,id) values (?,?,?,?,?,?,?,?,?,?,?,?,?,?,?,?,?,?,?,?,?,?,?,?,?,default)]; SQL [insert into playground.client_users (account_expiry_date,account_number,account_open_date,account_title,address,address_type,city,client_id,client_name,country,district,division,dob,email,father_name,gender,limit_amount,marital_status,mobile_number,mother_name,nid_number,office_code,thana,updated_at,zip_code,id) values (?,?,?,?,?,?,?,?,?,?,?,?,?,?,?,?,?,?,?,?,?,?,?,?,?,default)]; constraint [null]
	at org.springframework.orm.jpa.vendor.HibernateJpaDialect.convertHibernateAccessException(HibernateJpaDialect.java:294) ~[spring-orm-6.2.14.jar:6.2.14]
	at org.springframework.orm.jpa.vendor.HibernateJpaDialect.convertHibernateAccessException(HibernateJpaDialect.java:256) ~[spring-orm-6.2.14.jar:6.2.14]
	at org.springframework.orm.jpa.vendor.HibernateJpaDialect.translateExceptionIfPossible(HibernateJpaDialect.java:241) ~[spring-orm-6.2.14.jar:6.2.14]
	at org.springframework.orm.jpa.AbstractEntityManagerFactoryBean.translateExceptionIfPossible(AbstractEntityManagerFactoryBean.java:560) ~[spring-orm-6.2.14.jar:6.2.14]
	at org.springframework.dao.support.ChainedPersistenceExceptionTranslator.translateExceptionIfPossible(ChainedPersistenceExceptionTranslator.java:61) ~[spring-tx-6.2.14.jar:6.2.14]
	at org.springframework.dao.support.DataAccessUtils.translateIfNecessary(DataAccessUtils.java:343) ~[spring-tx-6.2.14.jar:6.2.14]
	at org.springframework.dao.support.PersistenceExceptionTranslationInterceptor.invoke(PersistenceExceptionTranslationInterceptor.java:160) ~[spring-tx-6.2.14.jar:6.2.14]
	at org.springframework.aop.framework.ReflectiveMethodInvocation.proceed(ReflectiveMethodInvocation.java:184) ~[spring-aop-6.2.14.jar:6.2.14]
	at org.springframework.data.jpa.repository.support.CrudMethodMetadataPostProcessor$CrudMethodMetadataPopulatingMethodInterceptor.invoke(CrudMethodMetadataPostProcessor.java:165) ~[spring-data-jpa-3.5.6.jar:3.5.6]
	at org.springframework.aop.framework.ReflectiveMethodInvocation.proceed(ReflectiveMethodInvocation.java:184) ~[spring-aop-6.2.14.jar:6.2.14]
	at org.springframework.aop.framework.JdkDynamicAopProxy.invoke(JdkDynamicAopProxy.java:223) ~[spring-aop-6.2.14.jar:6.2.14]
	at jdk.proxy4/jdk.proxy4.$Proxy172.save(Unknown Source) ~[?:?]
	at com.leads.sandbox.test.project.registration.ClientServiceImpl.registerClientId(ClientServiceImpl.java:27) ~[classes/:?]
	at com.leads.sandbox.test.project.registration.ClientRegistrationController.generateClientId(ClientRegistrationController.java:22) ~[classes/:?]
	at java.base/jdk.internal.reflect.DirectMethodHandleAccessor.invoke(DirectMethodHandleAccessor.java:103) ~[?:?]
	at java.base/java.lang.reflect.Method.invoke(Method.java:580) ~[?:?]
	at org.springframework.web.method.support.InvocableHandlerMethod.doInvoke(InvocableHandlerMethod.java:258) ~[spring-web-6.2.14.jar:6.2.14]
	at org.springframework.web.method.support.InvocableHandlerMethod.invokeForRequest(InvocableHandlerMethod.java:191) ~[spring-web-6.2.14.jar:6.2.14]
	at org.springframework.web.servlet.mvc.method.annotation.ServletInvocableHandlerMethod.invokeAndHandle(ServletInvocableHandlerMethod.java:118) ~[spring-webmvc-6.2.14.jar:6.2.14]
	at org.springframework.web.servlet.mvc.method.annotation.RequestMappingHandlerAdapter.invokeHandlerMethod(RequestMappingHandlerAdapter.java:991) ~[spring-webmvc-6.2.14.jar:6.2.14]
	at org.springframework.web.servlet.mvc.method.annotation.RequestMappingHandlerAdapter.handleInternal(RequestMappingHandlerAdapter.java:896) ~[spring-webmvc-6.2.14.jar:6.2.14]
	at org.springframework.web.servlet.mvc.method.AbstractHandlerMethodAdapter.handle(AbstractHandlerMethodAdapter.java:87) ~[spring-webmvc-6.2.14.jar:6.2.14]
	at org.springframework.web.servlet.DispatcherServlet.doDispatch(DispatcherServlet.java:1089) ~[spring-webmvc-6.2.14.jar:6.2.14]
	... 92 more
Caused by: org.hibernate.exception.ConstraintViolationException: could not execute statement [ORA-01400: cannot insert NULL into ("PLAYGROUND"."CLIENT_USERS"."DOB")

https://docs.oracle.com/error-help/db/ora-01400/] [insert into playground.client_users (account_expiry_date,account_number,account_open_date,account_title,address,address_type,city,client_id,client_name,country,district,division,dob,email,father_name,gender,limit_amount,marital_status,mobile_number,mother_name,nid_number,office_code,thana,updated_at,zip_code,id) values (?,?,?,?,?,?,?,?,?,?,?,?,?,?,?,?,?,?,?,?,?,?,?,?,?,default)]
	at org.hibernate.exception.internal.SQLExceptionTypeDelegate.convert(SQLExceptionTypeDelegate.java:62) ~[hibernate-core-6.6.36.Final.jar:6.6.36.Final]
	at org.hibernate.exception.internal.StandardSQLExceptionConverter.convert(StandardSQLExceptionConverter.java:58) ~[hibernate-core-6.6.36.Final.jar:6.6.36.Final]
	at org.hibernate.engine.jdbc.spi.SqlExceptionHelper.convert(SqlExceptionHelper.java:108) ~[hibernate-core-6.6.36.Final.jar:6.6.36.Final]
	at org.hibernate.engine.jdbc.internal.ResultSetReturnImpl.executeUpdate(ResultSetReturnImpl.java:197) ~[hibernate-core-6.6.36.Final.jar:6.6.36.Final]
	at org.hibernate.id.insert.GetGeneratedKeysDelegate.performMutation(GetGeneratedKeysDelegate.java:116) ~[hibernate-core-6.6.36.Final.jar:6.6.36.Final]
	at org.hibernate.engine.jdbc.mutation.internal.MutationExecutorSingleNonBatched.performNonBatchedOperations(MutationExecutorSingleNonBatched.java:47) ~[hibernate-core-6.6.36.Final.jar:6.6.36.Final]
	at org.hibernate.engine.jdbc.mutation.internal.AbstractMutationExecutor.execute(AbstractMutationExecutor.java:55) ~[hibernate-core-6.6.36.Final.jar:6.6.36.Final]
	at org.hibernate.persister.entity.mutation.InsertCoordinatorStandard.doStaticInserts(InsertCoordinatorStandard.java:194) ~[hibernate-core-6.6.36.Final.jar:6.6.36.Final]
	at org.hibernate.persister.entity.mutation.InsertCoordinatorStandard.coordinateInsert(InsertCoordinatorStandard.java:132) ~[hibernate-core-6.6.36.Final.jar:6.6.36.Final]
	at org.hibernate.persister.entity.mutation.InsertCoordinatorStandard.insert(InsertCoordinatorStandard.java:95) ~[hibernate-core-6.6.36.Final.jar:6.6.36.Final]
	at org.hibernate.action.internal.EntityIdentityInsertAction.execute(EntityIdentityInsertAction.java:85) ~[hibernate-core-6.6.36.Final.jar:6.6.36.Final]
	at org.hibernate.engine.spi.ActionQueue.execute(ActionQueue.java:682) ~[hibernate-core-6.6.36.Final.jar:6.6.36.Final]
	at org.hibernate.engine.spi.ActionQueue.addResolvedEntityInsertAction(ActionQueue.java:293) ~[hibernate-core-6.6.36.Final.jar:6.6.36.Final]
	at org.hibernate.engine.spi.ActionQueue.addInsertAction(ActionQueue.java:274) ~[hibernate-core-6.6.36.Final.jar:6.6.36.Final]
	at org.hibernate.engine.spi.ActionQueue.addAction(ActionQueue.java:324) ~[hibernate-core-6.6.36.Final.jar:6.6.36.Final]
	at org.hibernate.event.internal.AbstractSaveEventListener.addInsertAction(AbstractSaveEventListener.java:394) ~[hibernate-core-6.6.36.Final.jar:6.6.36.Final]
	at org.hibernate.event.internal.AbstractSaveEventListener.performSaveOrReplicate(AbstractSaveEventListener.java:308) ~[hibernate-core-6.6.36.Final.jar:6.6.36.Final]
	at org.hibernate.event.internal.AbstractSaveEventListener.performSave(AbstractSaveEventListener.java:224) ~[hibernate-core-6.6.36.Final.jar:6.6.36.Final]
	at org.hibernate.event.internal.AbstractSaveEventListener.saveWithGeneratedId(AbstractSaveEventListener.java:136) ~[hibernate-core-6.6.36.Final.jar:6.6.36.Final]
	at org.hibernate.event.internal.DefaultPersistEventListener.entityIsTransient(DefaultPersistEventListener.java:177) ~[hibernate-core-6.6.36.Final.jar:6.6.36.Final]
	at org.hibernate.event.internal.DefaultPersistEventListener.persist(DefaultPersistEventListener.java:95) ~[hibernate-core-6.6.36.Final.jar:6.6.36.Final]
	at org.hibernate.event.internal.DefaultPersistEventListener.onPersist(DefaultPersistEventListener.java:79) ~[hibernate-core-6.6.36.Final.jar:6.6.36.Final]
	at org.hibernate.event.internal.DefaultPersistEventListener.onPersist(DefaultPersistEventListener.java:55) ~[hibernate-core-6.6.36.Final.jar:6.6.36.Final]
	at org.hibernate.event.service.internal.EventListenerGroupImpl.fireEventOnEachListener(EventListenerGroupImpl.java:127) ~[hibernate-core-6.6.36.Final.jar:6.6.36.Final]
	at org.hibernate.internal.SessionImpl.firePersist(SessionImpl.java:761) ~[hibernate-core-6.6.36.Final.jar:6.6.36.Final]
	at org.hibernate.internal.SessionImpl.persist(SessionImpl.java:745) ~[hibernate-core-6.6.36.Final.jar:6.6.36.Final]
	at java.base/jdk.internal.reflect.DirectMethodHandleAccessor.invoke(DirectMethodHandleAccessor.java:103) ~[?:?]
	at java.base/java.lang.reflect.Method.invoke(Method.java:580) ~[?:?]
	at org.springframework.orm.jpa.ExtendedEntityManagerCreator$ExtendedEntityManagerInvocationHandler.invoke(ExtendedEntityManagerCreator.java:364) ~[spring-orm-6.2.14.jar:6.2.14]
	at jdk.proxy4/jdk.proxy4.$Proxy159.persist(Unknown Source) ~[?:?]
	at java.base/jdk.internal.reflect.DirectMethodHandleAccessor.invoke(DirectMethodHandleAccessor.java:103) ~[?:?]
	at java.base/java.lang.reflect.Method.invoke(Method.java:580) ~[?:?]
	at org.springframework.orm.jpa.SharedEntityManagerCreator$SharedEntityManagerInvocationHandler.invoke(SharedEntityManagerCreator.java:320) ~[spring-orm-6.2.14.jar:6.2.14]
	at jdk.proxy4/jdk.proxy4.$Proxy159.persist(Unknown Source) ~[?:?]
	at org.springframework.data.jpa.repository.support.SimpleJpaRepository.save(SimpleJpaRepository.java:654) ~[spring-data-jpa-3.5.6.jar:3.5.6]
	at java.base/jdk.internal.reflect.DirectMethodHandleAccessor.invoke(DirectMethodHandleAccessor.java:103) ~[?:?]
	at java.base/java.lang.reflect.Method.invoke(Method.java:580) ~[?:?]
	at org.springframework.aop.support.AopUtils.invokeJoinpointUsingReflection(AopUtils.java:360) ~[spring-aop-6.2.14.jar:6.2.14]
	at org.springframework.data.repository.core.support.RepositoryMethodInvoker$RepositoryFragmentMethodInvoker.lambda$new$0(RepositoryMethodInvoker.java:277) ~[spring-data-commons-3.5.6.jar:3.5.6]
	at org.springframework.data.repository.core.support.RepositoryMethodInvoker.doInvoke(RepositoryMethodInvoker.java:170) ~[spring-data-commons-3.5.6.jar:3.5.6]
	at org.springframework.data.repository.core.support.RepositoryMethodInvoker.invoke(RepositoryMethodInvoker.java:158) ~[spring-data-commons-3.5.6.jar:3.5.6]
	at org.springframework.data.repository.core.support.RepositoryComposition$RepositoryFragments.invoke(RepositoryComposition.java:515) ~[spring-data-commons-3.5.6.jar:3.5.6]
	at org.springframework.data.repository.core.support.RepositoryComposition.invoke(RepositoryComposition.java:284) ~[spring-data-commons-3.5.6.jar:3.5.6]
	at org.springframework.data.repository.core.support.RepositoryFactorySupport$ImplementationMethodExecutionInterceptor.invoke(RepositoryFactorySupport.java:734) ~[spring-data-commons-3.5.6.jar:3.5.6]
	at org.springframework.aop.framework.ReflectiveMethodInvocation.proceed(ReflectiveMethodInvocation.java:184) ~[spring-aop-6.2.14.jar:6.2.14]
	at org.springframework.data.repository.core.support.QueryExecutorMethodInterceptor.doInvoke(QueryExecutorMethodInterceptor.java:174) ~[spring-data-commons-3.5.6.jar:3.5.6]
	at org.springframework.data.repository.core.support.QueryExecutorMethodInterceptor.invoke(QueryExecutorMethodInterceptor.java:149) ~[spring-data-commons-3.5.6.jar:3.5.6]
	at org.springframework.aop.framework.ReflectiveMethodInvocation.proceed(ReflectiveMethodInvocation.java:184) ~[spring-aop-6.2.14.jar:6.2.14]
	at org.springframework.data.projection.DefaultMethodInvokingMethodInterceptor.invoke(DefaultMethodInvokingMethodInterceptor.java:69) ~[spring-data-commons-3.5.6.jar:3.5.6]
	at org.springframework.aop.framework.ReflectiveMethodInvocation.proceed(ReflectiveMethodInvocation.java:184) ~[spring-aop-6.2.14.jar:6.2.14]
	at org.springframework.transaction.interceptor.TransactionAspectSupport.invokeWithinTransaction(TransactionAspectSupport.java:380) ~[spring-tx-6.2.14.jar:6.2.14]
	at org.springframework.transaction.interceptor.TransactionInterceptor.invoke(TransactionInterceptor.java:119) ~[spring-tx-6.2.14.jar:6.2.14]
	at org.springframework.aop.framework.ReflectiveMethodInvocation.proceed(ReflectiveMethodInvocation.java:184) ~[spring-aop-6.2.14.jar:6.2.14]
	at org.springframework.dao.support.PersistenceExceptionTranslationInterceptor.invoke(PersistenceExceptionTranslationInterceptor.java:138) ~[spring-tx-6.2.14.jar:6.2.14]
	at org.springframework.aop.framework.ReflectiveMethodInvocation.proceed(ReflectiveMethodInvocation.java:184) ~[spring-aop-6.2.14.jar:6.2.14]
	at org.springframework.data.jpa.repository.support.CrudMethodMetadataPostProcessor$CrudMethodMetadataPopulatingMethodInterceptor.invoke(CrudMethodMetadataPostProcessor.java:165) ~[spring-data-jpa-3.5.6.jar:3.5.6]
	at org.springframework.aop.framework.ReflectiveMethodInvocation.proceed(ReflectiveMethodInvocation.java:184) ~[spring-aop-6.2.14.jar:6.2.14]
	at org.springframework.aop.framework.JdkDynamicAopProxy.invoke(JdkDynamicAopProxy.java:223) ~[spring-aop-6.2.14.jar:6.2.14]
	at jdk.proxy4/jdk.proxy4.$Proxy172.save(Unknown Source) ~[?:?]
	at com.leads.sandbox.test.project.registration.ClientServiceImpl.registerClientId(ClientServiceImpl.java:27) ~[classes/:?]
	at com.leads.sandbox.test.project.registration.ClientRegistrationController.generateClientId(ClientRegistrationController.java:22) ~[classes/:?]
	at java.base/jdk.internal.reflect.DirectMethodHandleAccessor.invoke(DirectMethodHandleAccessor.java:103) ~[?:?]
	at java.base/java.lang.reflect.Method.invoke(Method.java:580) ~[?:?]
	at org.springframework.web.method.support.InvocableHandlerMethod.doInvoke(InvocableHandlerMethod.java:258) ~[spring-web-6.2.14.jar:6.2.14]
	at org.springframework.web.method.support.InvocableHandlerMethod.invokeForRequest(InvocableHandlerMethod.java:191) ~[spring-web-6.2.14.jar:6.2.14]
	at org.springframework.web.servlet.mvc.method.annotation.ServletInvocableHandlerMethod.invokeAndHandle(ServletInvocableHandlerMethod.java:118) ~[spring-webmvc-6.2.14.jar:6.2.14]
	at org.springframework.web.servlet.mvc.method.annotation.RequestMappingHandlerAdapter.invokeHandlerMethod(RequestMappingHandlerAdapter.java:991) ~[spring-webmvc-6.2.14.jar:6.2.14]
	at org.springframework.web.servlet.mvc.method.annotation.RequestMappingHandlerAdapter.handleInternal(RequestMappingHandlerAdapter.java:896) ~[spring-webmvc-6.2.14.jar:6.2.14]
	at org.springframework.web.servlet.mvc.method.AbstractHandlerMethodAdapter.handle(AbstractHandlerMethodAdapter.java:87) ~[spring-webmvc-6.2.14.jar:6.2.14]
	at org.springframework.web.servlet.DispatcherServlet.doDispatch(DispatcherServlet.java:1089) ~[spring-webmvc-6.2.14.jar:6.2.14]
	... 92 more
Caused by: java.sql.SQLIntegrityConstraintViolationException: ORA-01400: cannot insert NULL into ("PLAYGROUND"."CLIENT_USERS"."DOB")

https://docs.oracle.com/error-help/db/ora-01400/
	at oracle.jdbc.driver.T4CTTIoer11.processError(T4CTTIoer11.java:715) ~[ojdbc17-23.9.0.25.07.jar:23.9.0.25.07]
	at oracle.jdbc.driver.T4CTTIoer11.processError(T4CTTIoer11.java:615) ~[ojdbc17-23.9.0.25.07.jar:23.9.0.25.07]
	at oracle.jdbc.driver.T4C8Oall.processError(T4C8Oall.java:1372) ~[ojdbc17-23.9.0.25.07.jar:23.9.0.25.07]
	at oracle.jdbc.driver.T4CTTIfun.receive(T4CTTIfun.java:972) ~[ojdbc17-23.9.0.25.07.jar:23.9.0.25.07]
	at oracle.jdbc.driver.T4CTTIfun.doRPC(T4CTTIfun.java:237) ~[ojdbc17-23.9.0.25.07.jar:23.9.0.25.07]
	at oracle.jdbc.driver.T4C8Oall.doOALL(T4C8Oall.java:524) ~[ojdbc17-23.9.0.25.07.jar:23.9.0.25.07]
	at oracle.jdbc.driver.T4CPreparedStatement.doOall8(T4CPreparedStatement.java:298) ~[ojdbc17-23.9.0.25.07.jar:23.9.0.25.07]
	at oracle.jdbc.driver.T4CPreparedStatement.executeForRows(T4CPreparedStatement.java:1510) ~[ojdbc17-23.9.0.25.07.jar:23.9.0.25.07]
	at oracle.jdbc.driver.OracleStatement.executeSQLStatement(OracleStatement.java:2020) ~[ojdbc17-23.9.0.25.07.jar:23.9.0.25.07]
	at oracle.jdbc.driver.OracleStatement.doExecuteWithTimeout(OracleStatement.java:1633) ~[ojdbc17-23.9.0.25.07.jar:23.9.0.25.07]
	at oracle.jdbc.driver.OraclePreparedStatement.executeInternal(OraclePreparedStatement.java:3973) ~[ojdbc17-23.9.0.25.07.jar:23.9.0.25.07]
	at oracle.jdbc.driver.OraclePreparedStatement.doExecuteLargeUpdate(OraclePreparedStatement.java:4339) ~[ojdbc17-23.9.0.25.07.jar:23.9.0.25.07]
	at oracle.jdbc.driver.OraclePreparedStatement.executeLargeUpdate(OraclePreparedStatement.java:4316) ~[ojdbc17-23.9.0.25.07.jar:23.9.0.25.07]
	at oracle.jdbc.driver.OraclePreparedStatement.executeUpdate(OraclePreparedStatement.java:4291) ~[ojdbc17-23.9.0.25.07.jar:23.9.0.25.07]
	at oracle.jdbc.driver.OraclePreparedStatementWrapper.executeUpdate(OraclePreparedStatementWrapper.java:1007) ~[ojdbc17-23.9.0.25.07.jar:23.9.0.25.07]
	at com.zaxxer.hikari.pool.ProxyPreparedStatement.executeUpdate(ProxyPreparedStatement.java:61) ~[HikariCP-6.3.3.jar:?]
	at com.zaxxer.hikari.pool.HikariProxyPreparedStatement.executeUpdate(HikariProxyPreparedStatement.java) ~[HikariCP-6.3.3.jar:?]
	at org.hibernate.engine.jdbc.internal.ResultSetReturnImpl.executeUpdate(ResultSetReturnImpl.java:194) ~[hibernate-core-6.6.36.Final.jar:6.6.36.Final]
	at org.hibernate.id.insert.GetGeneratedKeysDelegate.performMutation(GetGeneratedKeysDelegate.java:116) ~[hibernate-core-6.6.36.Final.jar:6.6.36.Final]
	at org.hibernate.engine.jdbc.mutation.internal.MutationExecutorSingleNonBatched.performNonBatchedOperations(MutationExecutorSingleNonBatched.java:47) ~[hibernate-core-6.6.36.Final.jar:6.6.36.Final]
	at org.hibernate.engine.jdbc.mutation.internal.AbstractMutationExecutor.execute(AbstractMutationExecutor.java:55) ~[hibernate-core-6.6.36.Final.jar:6.6.36.Final]
	at org.hibernate.persister.entity.mutation.InsertCoordinatorStandard.doStaticInserts(InsertCoordinatorStandard.java:194) ~[hibernate-core-6.6.36.Final.jar:6.6.36.Final]
	at org.hibernate.persister.entity.mutation.InsertCoordinatorStandard.coordinateInsert(InsertCoordinatorStandard.java:132) ~[hibernate-core-6.6.36.Final.jar:6.6.36.Final]
	at org.hibernate.persister.entity.mutation.InsertCoordinatorStandard.insert(InsertCoordinatorStandard.java:95) ~[hibernate-core-6.6.36.Final.jar:6.6.36.Final]
	at org.hibernate.action.internal.EntityIdentityInsertAction.execute(EntityIdentityInsertAction.java:85) ~[hibernate-core-6.6.36.Final.jar:6.6.36.Final]
	at org.hibernate.engine.spi.ActionQueue.execute(ActionQueue.java:682) ~[hibernate-core-6.6.36.Final.jar:6.6.36.Final]
	at org.hibernate.engine.spi.ActionQueue.addResolvedEntityInsertAction(ActionQueue.java:293) ~[hibernate-core-6.6.36.Final.jar:6.6.36.Final]
	at org.hibernate.engine.spi.ActionQueue.addInsertAction(ActionQueue.java:274) ~[hibernate-core-6.6.36.Final.jar:6.6.36.Final]
	at org.hibernate.engine.spi.ActionQueue.addAction(ActionQueue.java:324) ~[hibernate-core-6.6.36.Final.jar:6.6.36.Final]
	at org.hibernate.event.internal.AbstractSaveEventListener.addInsertAction(AbstractSaveEventListener.java:394) ~[hibernate-core-6.6.36.Final.jar:6.6.36.Final]
	at org.hibernate.event.internal.AbstractSaveEventListener.performSaveOrReplicate(AbstractSaveEventListener.java:308) ~[hibernate-core-6.6.36.Final.jar:6.6.36.Final]
	at org.hibernate.event.internal.AbstractSaveEventListener.performSave(AbstractSaveEventListener.java:224) ~[hibernate-core-6.6.36.Final.jar:6.6.36.Final]
	at org.hibernate.event.internal.AbstractSaveEventListener.saveWithGeneratedId(AbstractSaveEventListener.java:136) ~[hibernate-core-6.6.36.Final.jar:6.6.36.Final]
	at org.hibernate.event.internal.DefaultPersistEventListener.entityIsTransient(DefaultPersistEventListener.java:177) ~[hibernate-core-6.6.36.Final.jar:6.6.36.Final]
	at org.hibernate.event.internal.DefaultPersistEventListener.persist(DefaultPersistEventListener.java:95) ~[hibernate-core-6.6.36.Final.jar:6.6.36.Final]
	at org.hibernate.event.internal.DefaultPersistEventListener.onPersist(DefaultPersistEventListener.java:79) ~[hibernate-core-6.6.36.Final.jar:6.6.36.Final]
	at org.hibernate.event.internal.DefaultPersistEventListener.onPersist(DefaultPersistEventListener.java:55) ~[hibernate-core-6.6.36.Final.jar:6.6.36.Final]
	at org.hibernate.event.service.internal.EventListenerGroupImpl.fireEventOnEachListener(EventListenerGroupImpl.java:127) ~[hibernate-core-6.6.36.Final.jar:6.6.36.Final]
	at org.hibernate.internal.SessionImpl.firePersist(SessionImpl.java:761) ~[hibernate-core-6.6.36.Final.jar:6.6.36.Final]
	at org.hibernate.internal.SessionImpl.persist(SessionImpl.java:745) ~[hibernate-core-6.6.36.Final.jar:6.6.36.Final]
	at java.base/jdk.internal.reflect.DirectMethodHandleAccessor.invoke(DirectMethodHandleAccessor.java:103) ~[?:?]
	at java.base/java.lang.reflect.Method.invoke(Method.java:580) ~[?:?]
	at org.springframework.orm.jpa.ExtendedEntityManagerCreator$ExtendedEntityManagerInvocationHandler.invoke(ExtendedEntityManagerCreator.java:364) ~[spring-orm-6.2.14.jar:6.2.14]
	at jdk.proxy4/jdk.proxy4.$Proxy159.persist(Unknown Source) ~[?:?]
	at java.base/jdk.internal.reflect.DirectMethodHandleAccessor.invoke(DirectMethodHandleAccessor.java:103) ~[?:?]
	at java.base/java.lang.reflect.Method.invoke(Method.java:580) ~[?:?]
	at org.springframework.orm.jpa.SharedEntityManagerCreator$SharedEntityManagerInvocationHandler.invoke(SharedEntityManagerCreator.java:320) ~[spring-orm-6.2.14.jar:6.2.14]
	at jdk.proxy4/jdk.proxy4.$Proxy159.persist(Unknown Source) ~[?:?]
	at org.springframework.data.jpa.repository.support.SimpleJpaRepository.save(SimpleJpaRepository.java:654) ~[spring-data-jpa-3.5.6.jar:3.5.6]
	at java.base/jdk.internal.reflect.DirectMethodHandleAccessor.invoke(DirectMethodHandleAccessor.java:103) ~[?:?]
	at java.base/java.lang.reflect.Method.invoke(Method.java:580) ~[?:?]
	at org.springframework.aop.support.AopUtils.invokeJoinpointUsingReflection(AopUtils.java:360) ~[spring-aop-6.2.14.jar:6.2.14]
	at org.springframework.data.repository.core.support.RepositoryMethodInvoker$RepositoryFragmentMethodInvoker.lambda$new$0(RepositoryMethodInvoker.java:277) ~[spring-data-commons-3.5.6.jar:3.5.6]
	at org.springframework.data.repository.core.support.RepositoryMethodInvoker.doInvoke(RepositoryMethodInvoker.java:170) ~[spring-data-commons-3.5.6.jar:3.5.6]
	at org.springframework.data.repository.core.support.RepositoryMethodInvoker.invoke(RepositoryMethodInvoker.java:158) ~[spring-data-commons-3.5.6.jar:3.5.6]
	at org.springframework.data.repository.core.support.RepositoryComposition$RepositoryFragments.invoke(RepositoryComposition.java:515) ~[spring-data-commons-3.5.6.jar:3.5.6]
	at org.springframework.data.repository.core.support.RepositoryComposition.invoke(RepositoryComposition.java:284) ~[spring-data-commons-3.5.6.jar:3.5.6]
	at org.springframework.data.repository.core.support.RepositoryFactorySupport$ImplementationMethodExecutionInterceptor.invoke(RepositoryFactorySupport.java:734) ~[spring-data-commons-3.5.6.jar:3.5.6]
	at org.springframework.aop.framework.ReflectiveMethodInvocation.proceed(ReflectiveMethodInvocation.java:184) ~[spring-aop-6.2.14.jar:6.2.14]
	at org.springframework.data.repository.core.support.QueryExecutorMethodInterceptor.doInvoke(QueryExecutorMethodInterceptor.java:174) ~[spring-data-commons-3.5.6.jar:3.5.6]
	at org.springframework.data.repository.core.support.QueryExecutorMethodInterceptor.invoke(QueryExecutorMethodInterceptor.java:149) ~[spring-data-commons-3.5.6.jar:3.5.6]
	at org.springframework.aop.framework.ReflectiveMethodInvocation.proceed(ReflectiveMethodInvocation.java:184) ~[spring-aop-6.2.14.jar:6.2.14]
	at org.springframework.data.projection.DefaultMethodInvokingMethodInterceptor.invoke(DefaultMethodInvokingMethodInterceptor.java:69) ~[spring-data-commons-3.5.6.jar:3.5.6]
	at org.springframework.aop.framework.ReflectiveMethodInvocation.proceed(ReflectiveMethodInvocation.java:184) ~[spring-aop-6.2.14.jar:6.2.14]
	at org.springframework.transaction.interceptor.TransactionAspectSupport.invokeWithinTransaction(TransactionAspectSupport.java:380) ~[spring-tx-6.2.14.jar:6.2.14]
	at org.springframework.transaction.interceptor.TransactionInterceptor.invoke(TransactionInterceptor.java:119) ~[spring-tx-6.2.14.jar:6.2.14]
	at org.springframework.aop.framework.ReflectiveMethodInvocation.proceed(ReflectiveMethodInvocation.java:184) ~[spring-aop-6.2.14.jar:6.2.14]
	at org.springframework.dao.support.PersistenceExceptionTranslationInterceptor.invoke(PersistenceExceptionTranslationInterceptor.java:138) ~[spring-tx-6.2.14.jar:6.2.14]
	at org.springframework.aop.framework.ReflectiveMethodInvocation.proceed(ReflectiveMethodInvocation.java:184) ~[spring-aop-6.2.14.jar:6.2.14]
	at org.springframework.data.jpa.repository.support.CrudMethodMetadataPostProcessor$CrudMethodMetadataPopulatingMethodInterceptor.invoke(CrudMethodMetadataPostProcessor.java:165) ~[spring-data-jpa-3.5.6.jar:3.5.6]
	at org.springframework.aop.framework.ReflectiveMethodInvocation.proceed(ReflectiveMethodInvocation.java:184) ~[spring-aop-6.2.14.jar:6.2.14]
	at org.springframework.aop.framework.JdkDynamicAopProxy.invoke(JdkDynamicAopProxy.java:223) ~[spring-aop-6.2.14.jar:6.2.14]
	at jdk.proxy4/jdk.proxy4.$Proxy172.save(Unknown Source) ~[?:?]
	at com.leads.sandbox.test.project.registration.ClientServiceImpl.registerClientId(ClientServiceImpl.java:27) ~[classes/:?]
	at com.leads.sandbox.test.project.registration.ClientRegistrationController.generateClientId(ClientRegistrationController.java:22) ~[classes/:?]
	at java.base/jdk.internal.reflect.DirectMethodHandleAccessor.invoke(DirectMethodHandleAccessor.java:103) ~[?:?]
	at java.base/java.lang.reflect.Method.invoke(Method.java:580) ~[?:?]
	at org.springframework.web.method.support.InvocableHandlerMethod.doInvoke(InvocableHandlerMethod.java:258) ~[spring-web-6.2.14.jar:6.2.14]
	at org.springframework.web.method.support.InvocableHandlerMethod.invokeForRequest(InvocableHandlerMethod.java:191) ~[spring-web-6.2.14.jar:6.2.14]
	at org.springframework.web.servlet.mvc.method.annotation.ServletInvocableHandlerMethod.invokeAndHandle(ServletInvocableHandlerMethod.java:118) ~[spring-webmvc-6.2.14.jar:6.2.14]
	at org.springframework.web.servlet.mvc.method.annotation.RequestMappingHandlerAdapter.invokeHandlerMethod(RequestMappingHandlerAdapter.java:991) ~[spring-webmvc-6.2.14.jar:6.2.14]
	at org.springframework.web.servlet.mvc.method.annotation.RequestMappingHandlerAdapter.handleInternal(RequestMappingHandlerAdapter.java:896) ~[spring-webmvc-6.2.14.jar:6.2.14]
	at org.springframework.web.servlet.mvc.method.AbstractHandlerMethodAdapter.handle(AbstractHandlerMethodAdapter.java:87) ~[spring-webmvc-6.2.14.jar:6.2.14]
	at org.springframework.web.servlet.DispatcherServlet.doDispatch(DispatcherServlet.java:1089) ~[spring-webmvc-6.2.14.jar:6.2.14]
	... 92 more
Caused by: oracle.jdbc.OracleDatabaseException: ORA-01400: cannot insert NULL into ("PLAYGROUND"."CLIENT_USERS"."DOB")

	at oracle.jdbc.driver.T4CTTIoer11.processError(T4CTTIoer11.java:723) ~[ojdbc17-23.9.0.25.07.jar:23.9.0.25.07]
	at oracle.jdbc.driver.T4CTTIoer11.processError(T4CTTIoer11.java:615) ~[ojdbc17-23.9.0.25.07.jar:23.9.0.25.07]
	at oracle.jdbc.driver.T4C8Oall.processError(T4C8Oall.java:1372) ~[ojdbc17-23.9.0.25.07.jar:23.9.0.25.07]
	at oracle.jdbc.driver.T4CTTIfun.receive(T4CTTIfun.java:972) ~[ojdbc17-23.9.0.25.07.jar:23.9.0.25.07]
	at oracle.jdbc.driver.T4CTTIfun.doRPC(T4CTTIfun.java:237) ~[ojdbc17-23.9.0.25.07.jar:23.9.0.25.07]
	at oracle.jdbc.driver.T4C8Oall.doOALL(T4C8Oall.java:524) ~[ojdbc17-23.9.0.25.07.jar:23.9.0.25.07]
	at oracle.jdbc.driver.T4CPreparedStatement.doOall8(T4CPreparedStatement.java:298) ~[ojdbc17-23.9.0.25.07.jar:23.9.0.25.07]
	at oracle.jdbc.driver.T4CPreparedStatement.executeForRows(T4CPreparedStatement.java:1510) ~[ojdbc17-23.9.0.25.07.jar:23.9.0.25.07]
	at oracle.jdbc.driver.OracleStatement.executeSQLStatement(OracleStatement.java:2020) ~[ojdbc17-23.9.0.25.07.jar:23.9.0.25.07]
	at oracle.jdbc.driver.OracleStatement.doExecuteWithTimeout(OracleStatement.java:1633) ~[ojdbc17-23.9.0.25.07.jar:23.9.0.25.07]
	at oracle.jdbc.driver.OraclePreparedStatement.executeInternal(OraclePreparedStatement.java:3973) ~[ojdbc17-23.9.0.25.07.jar:23.9.0.25.07]
	at oracle.jdbc.driver.OraclePreparedStatement.doExecuteLargeUpdate(OraclePreparedStatement.java:4339) ~[ojdbc17-23.9.0.25.07.jar:23.9.0.25.07]
	at oracle.jdbc.driver.OraclePreparedStatement.executeLargeUpdate(OraclePreparedStatement.java:4316) ~[ojdbc17-23.9.0.25.07.jar:23.9.0.25.07]
	at oracle.jdbc.driver.OraclePreparedStatement.executeUpdate(OraclePreparedStatement.java:4291) ~[ojdbc17-23.9.0.25.07.jar:23.9.0.25.07]
	at oracle.jdbc.driver.OraclePreparedStatementWrapper.executeUpdate(OraclePreparedStatementWrapper.java:1007) ~[ojdbc17-23.9.0.25.07.jar:23.9.0.25.07]
	at com.zaxxer.hikari.pool.ProxyPreparedStatement.executeUpdate(ProxyPreparedStatement.java:61) ~[HikariCP-6.3.3.jar:?]
	at com.zaxxer.hikari.pool.HikariProxyPreparedStatement.executeUpdate(HikariProxyPreparedStatement.java) ~[HikariCP-6.3.3.jar:?]
	at org.hibernate.engine.jdbc.internal.ResultSetReturnImpl.executeUpdate(ResultSetReturnImpl.java:194) ~[hibernate-core-6.6.36.Final.jar:6.6.36.Final]
	at org.hibernate.id.insert.GetGeneratedKeysDelegate.performMutation(GetGeneratedKeysDelegate.java:116) ~[hibernate-core-6.6.36.Final.jar:6.6.36.Final]
	at org.hibernate.engine.jdbc.mutation.internal.MutationExecutorSingleNonBatched.performNonBatchedOperations(MutationExecutorSingleNonBatched.java:47) ~[hibernate-core-6.6.36.Final.jar:6.6.36.Final]
	at org.hibernate.engine.jdbc.mutation.internal.AbstractMutationExecutor.execute(AbstractMutationExecutor.java:55) ~[hibernate-core-6.6.36.Final.jar:6.6.36.Final]
	at org.hibernate.persister.entity.mutation.InsertCoordinatorStandard.doStaticInserts(InsertCoordinatorStandard.java:194) ~[hibernate-core-6.6.36.Final.jar:6.6.36.Final]
	at org.hibernate.persister.entity.mutation.InsertCoordinatorStandard.coordinateInsert(InsertCoordinatorStandard.java:132) ~[hibernate-core-6.6.36.Final.jar:6.6.36.Final]
	at org.hibernate.persister.entity.mutation.InsertCoordinatorStandard.insert(InsertCoordinatorStandard.java:95) ~[hibernate-core-6.6.36.Final.jar:6.6.36.Final]
	at org.hibernate.action.internal.EntityIdentityInsertAction.execute(EntityIdentityInsertAction.java:85) ~[hibernate-core-6.6.36.Final.jar:6.6.36.Final]
	at org.hibernate.engine.spi.ActionQueue.execute(ActionQueue.java:682) ~[hibernate-core-6.6.36.Final.jar:6.6.36.Final]
	at org.hibernate.engine.spi.ActionQueue.addResolvedEntityInsertAction(ActionQueue.java:293) ~[hibernate-core-6.6.36.Final.jar:6.6.36.Final]
	at org.hibernate.engine.spi.ActionQueue.addInsertAction(ActionQueue.java:274) ~[hibernate-core-6.6.36.Final.jar:6.6.36.Final]
	at org.hibernate.engine.spi.ActionQueue.addAction(ActionQueue.java:324) ~[hibernate-core-6.6.36.Final.jar:6.6.36.Final]
	at org.hibernate.event.internal.AbstractSaveEventListener.addInsertAction(AbstractSaveEventListener.java:394) ~[hibernate-core-6.6.36.Final.jar:6.6.36.Final]
	at org.hibernate.event.internal.AbstractSaveEventListener.performSaveOrReplicate(AbstractSaveEventListener.java:308) ~[hibernate-core-6.6.36.Final.jar:6.6.36.Final]
	at org.hibernate.event.internal.AbstractSaveEventListener.performSave(AbstractSaveEventListener.java:224) ~[hibernate-core-6.6.36.Final.jar:6.6.36.Final]
	at org.hibernate.event.internal.AbstractSaveEventListener.saveWithGeneratedId(AbstractSaveEventListener.java:136) ~[hibernate-core-6.6.36.Final.jar:6.6.36.Final]
	at org.hibernate.event.internal.DefaultPersistEventListener.entityIsTransient(DefaultPersistEventListener.java:177) ~[hibernate-core-6.6.36.Final.jar:6.6.36.Final]
	at org.hibernate.event.internal.DefaultPersistEventListener.persist(DefaultPersistEventListener.java:95) ~[hibernate-core-6.6.36.Final.jar:6.6.36.Final]
	at org.hibernate.event.internal.DefaultPersistEventListener.onPersist(DefaultPersistEventListener.java:79) ~[hibernate-core-6.6.36.Final.jar:6.6.36.Final]
	at org.hibernate.event.internal.DefaultPersistEventListener.onPersist(DefaultPersistEventListener.java:55) ~[hibernate-core-6.6.36.Final.jar:6.6.36.Final]
	at org.hibernate.event.service.internal.EventListenerGroupImpl.fireEventOnEachListener(EventListenerGroupImpl.java:127) ~[hibernate-core-6.6.36.Final.jar:6.6.36.Final]
	at org.hibernate.internal.SessionImpl.firePersist(SessionImpl.java:761) ~[hibernate-core-6.6.36.Final.jar:6.6.36.Final]
	at org.hibernate.internal.SessionImpl.persist(SessionImpl.java:745) ~[hibernate-core-6.6.36.Final.jar:6.6.36.Final]
	at java.base/jdk.internal.reflect.DirectMethodHandleAccessor.invoke(DirectMethodHandleAccessor.java:103) ~[?:?]
	at java.base/java.lang.reflect.Method.invoke(Method.java:580) ~[?:?]
	at org.springframework.orm.jpa.ExtendedEntityManagerCreator$ExtendedEntityManagerInvocationHandler.invoke(ExtendedEntityManagerCreator.java:364) ~[spring-orm-6.2.14.jar:6.2.14]
	at jdk.proxy4/jdk.proxy4.$Proxy159.persist(Unknown Source) ~[?:?]
	at java.base/jdk.internal.reflect.DirectMethodHandleAccessor.invoke(DirectMethodHandleAccessor.java:103) ~[?:?]
	at java.base/java.lang.reflect.Method.invoke(Method.java:580) ~[?:?]
	at org.springframework.orm.jpa.SharedEntityManagerCreator$SharedEntityManagerInvocationHandler.invoke(SharedEntityManagerCreator.java:320) ~[spring-orm-6.2.14.jar:6.2.14]
	at jdk.proxy4/jdk.proxy4.$Proxy159.persist(Unknown Source) ~[?:?]
	at org.springframework.data.jpa.repository.support.SimpleJpaRepository.save(SimpleJpaRepository.java:654) ~[spring-data-jpa-3.5.6.jar:3.5.6]
	at java.base/jdk.internal.reflect.DirectMethodHandleAccessor.invoke(DirectMethodHandleAccessor.java:103) ~[?:?]
	at java.base/java.lang.reflect.Method.invoke(Method.java:580) ~[?:?]
	at org.springframework.aop.support.AopUtils.invokeJoinpointUsingReflection(AopUtils.java:360) ~[spring-aop-6.2.14.jar:6.2.14]
	at org.springframework.data.repository.core.support.RepositoryMethodInvoker$RepositoryFragmentMethodInvoker.lambda$new$0(RepositoryMethodInvoker.java:277) ~[spring-data-commons-3.5.6.jar:3.5.6]
	at org.springframework.data.repository.core.support.RepositoryMethodInvoker.doInvoke(RepositoryMethodInvoker.java:170) ~[spring-data-commons-3.5.6.jar:3.5.6]
	at org.springframework.data.repository.core.support.RepositoryMethodInvoker.invoke(RepositoryMethodInvoker.java:158) ~[spring-data-commons-3.5.6.jar:3.5.6]
	at org.springframework.data.repository.core.support.RepositoryComposition$RepositoryFragments.invoke(RepositoryComposition.java:515) ~[spring-data-commons-3.5.6.jar:3.5.6]
	at org.springframework.data.repository.core.support.RepositoryComposition.invoke(RepositoryComposition.java:284) ~[spring-data-commons-3.5.6.jar:3.5.6]
	at org.springframework.data.repository.core.support.RepositoryFactorySupport$ImplementationMethodExecutionInterceptor.invoke(RepositoryFactorySupport.java:734) ~[spring-data-commons-3.5.6.jar:3.5.6]
	at org.springframework.aop.framework.ReflectiveMethodInvocation.proceed(ReflectiveMethodInvocation.java:184) ~[spring-aop-6.2.14.jar:6.2.14]
	at org.springframework.data.repository.core.support.QueryExecutorMethodInterceptor.doInvoke(QueryExecutorMethodInterceptor.java:174) ~[spring-data-commons-3.5.6.jar:3.5.6]
	at org.springframework.data.repository.core.support.QueryExecutorMethodInterceptor.invoke(QueryExecutorMethodInterceptor.java:149) ~[spring-data-commons-3.5.6.jar:3.5.6]
	at org.springframework.aop.framework.ReflectiveMethodInvocation.proceed(ReflectiveMethodInvocation.java:184) ~[spring-aop-6.2.14.jar:6.2.14]
	at org.springframework.data.projection.DefaultMethodInvokingMethodInterceptor.invoke(DefaultMethodInvokingMethodInterceptor.java:69) ~[spring-data-commons-3.5.6.jar:3.5.6]
	at org.springframework.aop.framework.ReflectiveMethodInvocation.proceed(ReflectiveMethodInvocation.java:184) ~[spring-aop-6.2.14.jar:6.2.14]
	at org.springframework.transaction.interceptor.TransactionAspectSupport.invokeWithinTransaction(TransactionAspectSupport.java:380) ~[spring-tx-6.2.14.jar:6.2.14]
	at org.springframework.transaction.interceptor.TransactionInterceptor.invoke(TransactionInterceptor.java:119) ~[spring-tx-6.2.14.jar:6.2.14]
	at org.springframework.aop.framework.ReflectiveMethodInvocation.proceed(ReflectiveMethodInvocation.java:184) ~[spring-aop-6.2.14.jar:6.2.14]
	at org.springframework.dao.support.PersistenceExceptionTranslationInterceptor.invoke(PersistenceExceptionTranslationInterceptor.java:138) ~[spring-tx-6.2.14.jar:6.2.14]
	at org.springframework.aop.framework.ReflectiveMethodInvocation.proceed(ReflectiveMethodInvocation.java:184) ~[spring-aop-6.2.14.jar:6.2.14]
	at org.springframework.data.jpa.repository.support.CrudMethodMetadataPostProcessor$CrudMethodMetadataPopulatingMethodInterceptor.invoke(CrudMethodMetadataPostProcessor.java:165) ~[spring-data-jpa-3.5.6.jar:3.5.6]
	at org.springframework.aop.framework.ReflectiveMethodInvocation.proceed(ReflectiveMethodInvocation.java:184) ~[spring-aop-6.2.14.jar:6.2.14]
	at org.springframework.aop.framework.JdkDynamicAopProxy.invoke(JdkDynamicAopProxy.java:223) ~[spring-aop-6.2.14.jar:6.2.14]
	at jdk.proxy4/jdk.proxy4.$Proxy172.save(Unknown Source) ~[?:?]
	at com.leads.sandbox.test.project.registration.ClientServiceImpl.registerClientId(ClientServiceImpl.java:27) ~[classes/:?]
	at com.leads.sandbox.test.project.registration.ClientRegistrationController.generateClientId(ClientRegistrationController.java:22) ~[classes/:?]
	at java.base/jdk.internal.reflect.DirectMethodHandleAccessor.invoke(DirectMethodHandleAccessor.java:103) ~[?:?]
	at java.base/java.lang.reflect.Method.invoke(Method.java:580) ~[?:?]
	at org.springframework.web.method.support.InvocableHandlerMethod.doInvoke(InvocableHandlerMethod.java:258) ~[spring-web-6.2.14.jar:6.2.14]
	at org.springframework.web.method.support.InvocableHandlerMethod.invokeForRequest(InvocableHandlerMethod.java:191) ~[spring-web-6.2.14.jar:6.2.14]
	at org.springframework.web.servlet.mvc.method.annotation.ServletInvocableHandlerMethod.invokeAndHandle(ServletInvocableHandlerMethod.java:118) ~[spring-webmvc-6.2.14.jar:6.2.14]
	at org.springframework.web.servlet.mvc.method.annotation.RequestMappingHandlerAdapter.invokeHandlerMethod(RequestMappingHandlerAdapter.java:991) ~[spring-webmvc-6.2.14.jar:6.2.14]
	at org.springframework.web.servlet.mvc.method.annotation.RequestMappingHandlerAdapter.handleInternal(RequestMappingHandlerAdapter.java:896) ~[spring-webmvc-6.2.14.jar:6.2.14]
	at org.springframework.web.servlet.mvc.method.AbstractHandlerMethodAdapter.handle(AbstractHandlerMethodAdapter.java:87) ~[spring-webmvc-6.2.14.jar:6.2.14]
	at org.springframework.web.servlet.DispatcherServlet.doDispatch(DispatcherServlet.java:1089) ~[spring-webmvc-6.2.14.jar:6.2.14]
	... 92 more
16:24:08.740 [tomcat-handler-3] ERROR ServiceExceptionHandler - could not execute statement [ORA-01400: cannot insert NULL into ("PLAYGROUND"."CLIENT_USERS"."DOB")

https://docs.oracle.com/error-help/db/ora-01400/] [insert into playground.client_users (account_expiry_date,account_number,account_open_date,account_title,address,address_type,city,client_id,client_name,country,district,division,dob,email,father_name,gender,limit_amount,marital_status,mobile_number,mother_name,nid_number,office_code,thana,updated_at,zip_code,id) values (?,?,?,?,?,?,?,?,?,?,?,?,?,?,?,?,?,?,?,?,?,?,?,?,?,default)]; SQL [insert into playground.client_users (account_expiry_date,account_number,account_open_date,account_title,address,address_type,city,client_id,client_name,country,district,division,dob,email,father_name,gender,limit_amount,marital_status,mobile_number,mother_name,nid_number,office_code,thana,updated_at,zip_code,id) values (?,?,?,?,?,?,?,?,?,?,?,?,?,?,?,?,?,?,?,?,?,?,?,?,?,default)]; constraint [null]
org.springframework.web.ErrorResponseException: 400 BAD_REQUEST, ProblemDetail[type='about:blank', title='Bad Request', status=400, detail='could not execute statement [ORA-01400: cannot insert NULL into ("PLAYGROUND"."CLIENT_USERS"."DOB")

https://docs.oracle.com/error-help/db/ora-01400/] [insert into playground.client_users (account_expiry_date,account_number,account_open_date,account_title,address,address_type,city,client_id,client_name,country,district,division,dob,email,father_name,gender,limit_amount,marital_status,mobile_number,mother_name,nid_number,office_code,thana,updated_at,zip_code,id) values (?,?,?,?,?,?,?,?,?,?,?,?,?,?,?,?,?,?,?,?,?,?,?,?,?,default)]; SQL [insert into playground.client_users (account_expiry_date,account_number,account_open_date,account_title,address,address_type,city,client_id,client_name,country,district,division,dob,email,father_name,gender,limit_amount,marital_status,mobile_number,mother_name,nid_number,office_code,thana,updated_at,zip_code,id) values (?,?,?,?,?,?,?,?,?,?,?,?,?,?,?,?,?,?,?,?,?,?,?,?,?,default)]; constraint [null]', instance='null', properties='null']
	at com.leads.microcube.exception.ServiceExceptionHandler.handleException(ServiceExceptionHandler.java:45) ~[microcube.core-0.8.1.jar:0.8.1]
	at java.base/jdk.internal.reflect.DirectMethodHandleAccessor.invoke(DirectMethodHandleAccessor.java:103) ~[?:?]
	at java.base/java.lang.reflect.Method.invoke(Method.java:580) ~[?:?]
	at org.springframework.web.method.support.InvocableHandlerMethod.doInvoke(InvocableHandlerMethod.java:258) ~[spring-web-6.2.14.jar:6.2.14]
	at org.springframework.web.method.support.InvocableHandlerMethod.invokeForRequest(InvocableHandlerMethod.java:191) ~[spring-web-6.2.14.jar:6.2.14]
	at org.springframework.web.servlet.mvc.method.annotation.ServletInvocableHandlerMethod.invokeAndHandle(ServletInvocableHandlerMethod.java:118) ~[spring-webmvc-6.2.14.jar:6.2.14]
	at org.springframework.web.servlet.mvc.method.annotation.ExceptionHandlerExceptionResolver.doResolveHandlerMethodException(ExceptionHandlerExceptionResolver.java:471) ~[spring-webmvc-6.2.14.jar:6.2.14]
	at org.springframework.web.servlet.handler.AbstractHandlerMethodExceptionResolver.doResolveException(AbstractHandlerMethodExceptionResolver.java:73) ~[spring-webmvc-6.2.14.jar:6.2.14]
	at org.springframework.web.servlet.handler.AbstractHandlerExceptionResolver.resolveException(AbstractHandlerExceptionResolver.java:182) ~[spring-webmvc-6.2.14.jar:6.2.14]
	at org.springframework.web.servlet.handler.HandlerExceptionResolverComposite.resolveException(HandlerExceptionResolverComposite.java:80) ~[spring-webmvc-6.2.14.jar:6.2.14]
	at org.springframework.web.servlet.DispatcherServlet.processHandlerException(DispatcherServlet.java:1360) ~[spring-webmvc-6.2.14.jar:6.2.14]
	at org.springframework.web.servlet.DispatcherServlet.processDispatchResult(DispatcherServlet.java:1161) ~[spring-webmvc-6.2.14.jar:6.2.14]
	at org.springframework.web.servlet.DispatcherServlet.doDispatch(DispatcherServlet.java:1106) ~[spring-webmvc-6.2.14.jar:6.2.14]
	at org.springframework.web.servlet.DispatcherServlet.doService(DispatcherServlet.java:979) ~[spring-webmvc-6.2.14.jar:6.2.14]
	at org.springframework.web.servlet.FrameworkServlet.processRequest(FrameworkServlet.java:1014) ~[spring-webmvc-6.2.14.jar:6.2.14]
	at org.springframework.web.servlet.FrameworkServlet.doPost(FrameworkServlet.java:914) ~[spring-webmvc-6.2.14.jar:6.2.14]
	at jakarta.servlet.http.HttpServlet.service(HttpServlet.java:590) ~[tomcat-embed-core-10.1.49.jar:6.0]
	at org.springframework.web.servlet.FrameworkServlet.service(FrameworkServlet.java:885) ~[spring-webmvc-6.2.14.jar:6.2.14]
	at jakarta.servlet.http.HttpServlet.service(HttpServlet.java:658) ~[tomcat-embed-core-10.1.49.jar:6.0]
	at org.apache.catalina.core.ApplicationFilterChain.internalDoFilter(ApplicationFilterChain.java:193) ~[tomcat-embed-core-10.1.49.jar:10.1.49]
	at org.apache.catalina.core.ApplicationFilterChain.doFilter(ApplicationFilterChain.java:138) ~[tomcat-embed-core-10.1.49.jar:10.1.49]
	at org.apache.tomcat.websocket.server.WsFilter.doFilter(WsFilter.java:51) ~[tomcat-embed-websocket-10.1.49.jar:10.1.49]
	at org.apache.catalina.core.ApplicationFilterChain.internalDoFilter(ApplicationFilterChain.java:162) ~[tomcat-embed-core-10.1.49.jar:10.1.49]
	at org.apache.catalina.core.ApplicationFilterChain.doFilter(ApplicationFilterChain.java:138) ~[tomcat-embed-core-10.1.49.jar:10.1.49]
	at org.springframework.web.filter.CompositeFilter$VirtualFilterChain.doFilter(CompositeFilter.java:108) ~[spring-web-6.2.14.jar:6.2.14]
	at org.springframework.web.filter.CompositeFilter$VirtualFilterChain.doFilter(CompositeFilter.java:108) ~[spring-web-6.2.14.jar:6.2.14]
	at org.springframework.security.web.FilterChainProxy.lambda$doFilterInternal$3(FilterChainProxy.java:231) ~[spring-security-web-6.5.7.jar:6.5.7]
	at org.springframework.security.web.FilterChainProxy$VirtualFilterChain.doFilter(FilterChainProxy.java:365) ~[spring-security-web-6.5.7.jar:6.5.7]
	at org.springframework.security.web.access.intercept.AuthorizationFilter.doFilter(AuthorizationFilter.java:101) ~[spring-security-web-6.5.7.jar:6.5.7]
	at org.springframework.security.web.FilterChainProxy$VirtualFilterChain.doFilter(FilterChainProxy.java:374) ~[spring-security-web-6.5.7.jar:6.5.7]
	at org.springframework.security.web.access.ExceptionTranslationFilter.doFilter(ExceptionTranslationFilter.java:125) ~[spring-security-web-6.5.7.jar:6.5.7]
	at org.springframework.security.web.access.ExceptionTranslationFilter.doFilter(ExceptionTranslationFilter.java:119) ~[spring-security-web-6.5.7.jar:6.5.7]
	at org.springframework.security.web.FilterChainProxy$VirtualFilterChain.doFilter(FilterChainProxy.java:374) ~[spring-security-web-6.5.7.jar:6.5.7]
	at org.springframework.security.web.authentication.AnonymousAuthenticationFilter.doFilter(AnonymousAuthenticationFilter.java:100) ~[spring-security-web-6.5.7.jar:6.5.7]
	at org.springframework.security.web.FilterChainProxy$VirtualFilterChain.doFilter(FilterChainProxy.java:374) ~[spring-security-web-6.5.7.jar:6.5.7]
	at org.springframework.security.web.servletapi.SecurityContextHolderAwareRequestFilter.doFilter(SecurityContextHolderAwareRequestFilter.java:179) ~[spring-security-web-6.5.7.jar:6.5.7]
	at org.springframework.security.web.FilterChainProxy$VirtualFilterChain.doFilter(FilterChainProxy.java:374) ~[spring-security-web-6.5.7.jar:6.5.7]
	at org.springframework.security.web.savedrequest.RequestCacheAwareFilter.doFilter(RequestCacheAwareFilter.java:63) ~[spring-security-web-6.5.7.jar:6.5.7]
	at org.springframework.security.web.FilterChainProxy$VirtualFilterChain.doFilter(FilterChainProxy.java:374) ~[spring-security-web-6.5.7.jar:6.5.7]
	at org.springframework.security.web.authentication.AuthenticationFilter.doFilterInternal(AuthenticationFilter.java:177) ~[spring-security-web-6.5.7.jar:6.5.7]
	at org.springframework.web.filter.OncePerRequestFilter.doFilter(OncePerRequestFilter.java:116) ~[spring-web-6.2.14.jar:6.2.14]
	at org.springframework.security.web.FilterChainProxy$VirtualFilterChain.doFilter(FilterChainProxy.java:374) ~[spring-security-web-6.5.7.jar:6.5.7]
	at org.springframework.security.oauth2.server.resource.web.authentication.BearerTokenAuthenticationFilter.doFilterInternal(BearerTokenAuthenticationFilter.java:158) ~[spring-security-oauth2-resource-server-6.5.7.jar:6.5.7]
	at org.springframework.web.filter.OncePerRequestFilter.doFilter(OncePerRequestFilter.java:116) ~[spring-web-6.2.14.jar:6.2.14]
	at org.springframework.security.web.FilterChainProxy$VirtualFilterChain.doFilter(FilterChainProxy.java:374) ~[spring-security-web-6.5.7.jar:6.5.7]
	at org.springframework.security.web.authentication.logout.LogoutFilter.doFilter(LogoutFilter.java:107) ~[spring-security-web-6.5.7.jar:6.5.7]
	at org.springframework.security.web.authentication.logout.LogoutFilter.doFilter(LogoutFilter.java:93) ~[spring-security-web-6.5.7.jar:6.5.7]
	at org.springframework.security.web.FilterChainProxy$VirtualFilterChain.doFilter(FilterChainProxy.java:374) ~[spring-security-web-6.5.7.jar:6.5.7]
	at org.springframework.web.filter.CorsFilter.doFilterInternal(CorsFilter.java:91) ~[spring-web-6.2.14.jar:6.2.14]
	at org.springframework.web.filter.OncePerRequestFilter.doFilter(OncePerRequestFilter.java:116) ~[spring-web-6.2.14.jar:6.2.14]
	at org.springframework.security.web.FilterChainProxy$VirtualFilterChain.doFilter(FilterChainProxy.java:374) ~[spring-security-web-6.5.7.jar:6.5.7]
	at org.springframework.security.web.header.HeaderWriterFilter.doHeadersAfter(HeaderWriterFilter.java:90) ~[spring-security-web-6.5.7.jar:6.5.7]
	at org.springframework.security.web.header.HeaderWriterFilter.doFilterInternal(HeaderWriterFilter.java:75) ~[spring-security-web-6.5.7.jar:6.5.7]
	at org.springframework.web.filter.OncePerRequestFilter.doFilter(OncePerRequestFilter.java:116) ~[spring-web-6.2.14.jar:6.2.14]
	at org.springframework.security.web.FilterChainProxy$VirtualFilterChain.doFilter(FilterChainProxy.java:374) ~[spring-security-web-6.5.7.jar:6.5.7]
	at org.springframework.security.web.context.SecurityContextHolderFilter.doFilter(SecurityContextHolderFilter.java:82) ~[spring-security-web-6.5.7.jar:6.5.7]
	at org.springframework.security.web.context.SecurityContextHolderFilter.doFilter(SecurityContextHolderFilter.java:69) ~[spring-security-web-6.5.7.jar:6.5.7]
	at org.springframework.security.web.FilterChainProxy$VirtualFilterChain.doFilter(FilterChainProxy.java:374) ~[spring-security-web-6.5.7.jar:6.5.7]
	at org.springframework.security.web.context.request.async.WebAsyncManagerIntegrationFilter.doFilterInternal(WebAsyncManagerIntegrationFilter.java:62) ~[spring-security-web-6.5.7.jar:6.5.7]
	at org.springframework.web.filter.OncePerRequestFilter.doFilter(OncePerRequestFilter.java:116) ~[spring-web-6.2.14.jar:6.2.14]
	at org.springframework.security.web.FilterChainProxy$VirtualFilterChain.doFilter(FilterChainProxy.java:374) ~[spring-security-web-6.5.7.jar:6.5.7]
	at org.springframework.security.web.session.DisableEncodeUrlFilter.doFilterInternal(DisableEncodeUrlFilter.java:42) ~[spring-security-web-6.5.7.jar:6.5.7]
	at org.springframework.web.filter.OncePerRequestFilter.doFilter(OncePerRequestFilter.java:116) ~[spring-web-6.2.14.jar:6.2.14]
	at org.springframework.security.web.FilterChainProxy$VirtualFilterChain.doFilter(FilterChainProxy.java:374) ~[spring-security-web-6.5.7.jar:6.5.7]
	at org.springframework.security.web.FilterChainProxy.doFilterInternal(FilterChainProxy.java:233) ~[spring-security-web-6.5.7.jar:6.5.7]
	at org.springframework.security.web.FilterChainProxy.doFilter(FilterChainProxy.java:191) ~[spring-security-web-6.5.7.jar:6.5.7]
	at org.springframework.web.filter.CompositeFilter$VirtualFilterChain.doFilter(CompositeFilter.java:113) ~[spring-web-6.2.14.jar:6.2.14]
	at org.springframework.web.filter.ServletRequestPathFilter.doFilter(ServletRequestPathFilter.java:52) ~[spring-web-6.2.14.jar:6.2.14]
	at org.springframework.web.filter.CompositeFilter$VirtualFilterChain.doFilter(CompositeFilter.java:113) ~[spring-web-6.2.14.jar:6.2.14]
	at org.springframework.web.filter.CompositeFilter.doFilter(CompositeFilter.java:74) ~[spring-web-6.2.14.jar:6.2.14]
	at org.springframework.security.config.annotation.web.configuration.WebSecurityConfiguration$CompositeFilterChainProxy.doFilter(WebSecurityConfiguration.java:319) ~[spring-security-config-6.5.7.jar:6.5.7]
	at org.springframework.web.filter.CompositeFilter$VirtualFilterChain.doFilter(CompositeFilter.java:113) ~[spring-web-6.2.14.jar:6.2.14]
	at org.springframework.web.servlet.handler.HandlerMappingIntrospector.lambda$createCacheFilter$4(HandlerMappingIntrospector.java:267) ~[spring-webmvc-6.2.14.jar:6.2.14]
	at org.springframework.web.filter.CompositeFilter$VirtualFilterChain.doFilter(CompositeFilter.java:113) ~[spring-web-6.2.14.jar:6.2.14]
	at org.springframework.web.filter.CompositeFilter.doFilter(CompositeFilter.java:74) ~[spring-web-6.2.14.jar:6.2.14]
	at org.springframework.security.config.annotation.web.configuration.WebMvcSecurityConfiguration$CompositeFilterChainProxy.doFilter(WebMvcSecurityConfiguration.java:240) ~[spring-security-config-6.5.7.jar:6.5.7]
	at org.springframework.web.filter.DelegatingFilterProxy.invokeDelegate(DelegatingFilterProxy.java:362) ~[spring-web-6.2.14.jar:6.2.14]
	at org.springframework.web.filter.DelegatingFilterProxy.doFilter(DelegatingFilterProxy.java:278) ~[spring-web-6.2.14.jar:6.2.14]
	at org.apache.catalina.core.ApplicationFilterChain.internalDoFilter(ApplicationFilterChain.java:162) ~[tomcat-embed-core-10.1.49.jar:10.1.49]
	at org.apache.catalina.core.ApplicationFilterChain.doFilter(ApplicationFilterChain.java:138) ~[tomcat-embed-core-10.1.49.jar:10.1.49]
	at org.springframework.web.filter.RequestContextFilter.doFilterInternal(RequestContextFilter.java:100) ~[spring-web-6.2.14.jar:6.2.14]
	at org.springframework.web.filter.OncePerRequestFilter.doFilter(OncePerRequestFilter.java:116) ~[spring-web-6.2.14.jar:6.2.14]
	at org.apache.catalina.core.ApplicationFilterChain.internalDoFilter(ApplicationFilterChain.java:162) ~[tomcat-embed-core-10.1.49.jar:10.1.49]
	at org.apache.catalina.core.ApplicationFilterChain.doFilter(ApplicationFilterChain.java:138) ~[tomcat-embed-core-10.1.49.jar:10.1.49]
	at org.springframework.web.filter.FormContentFilter.doFilterInternal(FormContentFilter.java:93) ~[spring-web-6.2.14.jar:6.2.14]
	at org.springframework.web.filter.OncePerRequestFilter.doFilter(OncePerRequestFilter.java:116) ~[spring-web-6.2.14.jar:6.2.14]
	at org.apache.catalina.core.ApplicationFilterChain.internalDoFilter(ApplicationFilterChain.java:162) ~[tomcat-embed-core-10.1.49.jar:10.1.49]
	at org.apache.catalina.core.ApplicationFilterChain.doFilter(ApplicationFilterChain.java:138) ~[tomcat-embed-core-10.1.49.jar:10.1.49]
	at org.springframework.web.filter.CharacterEncodingFilter.doFilterInternal(CharacterEncodingFilter.java:201) ~[spring-web-6.2.14.jar:6.2.14]
	at org.springframework.web.filter.OncePerRequestFilter.doFilter(OncePerRequestFilter.java:116) ~[spring-web-6.2.14.jar:6.2.14]
	at org.apache.catalina.core.ApplicationFilterChain.internalDoFilter(ApplicationFilterChain.java:162) ~[tomcat-embed-core-10.1.49.jar:10.1.49]
	at org.apache.catalina.core.ApplicationFilterChain.doFilter(ApplicationFilterChain.java:138) ~[tomcat-embed-core-10.1.49.jar:10.1.49]
	at org.apache.catalina.core.StandardWrapperValve.invoke(StandardWrapperValve.java:165) ~[tomcat-embed-core-10.1.49.jar:10.1.49]
	at org.apache.catalina.core.StandardContextValve.invoke(StandardContextValve.java:88) ~[tomcat-embed-core-10.1.49.jar:10.1.49]
	at org.apache.catalina.authenticator.AuthenticatorBase.invoke(AuthenticatorBase.java:482) ~[tomcat-embed-core-10.1.49.jar:10.1.49]
	at org.apache.catalina.core.StandardHostValve.invoke(StandardHostValve.java:113) ~[tomcat-embed-core-10.1.49.jar:10.1.49]
	at org.apache.catalina.valves.ErrorReportValve.invoke(ErrorReportValve.java:83) ~[tomcat-embed-core-10.1.49.jar:10.1.49]
	at org.apache.catalina.core.StandardEngineValve.invoke(StandardEngineValve.java:72) ~[tomcat-embed-core-10.1.49.jar:10.1.49]
	at org.apache.catalina.connector.CoyoteAdapter.service(CoyoteAdapter.java:342) ~[tomcat-embed-core-10.1.49.jar:10.1.49]
	at org.apache.coyote.http11.Http11Processor.service(Http11Processor.java:399) ~[tomcat-embed-core-10.1.49.jar:10.1.49]
	at org.apache.coyote.AbstractProcessorLight.process(AbstractProcessorLight.java:63) ~[tomcat-embed-core-10.1.49.jar:10.1.49]
	at org.apache.coyote.AbstractProtocol$ConnectionHandler.process(AbstractProtocol.java:903) ~[tomcat-embed-core-10.1.49.jar:10.1.49]
	at org.apache.tomcat.util.net.NioEndpoint$SocketProcessor.doRun(NioEndpoint.java:1774) ~[tomcat-embed-core-10.1.49.jar:10.1.49]
	at org.apache.tomcat.util.net.SocketProcessorBase.run(SocketProcessorBase.java:52) ~[tomcat-embed-core-10.1.49.jar:10.1.49]
	at java.base/java.lang.VirtualThread.run(VirtualThread.java:329) ~[?:?]
Caused by: org.springframework.dao.DataIntegrityViolationException: could not execute statement [ORA-01400: cannot insert NULL into ("PLAYGROUND"."CLIENT_USERS"."DOB")

https://docs.oracle.com/error-help/db/ora-01400/] [insert into playground.client_users (account_expiry_date,account_number,account_open_date,account_title,address,address_type,city,client_id,client_name,country,district,division,dob,email,father_name,gender,limit_amount,marital_status,mobile_number,mother_name,nid_number,office_code,thana,updated_at,zip_code,id) values (?,?,?,?,?,?,?,?,?,?,?,?,?,?,?,?,?,?,?,?,?,?,?,?,?,default)]; SQL [insert into playground.client_users (account_expiry_date,account_number,account_open_date,account_title,address,address_type,city,client_id,client_name,country,district,division,dob,email,father_name,gender,limit_amount,marital_status,mobile_number,mother_name,nid_number,office_code,thana,updated_at,zip_code,id) values (?,?,?,?,?,?,?,?,?,?,?,?,?,?,?,?,?,?,?,?,?,?,?,?,?,default)]; constraint [null]
	at org.springframework.orm.jpa.vendor.HibernateJpaDialect.convertHibernateAccessException(HibernateJpaDialect.java:294) ~[spring-orm-6.2.14.jar:6.2.14]
	at org.springframework.orm.jpa.vendor.HibernateJpaDialect.convertHibernateAccessException(HibernateJpaDialect.java:256) ~[spring-orm-6.2.14.jar:6.2.14]
	at org.springframework.orm.jpa.vendor.HibernateJpaDialect.translateExceptionIfPossible(HibernateJpaDialect.java:241) ~[spring-orm-6.2.14.jar:6.2.14]
	at org.springframework.orm.jpa.AbstractEntityManagerFactoryBean.translateExceptionIfPossible(AbstractEntityManagerFactoryBean.java:560) ~[spring-orm-6.2.14.jar:6.2.14]
	at org.springframework.dao.support.ChainedPersistenceExceptionTranslator.translateExceptionIfPossible(ChainedPersistenceExceptionTranslator.java:61) ~[spring-tx-6.2.14.jar:6.2.14]
	at org.springframework.dao.support.DataAccessUtils.translateIfNecessary(DataAccessUtils.java:343) ~[spring-tx-6.2.14.jar:6.2.14]
	at org.springframework.dao.support.PersistenceExceptionTranslationInterceptor.invoke(PersistenceExceptionTranslationInterceptor.java:160) ~[spring-tx-6.2.14.jar:6.2.14]
	at org.springframework.aop.framework.ReflectiveMethodInvocation.proceed(ReflectiveMethodInvocation.java:184) ~[spring-aop-6.2.14.jar:6.2.14]
	at org.springframework.data.jpa.repository.support.CrudMethodMetadataPostProcessor$CrudMethodMetadataPopulatingMethodInterceptor.invoke(CrudMethodMetadataPostProcessor.java:165) ~[spring-data-jpa-3.5.6.jar:3.5.6]
	at org.springframework.aop.framework.ReflectiveMethodInvocation.proceed(ReflectiveMethodInvocation.java:184) ~[spring-aop-6.2.14.jar:6.2.14]
	at org.springframework.aop.framework.JdkDynamicAopProxy.invoke(JdkDynamicAopProxy.java:223) ~[spring-aop-6.2.14.jar:6.2.14]
	at jdk.proxy4/jdk.proxy4.$Proxy172.save(Unknown Source) ~[?:?]
	at com.leads.sandbox.test.project.registration.ClientServiceImpl.registerClientId(ClientServiceImpl.java:27) ~[classes/:?]
	at com.leads.sandbox.test.project.registration.ClientRegistrationController.generateClientId(ClientRegistrationController.java:22) ~[classes/:?]
	at java.base/jdk.internal.reflect.DirectMethodHandleAccessor.invoke(DirectMethodHandleAccessor.java:103) ~[?:?]
	at java.base/java.lang.reflect.Method.invoke(Method.java:580) ~[?:?]
	at org.springframework.web.method.support.InvocableHandlerMethod.doInvoke(InvocableHandlerMethod.java:258) ~[spring-web-6.2.14.jar:6.2.14]
	at org.springframework.web.method.support.InvocableHandlerMethod.invokeForRequest(InvocableHandlerMethod.java:191) ~[spring-web-6.2.14.jar:6.2.14]
	at org.springframework.web.servlet.mvc.method.annotation.ServletInvocableHandlerMethod.invokeAndHandle(ServletInvocableHandlerMethod.java:118) ~[spring-webmvc-6.2.14.jar:6.2.14]
	at org.springframework.web.servlet.mvc.method.annotation.RequestMappingHandlerAdapter.invokeHandlerMethod(RequestMappingHandlerAdapter.java:991) ~[spring-webmvc-6.2.14.jar:6.2.14]
	at org.springframework.web.servlet.mvc.method.annotation.RequestMappingHandlerAdapter.handleInternal(RequestMappingHandlerAdapter.java:896) ~[spring-webmvc-6.2.14.jar:6.2.14]
	at org.springframework.web.servlet.mvc.method.AbstractHandlerMethodAdapter.handle(AbstractHandlerMethodAdapter.java:87) ~[spring-webmvc-6.2.14.jar:6.2.14]
	at org.springframework.web.servlet.DispatcherServlet.doDispatch(DispatcherServlet.java:1089) ~[spring-webmvc-6.2.14.jar:6.2.14]
	... 92 more
Caused by: org.hibernate.exception.ConstraintViolationException: could not execute statement [ORA-01400: cannot insert NULL into ("PLAYGROUND"."CLIENT_USERS"."DOB")

https://docs.oracle.com/error-help/db/ora-01400/] [insert into playground.client_users (account_expiry_date,account_number,account_open_date,account_title,address,address_type,city,client_id,client_name,country,district,division,dob,email,father_name,gender,limit_amount,marital_status,mobile_number,mother_name,nid_number,office_code,thana,updated_at,zip_code,id) values (?,?,?,?,?,?,?,?,?,?,?,?,?,?,?,?,?,?,?,?,?,?,?,?,?,default)]
	at org.hibernate.exception.internal.SQLExceptionTypeDelegate.convert(SQLExceptionTypeDelegate.java:62) ~[hibernate-core-6.6.36.Final.jar:6.6.36.Final]
	at org.hibernate.exception.internal.StandardSQLExceptionConverter.convert(StandardSQLExceptionConverter.java:58) ~[hibernate-core-6.6.36.Final.jar:6.6.36.Final]
	at org.hibernate.engine.jdbc.spi.SqlExceptionHelper.convert(SqlExceptionHelper.java:108) ~[hibernate-core-6.6.36.Final.jar:6.6.36.Final]
	at org.hibernate.engine.jdbc.internal.ResultSetReturnImpl.executeUpdate(ResultSetReturnImpl.java:197) ~[hibernate-core-6.6.36.Final.jar:6.6.36.Final]
	at org.hibernate.id.insert.GetGeneratedKeysDelegate.performMutation(GetGeneratedKeysDelegate.java:116) ~[hibernate-core-6.6.36.Final.jar:6.6.36.Final]
	at org.hibernate.engine.jdbc.mutation.internal.MutationExecutorSingleNonBatched.performNonBatchedOperations(MutationExecutorSingleNonBatched.java:47) ~[hibernate-core-6.6.36.Final.jar:6.6.36.Final]
	at org.hibernate.engine.jdbc.mutation.internal.AbstractMutationExecutor.execute(AbstractMutationExecutor.java:55) ~[hibernate-core-6.6.36.Final.jar:6.6.36.Final]
	at org.hibernate.persister.entity.mutation.InsertCoordinatorStandard.doStaticInserts(InsertCoordinatorStandard.java:194) ~[hibernate-core-6.6.36.Final.jar:6.6.36.Final]
	at org.hibernate.persister.entity.mutation.InsertCoordinatorStandard.coordinateInsert(InsertCoordinatorStandard.java:132) ~[hibernate-core-6.6.36.Final.jar:6.6.36.Final]
	at org.hibernate.persister.entity.mutation.InsertCoordinatorStandard.insert(InsertCoordinatorStandard.java:95) ~[hibernate-core-6.6.36.Final.jar:6.6.36.Final]
	at org.hibernate.action.internal.EntityIdentityInsertAction.execute(EntityIdentityInsertAction.java:85) ~[hibernate-core-6.6.36.Final.jar:6.6.36.Final]
	at org.hibernate.engine.spi.ActionQueue.execute(ActionQueue.java:682) ~[hibernate-core-6.6.36.Final.jar:6.6.36.Final]
	at org.hibernate.engine.spi.ActionQueue.addResolvedEntityInsertAction(ActionQueue.java:293) ~[hibernate-core-6.6.36.Final.jar:6.6.36.Final]
	at org.hibernate.engine.spi.ActionQueue.addInsertAction(ActionQueue.java:274) ~[hibernate-core-6.6.36.Final.jar:6.6.36.Final]
	at org.hibernate.engine.spi.ActionQueue.addAction(ActionQueue.java:324) ~[hibernate-core-6.6.36.Final.jar:6.6.36.Final]
	at org.hibernate.event.internal.AbstractSaveEventListener.addInsertAction(AbstractSaveEventListener.java:394) ~[hibernate-core-6.6.36.Final.jar:6.6.36.Final]
	at org.hibernate.event.internal.AbstractSaveEventListener.performSaveOrReplicate(AbstractSaveEventListener.java:308) ~[hibernate-core-6.6.36.Final.jar:6.6.36.Final]
	at org.hibernate.event.internal.AbstractSaveEventListener.performSave(AbstractSaveEventListener.java:224) ~[hibernate-core-6.6.36.Final.jar:6.6.36.Final]
	at org.hibernate.event.internal.AbstractSaveEventListener.saveWithGeneratedId(AbstractSaveEventListener.java:136) ~[hibernate-core-6.6.36.Final.jar:6.6.36.Final]
	at org.hibernate.event.internal.DefaultPersistEventListener.entityIsTransient(DefaultPersistEventListener.java:177) ~[hibernate-core-6.6.36.Final.jar:6.6.36.Final]
	at org.hibernate.event.internal.DefaultPersistEventListener.persist(DefaultPersistEventListener.java:95) ~[hibernate-core-6.6.36.Final.jar:6.6.36.Final]
	at org.hibernate.event.internal.DefaultPersistEventListener.onPersist(DefaultPersistEventListener.java:79) ~[hibernate-core-6.6.36.Final.jar:6.6.36.Final]
	at org.hibernate.event.internal.DefaultPersistEventListener.onPersist(DefaultPersistEventListener.java:55) ~[hibernate-core-6.6.36.Final.jar:6.6.36.Final]
	at org.hibernate.event.service.internal.EventListenerGroupImpl.fireEventOnEachListener(EventListenerGroupImpl.java:127) ~[hibernate-core-6.6.36.Final.jar:6.6.36.Final]
	at org.hibernate.internal.SessionImpl.firePersist(SessionImpl.java:761) ~[hibernate-core-6.6.36.Final.jar:6.6.36.Final]
	at org.hibernate.internal.SessionImpl.persist(SessionImpl.java:745) ~[hibernate-core-6.6.36.Final.jar:6.6.36.Final]
	at java.base/jdk.internal.reflect.DirectMethodHandleAccessor.invoke(DirectMethodHandleAccessor.java:103) ~[?:?]
	at java.base/java.lang.reflect.Method.invoke(Method.java:580) ~[?:?]
	at org.springframework.orm.jpa.ExtendedEntityManagerCreator$ExtendedEntityManagerInvocationHandler.invoke(ExtendedEntityManagerCreator.java:364) ~[spring-orm-6.2.14.jar:6.2.14]
	at jdk.proxy4/jdk.proxy4.$Proxy159.persist(Unknown Source) ~[?:?]
	at java.base/jdk.internal.reflect.DirectMethodHandleAccessor.invoke(DirectMethodHandleAccessor.java:103) ~[?:?]
	at java.base/java.lang.reflect.Method.invoke(Method.java:580) ~[?:?]
	at org.springframework.orm.jpa.SharedEntityManagerCreator$SharedEntityManagerInvocationHandler.invoke(SharedEntityManagerCreator.java:320) ~[spring-orm-6.2.14.jar:6.2.14]
	at jdk.proxy4/jdk.proxy4.$Proxy159.persist(Unknown Source) ~[?:?]
	at org.springframework.data.jpa.repository.support.SimpleJpaRepository.save(SimpleJpaRepository.java:654) ~[spring-data-jpa-3.5.6.jar:3.5.6]
	at java.base/jdk.internal.reflect.DirectMethodHandleAccessor.invoke(DirectMethodHandleAccessor.java:103) ~[?:?]
	at java.base/java.lang.reflect.Method.invoke(Method.java:580) ~[?:?]
	at org.springframework.aop.support.AopUtils.invokeJoinpointUsingReflection(AopUtils.java:360) ~[spring-aop-6.2.14.jar:6.2.14]
	at org.springframework.data.repository.core.support.RepositoryMethodInvoker$RepositoryFragmentMethodInvoker.lambda$new$0(RepositoryMethodInvoker.java:277) ~[spring-data-commons-3.5.6.jar:3.5.6]
	at org.springframework.data.repository.core.support.RepositoryMethodInvoker.doInvoke(RepositoryMethodInvoker.java:170) ~[spring-data-commons-3.5.6.jar:3.5.6]
	at org.springframework.data.repository.core.support.RepositoryMethodInvoker.invoke(RepositoryMethodInvoker.java:158) ~[spring-data-commons-3.5.6.jar:3.5.6]
	at org.springframework.data.repository.core.support.RepositoryComposition$RepositoryFragments.invoke(RepositoryComposition.java:515) ~[spring-data-commons-3.5.6.jar:3.5.6]
	at org.springframework.data.repository.core.support.RepositoryComposition.invoke(RepositoryComposition.java:284) ~[spring-data-commons-3.5.6.jar:3.5.6]
	at org.springframework.data.repository.core.support.RepositoryFactorySupport$ImplementationMethodExecutionInterceptor.invoke(RepositoryFactorySupport.java:734) ~[spring-data-commons-3.5.6.jar:3.5.6]
	at org.springframework.aop.framework.ReflectiveMethodInvocation.proceed(ReflectiveMethodInvocation.java:184) ~[spring-aop-6.2.14.jar:6.2.14]
	at org.springframework.data.repository.core.support.QueryExecutorMethodInterceptor.doInvoke(QueryExecutorMethodInterceptor.java:174) ~[spring-data-commons-3.5.6.jar:3.5.6]
	at org.springframework.data.repository.core.support.QueryExecutorMethodInterceptor.invoke(QueryExecutorMethodInterceptor.java:149) ~[spring-data-commons-3.5.6.jar:3.5.6]
	at org.springframework.aop.framework.ReflectiveMethodInvocation.proceed(ReflectiveMethodInvocation.java:184) ~[spring-aop-6.2.14.jar:6.2.14]
	at org.springframework.data.projection.DefaultMethodInvokingMethodInterceptor.invoke(DefaultMethodInvokingMethodInterceptor.java:69) ~[spring-data-commons-3.5.6.jar:3.5.6]
	at org.springframework.aop.framework.ReflectiveMethodInvocation.proceed(ReflectiveMethodInvocation.java:184) ~[spring-aop-6.2.14.jar:6.2.14]
	at org.springframework.transaction.interceptor.TransactionAspectSupport.invokeWithinTransaction(TransactionAspectSupport.java:380) ~[spring-tx-6.2.14.jar:6.2.14]
	at org.springframework.transaction.interceptor.TransactionInterceptor.invoke(TransactionInterceptor.java:119) ~[spring-tx-6.2.14.jar:6.2.14]
	at org.springframework.aop.framework.ReflectiveMethodInvocation.proceed(ReflectiveMethodInvocation.java:184) ~[spring-aop-6.2.14.jar:6.2.14]
	at org.springframework.dao.support.PersistenceExceptionTranslationInterceptor.invoke(PersistenceExceptionTranslationInterceptor.java:138) ~[spring-tx-6.2.14.jar:6.2.14]
	at org.springframework.aop.framework.ReflectiveMethodInvocation.proceed(ReflectiveMethodInvocation.java:184) ~[spring-aop-6.2.14.jar:6.2.14]
	at org.springframework.data.jpa.repository.support.CrudMethodMetadataPostProcessor$CrudMethodMetadataPopulatingMethodInterceptor.invoke(CrudMethodMetadataPostProcessor.java:165) ~[spring-data-jpa-3.5.6.jar:3.5.6]
	at org.springframework.aop.framework.ReflectiveMethodInvocation.proceed(ReflectiveMethodInvocation.java:184) ~[spring-aop-6.2.14.jar:6.2.14]
	at org.springframework.aop.framework.JdkDynamicAopProxy.invoke(JdkDynamicAopProxy.java:223) ~[spring-aop-6.2.14.jar:6.2.14]
	at jdk.proxy4/jdk.proxy4.$Proxy172.save(Unknown Source) ~[?:?]
	at com.leads.sandbox.test.project.registration.ClientServiceImpl.registerClientId(ClientServiceImpl.java:27) ~[classes/:?]
	at com.leads.sandbox.test.project.registration.ClientRegistrationController.generateClientId(ClientRegistrationController.java:22) ~[classes/:?]
	at java.base/jdk.internal.reflect.DirectMethodHandleAccessor.invoke(DirectMethodHandleAccessor.java:103) ~[?:?]
	at java.base/java.lang.reflect.Method.invoke(Method.java:580) ~[?:?]
	at org.springframework.web.method.support.InvocableHandlerMethod.doInvoke(InvocableHandlerMethod.java:258) ~[spring-web-6.2.14.jar:6.2.14]
	at org.springframework.web.method.support.InvocableHandlerMethod.invokeForRequest(InvocableHandlerMethod.java:191) ~[spring-web-6.2.14.jar:6.2.14]
	at org.springframework.web.servlet.mvc.method.annotation.ServletInvocableHandlerMethod.invokeAndHandle(ServletInvocableHandlerMethod.java:118) ~[spring-webmvc-6.2.14.jar:6.2.14]
	at org.springframework.web.servlet.mvc.method.annotation.RequestMappingHandlerAdapter.invokeHandlerMethod(RequestMappingHandlerAdapter.java:991) ~[spring-webmvc-6.2.14.jar:6.2.14]
	at org.springframework.web.servlet.mvc.method.annotation.RequestMappingHandlerAdapter.handleInternal(RequestMappingHandlerAdapter.java:896) ~[spring-webmvc-6.2.14.jar:6.2.14]
	at org.springframework.web.servlet.mvc.method.AbstractHandlerMethodAdapter.handle(AbstractHandlerMethodAdapter.java:87) ~[spring-webmvc-6.2.14.jar:6.2.14]
	at org.springframework.web.servlet.DispatcherServlet.doDispatch(DispatcherServlet.java:1089) ~[spring-webmvc-6.2.14.jar:6.2.14]
	... 92 more
Caused by: java.sql.SQLIntegrityConstraintViolationException: ORA-01400: cannot insert NULL into ("PLAYGROUND"."CLIENT_USERS"."DOB")

https://docs.oracle.com/error-help/db/ora-01400/
	at oracle.jdbc.driver.T4CTTIoer11.processError(T4CTTIoer11.java:715) ~[ojdbc17-23.9.0.25.07.jar:23.9.0.25.07]
	at oracle.jdbc.driver.T4CTTIoer11.processError(T4CTTIoer11.java:615) ~[ojdbc17-23.9.0.25.07.jar:23.9.0.25.07]
	at oracle.jdbc.driver.T4C8Oall.processError(T4C8Oall.java:1372) ~[ojdbc17-23.9.0.25.07.jar:23.9.0.25.07]
	at oracle.jdbc.driver.T4CTTIfun.receive(T4CTTIfun.java:972) ~[ojdbc17-23.9.0.25.07.jar:23.9.0.25.07]
	at oracle.jdbc.driver.T4CTTIfun.doRPC(T4CTTIfun.java:237) ~[ojdbc17-23.9.0.25.07.jar:23.9.0.25.07]
	at oracle.jdbc.driver.T4C8Oall.doOALL(T4C8Oall.java:524) ~[ojdbc17-23.9.0.25.07.jar:23.9.0.25.07]
	at oracle.jdbc.driver.T4CPreparedStatement.doOall8(T4CPreparedStatement.java:298) ~[ojdbc17-23.9.0.25.07.jar:23.9.0.25.07]
	at oracle.jdbc.driver.T4CPreparedStatement.executeForRows(T4CPreparedStatement.java:1510) ~[ojdbc17-23.9.0.25.07.jar:23.9.0.25.07]
	at oracle.jdbc.driver.OracleStatement.executeSQLStatement(OracleStatement.java:2020) ~[ojdbc17-23.9.0.25.07.jar:23.9.0.25.07]
	at oracle.jdbc.driver.OracleStatement.doExecuteWithTimeout(OracleStatement.java:1633) ~[ojdbc17-23.9.0.25.07.jar:23.9.0.25.07]
	at oracle.jdbc.driver.OraclePreparedStatement.executeInternal(OraclePreparedStatement.java:3973) ~[ojdbc17-23.9.0.25.07.jar:23.9.0.25.07]
	at oracle.jdbc.driver.OraclePreparedStatement.doExecuteLargeUpdate(OraclePreparedStatement.java:4339) ~[ojdbc17-23.9.0.25.07.jar:23.9.0.25.07]
	at oracle.jdbc.driver.OraclePreparedStatement.executeLargeUpdate(OraclePreparedStatement.java:4316) ~[ojdbc17-23.9.0.25.07.jar:23.9.0.25.07]
	at oracle.jdbc.driver.OraclePreparedStatement.executeUpdate(OraclePreparedStatement.java:4291) ~[ojdbc17-23.9.0.25.07.jar:23.9.0.25.07]
	at oracle.jdbc.driver.OraclePreparedStatementWrapper.executeUpdate(OraclePreparedStatementWrapper.java:1007) ~[ojdbc17-23.9.0.25.07.jar:23.9.0.25.07]
	at com.zaxxer.hikari.pool.ProxyPreparedStatement.executeUpdate(ProxyPreparedStatement.java:61) ~[HikariCP-6.3.3.jar:?]
	at com.zaxxer.hikari.pool.HikariProxyPreparedStatement.executeUpdate(HikariProxyPreparedStatement.java) ~[HikariCP-6.3.3.jar:?]
	at org.hibernate.engine.jdbc.internal.ResultSetReturnImpl.executeUpdate(ResultSetReturnImpl.java:194) ~[hibernate-core-6.6.36.Final.jar:6.6.36.Final]
	at org.hibernate.id.insert.GetGeneratedKeysDelegate.performMutation(GetGeneratedKeysDelegate.java:116) ~[hibernate-core-6.6.36.Final.jar:6.6.36.Final]
	at org.hibernate.engine.jdbc.mutation.internal.MutationExecutorSingleNonBatched.performNonBatchedOperations(MutationExecutorSingleNonBatched.java:47) ~[hibernate-core-6.6.36.Final.jar:6.6.36.Final]
	at org.hibernate.engine.jdbc.mutation.internal.AbstractMutationExecutor.execute(AbstractMutationExecutor.java:55) ~[hibernate-core-6.6.36.Final.jar:6.6.36.Final]
	at org.hibernate.persister.entity.mutation.InsertCoordinatorStandard.doStaticInserts(InsertCoordinatorStandard.java:194) ~[hibernate-core-6.6.36.Final.jar:6.6.36.Final]
	at org.hibernate.persister.entity.mutation.InsertCoordinatorStandard.coordinateInsert(InsertCoordinatorStandard.java:132) ~[hibernate-core-6.6.36.Final.jar:6.6.36.Final]
	at org.hibernate.persister.entity.mutation.InsertCoordinatorStandard.insert(InsertCoordinatorStandard.java:95) ~[hibernate-core-6.6.36.Final.jar:6.6.36.Final]
	at org.hibernate.action.internal.EntityIdentityInsertAction.execute(EntityIdentityInsertAction.java:85) ~[hibernate-core-6.6.36.Final.jar:6.6.36.Final]
	at org.hibernate.engine.spi.ActionQueue.execute(ActionQueue.java:682) ~[hibernate-core-6.6.36.Final.jar:6.6.36.Final]
	at org.hibernate.engine.spi.ActionQueue.addResolvedEntityInsertAction(ActionQueue.java:293) ~[hibernate-core-6.6.36.Final.jar:6.6.36.Final]
	at org.hibernate.engine.spi.ActionQueue.addInsertAction(ActionQueue.java:274) ~[hibernate-core-6.6.36.Final.jar:6.6.36.Final]
	at org.hibernate.engine.spi.ActionQueue.addAction(ActionQueue.java:324) ~[hibernate-core-6.6.36.Final.jar:6.6.36.Final]
	at org.hibernate.event.internal.AbstractSaveEventListener.addInsertAction(AbstractSaveEventListener.java:394) ~[hibernate-core-6.6.36.Final.jar:6.6.36.Final]
	at org.hibernate.event.internal.AbstractSaveEventListener.performSaveOrReplicate(AbstractSaveEventListener.java:308) ~[hibernate-core-6.6.36.Final.jar:6.6.36.Final]
	at org.hibernate.event.internal.AbstractSaveEventListener.performSave(AbstractSaveEventListener.java:224) ~[hibernate-core-6.6.36.Final.jar:6.6.36.Final]
	at org.hibernate.event.internal.AbstractSaveEventListener.saveWithGeneratedId(AbstractSaveEventListener.java:136) ~[hibernate-core-6.6.36.Final.jar:6.6.36.Final]
	at org.hibernate.event.internal.DefaultPersistEventListener.entityIsTransient(DefaultPersistEventListener.java:177) ~[hibernate-core-6.6.36.Final.jar:6.6.36.Final]
	at org.hibernate.event.internal.DefaultPersistEventListener.persist(DefaultPersistEventListener.java:95) ~[hibernate-core-6.6.36.Final.jar:6.6.36.Final]
	at org.hibernate.event.internal.DefaultPersistEventListener.onPersist(DefaultPersistEventListener.java:79) ~[hibernate-core-6.6.36.Final.jar:6.6.36.Final]
	at org.hibernate.event.internal.DefaultPersistEventListener.onPersist(DefaultPersistEventListener.java:55) ~[hibernate-core-6.6.36.Final.jar:6.6.36.Final]
	at org.hibernate.event.service.internal.EventListenerGroupImpl.fireEventOnEachListener(EventListenerGroupImpl.java:127) ~[hibernate-core-6.6.36.Final.jar:6.6.36.Final]
	at org.hibernate.internal.SessionImpl.firePersist(SessionImpl.java:761) ~[hibernate-core-6.6.36.Final.jar:6.6.36.Final]
	at org.hibernate.internal.SessionImpl.persist(SessionImpl.java:745) ~[hibernate-core-6.6.36.Final.jar:6.6.36.Final]
	at java.base/jdk.internal.reflect.DirectMethodHandleAccessor.invoke(DirectMethodHandleAccessor.java:103) ~[?:?]
	at java.base/java.lang.reflect.Method.invoke(Method.java:580) ~[?:?]
	at org.springframework.orm.jpa.ExtendedEntityManagerCreator$ExtendedEntityManagerInvocationHandler.invoke(ExtendedEntityManagerCreator.java:364) ~[spring-orm-6.2.14.jar:6.2.14]
	at jdk.proxy4/jdk.proxy4.$Proxy159.persist(Unknown Source) ~[?:?]
	at java.base/jdk.internal.reflect.DirectMethodHandleAccessor.invoke(DirectMethodHandleAccessor.java:103) ~[?:?]
	at java.base/java.lang.reflect.Method.invoke(Method.java:580) ~[?:?]
	at org.springframework.orm.jpa.SharedEntityManagerCreator$SharedEntityManagerInvocationHandler.invoke(SharedEntityManagerCreator.java:320) ~[spring-orm-6.2.14.jar:6.2.14]
	at jdk.proxy4/jdk.proxy4.$Proxy159.persist(Unknown Source) ~[?:?]
	at org.springframework.data.jpa.repository.support.SimpleJpaRepository.save(SimpleJpaRepository.java:654) ~[spring-data-jpa-3.5.6.jar:3.5.6]
	at java.base/jdk.internal.reflect.DirectMethodHandleAccessor.invoke(DirectMethodHandleAccessor.java:103) ~[?:?]
	at java.base/java.lang.reflect.Method.invoke(Method.java:580) ~[?:?]
	at org.springframework.aop.support.AopUtils.invokeJoinpointUsingReflection(AopUtils.java:360) ~[spring-aop-6.2.14.jar:6.2.14]
	at org.springframework.data.repository.core.support.RepositoryMethodInvoker$RepositoryFragmentMethodInvoker.lambda$new$0(RepositoryMethodInvoker.java:277) ~[spring-data-commons-3.5.6.jar:3.5.6]
	at org.springframework.data.repository.core.support.RepositoryMethodInvoker.doInvoke(RepositoryMethodInvoker.java:170) ~[spring-data-commons-3.5.6.jar:3.5.6]
	at org.springframework.data.repository.core.support.RepositoryMethodInvoker.invoke(RepositoryMethodInvoker.java:158) ~[spring-data-commons-3.5.6.jar:3.5.6]
	at org.springframework.data.repository.core.support.RepositoryComposition$RepositoryFragments.invoke(RepositoryComposition.java:515) ~[spring-data-commons-3.5.6.jar:3.5.6]
	at org.springframework.data.repository.core.support.RepositoryComposition.invoke(RepositoryComposition.java:284) ~[spring-data-commons-3.5.6.jar:3.5.6]
	at org.springframework.data.repository.core.support.RepositoryFactorySupport$ImplementationMethodExecutionInterceptor.invoke(RepositoryFactorySupport.java:734) ~[spring-data-commons-3.5.6.jar:3.5.6]
	at org.springframework.aop.framework.ReflectiveMethodInvocation.proceed(ReflectiveMethodInvocation.java:184) ~[spring-aop-6.2.14.jar:6.2.14]
	at org.springframework.data.repository.core.support.QueryExecutorMethodInterceptor.doInvoke(QueryExecutorMethodInterceptor.java:174) ~[spring-data-commons-3.5.6.jar:3.5.6]
	at org.springframework.data.repository.core.support.QueryExecutorMethodInterceptor.invoke(QueryExecutorMethodInterceptor.java:149) ~[spring-data-commons-3.5.6.jar:3.5.6]
	at org.springframework.aop.framework.ReflectiveMethodInvocation.proceed(ReflectiveMethodInvocation.java:184) ~[spring-aop-6.2.14.jar:6.2.14]
	at org.springframework.data.projection.DefaultMethodInvokingMethodInterceptor.invoke(DefaultMethodInvokingMethodInterceptor.java:69) ~[spring-data-commons-3.5.6.jar:3.5.6]
	at org.springframework.aop.framework.ReflectiveMethodInvocation.proceed(ReflectiveMethodInvocation.java:184) ~[spring-aop-6.2.14.jar:6.2.14]
	at org.springframework.transaction.interceptor.TransactionAspectSupport.invokeWithinTransaction(TransactionAspectSupport.java:380) ~[spring-tx-6.2.14.jar:6.2.14]
	at org.springframework.transaction.interceptor.TransactionInterceptor.invoke(TransactionInterceptor.java:119) ~[spring-tx-6.2.14.jar:6.2.14]
	at org.springframework.aop.framework.ReflectiveMethodInvocation.proceed(ReflectiveMethodInvocation.java:184) ~[spring-aop-6.2.14.jar:6.2.14]
	at org.springframework.dao.support.PersistenceExceptionTranslationInterceptor.invoke(PersistenceExceptionTranslationInterceptor.java:138) ~[spring-tx-6.2.14.jar:6.2.14]
	at org.springframework.aop.framework.ReflectiveMethodInvocation.proceed(ReflectiveMethodInvocation.java:184) ~[spring-aop-6.2.14.jar:6.2.14]
	at org.springframework.data.jpa.repository.support.CrudMethodMetadataPostProcessor$CrudMethodMetadataPopulatingMethodInterceptor.invoke(CrudMethodMetadataPostProcessor.java:165) ~[spring-data-jpa-3.5.6.jar:3.5.6]
	at org.springframework.aop.framework.ReflectiveMethodInvocation.proceed(ReflectiveMethodInvocation.java:184) ~[spring-aop-6.2.14.jar:6.2.14]
	at org.springframework.aop.framework.JdkDynamicAopProxy.invoke(JdkDynamicAopProxy.java:223) ~[spring-aop-6.2.14.jar:6.2.14]
	at jdk.proxy4/jdk.proxy4.$Proxy172.save(Unknown Source) ~[?:?]
	at com.leads.sandbox.test.project.registration.ClientServiceImpl.registerClientId(ClientServiceImpl.java:27) ~[classes/:?]
	at com.leads.sandbox.test.project.registration.ClientRegistrationController.generateClientId(ClientRegistrationController.java:22) ~[classes/:?]
	at java.base/jdk.internal.reflect.DirectMethodHandleAccessor.invoke(DirectMethodHandleAccessor.java:103) ~[?:?]
	at java.base/java.lang.reflect.Method.invoke(Method.java:580) ~[?:?]
	at org.springframework.web.method.support.InvocableHandlerMethod.doInvoke(InvocableHandlerMethod.java:258) ~[spring-web-6.2.14.jar:6.2.14]
	at org.springframework.web.method.support.InvocableHandlerMethod.invokeForRequest(InvocableHandlerMethod.java:191) ~[spring-web-6.2.14.jar:6.2.14]
	at org.springframework.web.servlet.mvc.method.annotation.ServletInvocableHandlerMethod.invokeAndHandle(ServletInvocableHandlerMethod.java:118) ~[spring-webmvc-6.2.14.jar:6.2.14]
	at org.springframework.web.servlet.mvc.method.annotation.RequestMappingHandlerAdapter.invokeHandlerMethod(RequestMappingHandlerAdapter.java:991) ~[spring-webmvc-6.2.14.jar:6.2.14]
	at org.springframework.web.servlet.mvc.method.annotation.RequestMappingHandlerAdapter.handleInternal(RequestMappingHandlerAdapter.java:896) ~[spring-webmvc-6.2.14.jar:6.2.14]
	at org.springframework.web.servlet.mvc.method.AbstractHandlerMethodAdapter.handle(AbstractHandlerMethodAdapter.java:87) ~[spring-webmvc-6.2.14.jar:6.2.14]
	at org.springframework.web.servlet.DispatcherServlet.doDispatch(DispatcherServlet.java:1089) ~[spring-webmvc-6.2.14.jar:6.2.14]
	... 92 more
Caused by: oracle.jdbc.OracleDatabaseException: ORA-01400: cannot insert NULL into ("PLAYGROUND"."CLIENT_USERS"."DOB")

	at oracle.jdbc.driver.T4CTTIoer11.processError(T4CTTIoer11.java:723) ~[ojdbc17-23.9.0.25.07.jar:23.9.0.25.07]
	at oracle.jdbc.driver.T4CTTIoer11.processError(T4CTTIoer11.java:615) ~[ojdbc17-23.9.0.25.07.jar:23.9.0.25.07]
	at oracle.jdbc.driver.T4C8Oall.processError(T4C8Oall.java:1372) ~[ojdbc17-23.9.0.25.07.jar:23.9.0.25.07]
	at oracle.jdbc.driver.T4CTTIfun.receive(T4CTTIfun.java:972) ~[ojdbc17-23.9.0.25.07.jar:23.9.0.25.07]
	at oracle.jdbc.driver.T4CTTIfun.doRPC(T4CTTIfun.java:237) ~[ojdbc17-23.9.0.25.07.jar:23.9.0.25.07]
	at oracle.jdbc.driver.T4C8Oall.doOALL(T4C8Oall.java:524) ~[ojdbc17-23.9.0.25.07.jar:23.9.0.25.07]
	at oracle.jdbc.driver.T4CPreparedStatement.doOall8(T4CPreparedStatement.java:298) ~[ojdbc17-23.9.0.25.07.jar:23.9.0.25.07]
	at oracle.jdbc.driver.T4CPreparedStatement.executeForRows(T4CPreparedStatement.java:1510) ~[ojdbc17-23.9.0.25.07.jar:23.9.0.25.07]
	at oracle.jdbc.driver.OracleStatement.executeSQLStatement(OracleStatement.java:2020) ~[ojdbc17-23.9.0.25.07.jar:23.9.0.25.07]
	at oracle.jdbc.driver.OracleStatement.doExecuteWithTimeout(OracleStatement.java:1633) ~[ojdbc17-23.9.0.25.07.jar:23.9.0.25.07]
	at oracle.jdbc.driver.OraclePreparedStatement.executeInternal(OraclePreparedStatement.java:3973) ~[ojdbc17-23.9.0.25.07.jar:23.9.0.25.07]
	at oracle.jdbc.driver.OraclePreparedStatement.doExecuteLargeUpdate(OraclePreparedStatement.java:4339) ~[ojdbc17-23.9.0.25.07.jar:23.9.0.25.07]
	at oracle.jdbc.driver.OraclePreparedStatement.executeLargeUpdate(OraclePreparedStatement.java:4316) ~[ojdbc17-23.9.0.25.07.jar:23.9.0.25.07]
	at oracle.jdbc.driver.OraclePreparedStatement.executeUpdate(OraclePreparedStatement.java:4291) ~[ojdbc17-23.9.0.25.07.jar:23.9.0.25.07]
	at oracle.jdbc.driver.OraclePreparedStatementWrapper.executeUpdate(OraclePreparedStatementWrapper.java:1007) ~[ojdbc17-23.9.0.25.07.jar:23.9.0.25.07]
	at com.zaxxer.hikari.pool.ProxyPreparedStatement.executeUpdate(ProxyPreparedStatement.java:61) ~[HikariCP-6.3.3.jar:?]
	at com.zaxxer.hikari.pool.HikariProxyPreparedStatement.executeUpdate(HikariProxyPreparedStatement.java) ~[HikariCP-6.3.3.jar:?]
	at org.hibernate.engine.jdbc.internal.ResultSetReturnImpl.executeUpdate(ResultSetReturnImpl.java:194) ~[hibernate-core-6.6.36.Final.jar:6.6.36.Final]
	at org.hibernate.id.insert.GetGeneratedKeysDelegate.performMutation(GetGeneratedKeysDelegate.java:116) ~[hibernate-core-6.6.36.Final.jar:6.6.36.Final]
	at org.hibernate.engine.jdbc.mutation.internal.MutationExecutorSingleNonBatched.performNonBatchedOperations(MutationExecutorSingleNonBatched.java:47) ~[hibernate-core-6.6.36.Final.jar:6.6.36.Final]
	at org.hibernate.engine.jdbc.mutation.internal.AbstractMutationExecutor.execute(AbstractMutationExecutor.java:55) ~[hibernate-core-6.6.36.Final.jar:6.6.36.Final]
	at org.hibernate.persister.entity.mutation.InsertCoordinatorStandard.doStaticInserts(InsertCoordinatorStandard.java:194) ~[hibernate-core-6.6.36.Final.jar:6.6.36.Final]
	at org.hibernate.persister.entity.mutation.InsertCoordinatorStandard.coordinateInsert(InsertCoordinatorStandard.java:132) ~[hibernate-core-6.6.36.Final.jar:6.6.36.Final]
	at org.hibernate.persister.entity.mutation.InsertCoordinatorStandard.insert(InsertCoordinatorStandard.java:95) ~[hibernate-core-6.6.36.Final.jar:6.6.36.Final]
	at org.hibernate.action.internal.EntityIdentityInsertAction.execute(EntityIdentityInsertAction.java:85) ~[hibernate-core-6.6.36.Final.jar:6.6.36.Final]
	at org.hibernate.engine.spi.ActionQueue.execute(ActionQueue.java:682) ~[hibernate-core-6.6.36.Final.jar:6.6.36.Final]
	at org.hibernate.engine.spi.ActionQueue.addResolvedEntityInsertAction(ActionQueue.java:293) ~[hibernate-core-6.6.36.Final.jar:6.6.36.Final]
	at org.hibernate.engine.spi.ActionQueue.addInsertAction(ActionQueue.java:274) ~[hibernate-core-6.6.36.Final.jar:6.6.36.Final]
	at org.hibernate.engine.spi.ActionQueue.addAction(ActionQueue.java:324) ~[hibernate-core-6.6.36.Final.jar:6.6.36.Final]
	at org.hibernate.event.internal.AbstractSaveEventListener.addInsertAction(AbstractSaveEventListener.java:394) ~[hibernate-core-6.6.36.Final.jar:6.6.36.Final]
	at org.hibernate.event.internal.AbstractSaveEventListener.performSaveOrReplicate(AbstractSaveEventListener.java:308) ~[hibernate-core-6.6.36.Final.jar:6.6.36.Final]
	at org.hibernate.event.internal.AbstractSaveEventListener.performSave(AbstractSaveEventListener.java:224) ~[hibernate-core-6.6.36.Final.jar:6.6.36.Final]
	at org.hibernate.event.internal.AbstractSaveEventListener.saveWithGeneratedId(AbstractSaveEventListener.java:136) ~[hibernate-core-6.6.36.Final.jar:6.6.36.Final]
	at org.hibernate.event.internal.DefaultPersistEventListener.entityIsTransient(DefaultPersistEventListener.java:177) ~[hibernate-core-6.6.36.Final.jar:6.6.36.Final]
	at org.hibernate.event.internal.DefaultPersistEventListener.persist(DefaultPersistEventListener.java:95) ~[hibernate-core-6.6.36.Final.jar:6.6.36.Final]
	at org.hibernate.event.internal.DefaultPersistEventListener.onPersist(DefaultPersistEventListener.java:79) ~[hibernate-core-6.6.36.Final.jar:6.6.36.Final]
	at org.hibernate.event.internal.DefaultPersistEventListener.onPersist(DefaultPersistEventListener.java:55) ~[hibernate-core-6.6.36.Final.jar:6.6.36.Final]
	at org.hibernate.event.service.internal.EventListenerGroupImpl.fireEventOnEachListener(EventListenerGroupImpl.java:127) ~[hibernate-core-6.6.36.Final.jar:6.6.36.Final]
	at org.hibernate.internal.SessionImpl.firePersist(SessionImpl.java:761) ~[hibernate-core-6.6.36.Final.jar:6.6.36.Final]
	at org.hibernate.internal.SessionImpl.persist(SessionImpl.java:745) ~[hibernate-core-6.6.36.Final.jar:6.6.36.Final]
	at java.base/jdk.internal.reflect.DirectMethodHandleAccessor.invoke(DirectMethodHandleAccessor.java:103) ~[?:?]
	at java.base/java.lang.reflect.Method.invoke(Method.java:580) ~[?:?]
	at org.springframework.orm.jpa.ExtendedEntityManagerCreator$ExtendedEntityManagerInvocationHandler.invoke(ExtendedEntityManagerCreator.java:364) ~[spring-orm-6.2.14.jar:6.2.14]
	at jdk.proxy4/jdk.proxy4.$Proxy159.persist(Unknown Source) ~[?:?]
	at java.base/jdk.internal.reflect.DirectMethodHandleAccessor.invoke(DirectMethodHandleAccessor.java:103) ~[?:?]
	at java.base/java.lang.reflect.Method.invoke(Method.java:580) ~[?:?]
	at org.springframework.orm.jpa.SharedEntityManagerCreator$SharedEntityManagerInvocationHandler.invoke(SharedEntityManagerCreator.java:320) ~[spring-orm-6.2.14.jar:6.2.14]
	at jdk.proxy4/jdk.proxy4.$Proxy159.persist(Unknown Source) ~[?:?]
	at org.springframework.data.jpa.repository.support.SimpleJpaRepository.save(SimpleJpaRepository.java:654) ~[spring-data-jpa-3.5.6.jar:3.5.6]
	at java.base/jdk.internal.reflect.DirectMethodHandleAccessor.invoke(DirectMethodHandleAccessor.java:103) ~[?:?]
	at java.base/java.lang.reflect.Method.invoke(Method.java:580) ~[?:?]
	at org.springframework.aop.support.AopUtils.invokeJoinpointUsingReflection(AopUtils.java:360) ~[spring-aop-6.2.14.jar:6.2.14]
	at org.springframework.data.repository.core.support.RepositoryMethodInvoker$RepositoryFragmentMethodInvoker.lambda$new$0(RepositoryMethodInvoker.java:277) ~[spring-data-commons-3.5.6.jar:3.5.6]
	at org.springframework.data.repository.core.support.RepositoryMethodInvoker.doInvoke(RepositoryMethodInvoker.java:170) ~[spring-data-commons-3.5.6.jar:3.5.6]
	at org.springframework.data.repository.core.support.RepositoryMethodInvoker.invoke(RepositoryMethodInvoker.java:158) ~[spring-data-commons-3.5.6.jar:3.5.6]
	at org.springframework.data.repository.core.support.RepositoryComposition$RepositoryFragments.invoke(RepositoryComposition.java:515) ~[spring-data-commons-3.5.6.jar:3.5.6]
	at org.springframework.data.repository.core.support.RepositoryComposition.invoke(RepositoryComposition.java:284) ~[spring-data-commons-3.5.6.jar:3.5.6]
	at org.springframework.data.repository.core.support.RepositoryFactorySupport$ImplementationMethodExecutionInterceptor.invoke(RepositoryFactorySupport.java:734) ~[spring-data-commons-3.5.6.jar:3.5.6]
	at org.springframework.aop.framework.ReflectiveMethodInvocation.proceed(ReflectiveMethodInvocation.java:184) ~[spring-aop-6.2.14.jar:6.2.14]
	at org.springframework.data.repository.core.support.QueryExecutorMethodInterceptor.doInvoke(QueryExecutorMethodInterceptor.java:174) ~[spring-data-commons-3.5.6.jar:3.5.6]
	at org.springframework.data.repository.core.support.QueryExecutorMethodInterceptor.invoke(QueryExecutorMethodInterceptor.java:149) ~[spring-data-commons-3.5.6.jar:3.5.6]
	at org.springframework.aop.framework.ReflectiveMethodInvocation.proceed(ReflectiveMethodInvocation.java:184) ~[spring-aop-6.2.14.jar:6.2.14]
	at org.springframework.data.projection.DefaultMethodInvokingMethodInterceptor.invoke(DefaultMethodInvokingMethodInterceptor.java:69) ~[spring-data-commons-3.5.6.jar:3.5.6]
	at org.springframework.aop.framework.ReflectiveMethodInvocation.proceed(ReflectiveMethodInvocation.java:184) ~[spring-aop-6.2.14.jar:6.2.14]
	at org.springframework.transaction.interceptor.TransactionAspectSupport.invokeWithinTransaction(TransactionAspectSupport.java:380) ~[spring-tx-6.2.14.jar:6.2.14]
	at org.springframework.transaction.interceptor.TransactionInterceptor.invoke(TransactionInterceptor.java:119) ~[spring-tx-6.2.14.jar:6.2.14]
	at org.springframework.aop.framework.ReflectiveMethodInvocation.proceed(ReflectiveMethodInvocation.java:184) ~[spring-aop-6.2.14.jar:6.2.14]
	at org.springframework.dao.support.PersistenceExceptionTranslationInterceptor.invoke(PersistenceExceptionTranslationInterceptor.java:138) ~[spring-tx-6.2.14.jar:6.2.14]
	at org.springframework.aop.framework.ReflectiveMethodInvocation.proceed(ReflectiveMethodInvocation.java:184) ~[spring-aop-6.2.14.jar:6.2.14]
	at org.springframework.data.jpa.repository.support.CrudMethodMetadataPostProcessor$CrudMethodMetadataPopulatingMethodInterceptor.invoke(CrudMethodMetadataPostProcessor.java:165) ~[spring-data-jpa-3.5.6.jar:3.5.6]
	at org.springframework.aop.framework.ReflectiveMethodInvocation.proceed(ReflectiveMethodInvocation.java:184) ~[spring-aop-6.2.14.jar:6.2.14]
	at org.springframework.aop.framework.JdkDynamicAopProxy.invoke(JdkDynamicAopProxy.java:223) ~[spring-aop-6.2.14.jar:6.2.14]
	at jdk.proxy4/jdk.proxy4.$Proxy172.save(Unknown Source) ~[?:?]
	at com.leads.sandbox.test.project.registration.ClientServiceImpl.registerClientId(ClientServiceImpl.java:27) ~[classes/:?]
	at com.leads.sandbox.test.project.registration.ClientRegistrationController.generateClientId(ClientRegistrationController.java:22) ~[classes/:?]
	at java.base/jdk.internal.reflect.DirectMethodHandleAccessor.invoke(DirectMethodHandleAccessor.java:103) ~[?:?]
	at java.base/java.lang.reflect.Method.invoke(Method.java:580) ~[?:?]
	at org.springframework.web.method.support.InvocableHandlerMethod.doInvoke(InvocableHandlerMethod.java:258) ~[spring-web-6.2.14.jar:6.2.14]
	at org.springframework.web.method.support.InvocableHandlerMethod.invokeForRequest(InvocableHandlerMethod.java:191) ~[spring-web-6.2.14.jar:6.2.14]
	at org.springframework.web.servlet.mvc.method.annotation.ServletInvocableHandlerMethod.invokeAndHandle(ServletInvocableHandlerMethod.java:118) ~[spring-webmvc-6.2.14.jar:6.2.14]
	at org.springframework.web.servlet.mvc.method.annotation.RequestMappingHandlerAdapter.invokeHandlerMethod(RequestMappingHandlerAdapter.java:991) ~[spring-webmvc-6.2.14.jar:6.2.14]
	at org.springframework.web.servlet.mvc.method.annotation.RequestMappingHandlerAdapter.handleInternal(RequestMappingHandlerAdapter.java:896) ~[spring-webmvc-6.2.14.jar:6.2.14]
	at org.springframework.web.servlet.mvc.method.AbstractHandlerMethodAdapter.handle(AbstractHandlerMethodAdapter.java:87) ~[spring-webmvc-6.2.14.jar:6.2.14]
	at org.springframework.web.servlet.DispatcherServlet.doDispatch(DispatcherServlet.java:1089) ~[spring-webmvc-6.2.14.jar:6.2.14]
	... 92 more
