10:58:11.418 [tomcat-handler-65] ERROR ServiceExceptionHandler - No EntityManager with actual transaction available for current thread - cannot reliably process 'remove' call
org.springframework.web.ErrorResponseException: 400 BAD_REQUEST, ProblemDetail[type='about:blank', title='Bad Request', status=400, detail='No EntityManager with actual transaction available for current thread - cannot reliably process 'remove' call', instance='null', properties='null']
	at com.leads.microcube.exception.ServiceExceptionHandler.handleException(ServiceExceptionHandler.java:45) [microcube.core-0.8.1.jar:0.8.1]
	at java.base/jdk.internal.reflect.DirectMethodHandleAccessor.invoke(DirectMethodHandleAccessor.java:104) ~[?:?]
	at java.base/java.lang.reflect.Method.invoke(Method.java:565) ~[?:?]
	at org.springframework.web.method.support.InvocableHandlerMethod.doInvoke(InvocableHandlerMethod.java:258) [spring-web-6.2.14.jar:6.2.14]
	at org.springframework.web.method.support.InvocableHandlerMethod.invokeForRequest(InvocableHandlerMethod.java:191) [spring-web-6.2.14.jar:6.2.14]
	at org.springframework.web.servlet.mvc.method.annotation.ServletInvocableHandlerMethod.invokeAndHandle(ServletInvocableHandlerMethod.java:118) [spring-webmvc-6.2.14.jar:6.2.14]
	at org.springframework.web.servlet.mvc.method.annotation.ExceptionHandlerExceptionResolver.doResolveHandlerMethodException(ExceptionHandlerExceptionResolver.java:471) [spring-webmvc-6.2.14.jar:6.2.14]
	at org.springframework.web.servlet.handler.AbstractHandlerMethodExceptionResolver.doResolveException(AbstractHandlerMethodExceptionResolver.java:73) [spring-webmvc-6.2.14.jar:6.2.14]
	at org.springframework.web.servlet.handler.AbstractHandlerExceptionResolver.resolveException(AbstractHandlerExceptionResolver.java:182) [spring-webmvc-6.2.14.jar:6.2.14]
	at org.springframework.web.servlet.handler.HandlerExceptionResolverComposite.resolveException(HandlerExceptionResolverComposite.java:80) [spring-webmvc-6.2.14.jar:6.2.14]
	at org.springframework.web.servlet.DispatcherServlet.processHandlerException(DispatcherServlet.java:1360) [spring-webmvc-6.2.14.jar:6.2.14]
	at org.springframework.web.servlet.DispatcherServlet.processDispatchResult(DispatcherServlet.java:1161) [spring-webmvc-6.2.14.jar:6.2.14]
	at org.springframework.web.servlet.DispatcherServlet.doDispatch(DispatcherServlet.java:1106) [spring-webmvc-6.2.14.jar:6.2.14]
	at org.springframework.web.servlet.DispatcherServlet.doService(DispatcherServlet.java:979) [spring-webmvc-6.2.14.jar:6.2.14]
	at org.springframework.web.servlet.FrameworkServlet.processRequest(FrameworkServlet.java:1014) [spring-webmvc-6.2.14.jar:6.2.14]
	at org.springframework.web.servlet.FrameworkServlet.doDelete(FrameworkServlet.java:936) [spring-webmvc-6.2.14.jar:6.2.14]
	at jakarta.servlet.http.HttpServlet.service(HttpServlet.java:596) [tomcat-embed-core-10.1.49.jar:6.0]
	at org.springframework.web.servlet.FrameworkServlet.service(FrameworkServlet.java:885) [spring-webmvc-6.2.14.jar:6.2.14]
	at jakarta.servlet.http.HttpServlet.service(HttpServlet.java:658) [tomcat-embed-core-10.1.49.jar:6.0]
	at org.apache.catalina.core.ApplicationFilterChain.internalDoFilter(ApplicationFilterChain.java:193) [tomcat-embed-core-10.1.49.jar:10.1.49]
	at org.apache.catalina.core.ApplicationFilterChain.doFilter(ApplicationFilterChain.java:138) [tomcat-embed-core-10.1.49.jar:10.1.49]
	at org.apache.tomcat.websocket.server.WsFilter.doFilter(WsFilter.java:51) [tomcat-embed-websocket-10.1.49.jar:10.1.49]
	at org.apache.catalina.core.ApplicationFilterChain.internalDoFilter(ApplicationFilterChain.java:162) [tomcat-embed-core-10.1.49.jar:10.1.49]
	at org.apache.catalina.core.ApplicationFilterChain.doFilter(ApplicationFilterChain.java:138) [tomcat-embed-core-10.1.49.jar:10.1.49]
	at org.springframework.web.filter.CompositeFilter$VirtualFilterChain.doFilter(CompositeFilter.java:108) [spring-web-6.2.14.jar:6.2.14]
	at org.springframework.web.filter.CompositeFilter$VirtualFilterChain.doFilter(CompositeFilter.java:108) [spring-web-6.2.14.jar:6.2.14]
	at org.springframework.security.web.FilterChainProxy.lambda$doFilterInternal$3(FilterChainProxy.java:231) [spring-security-web-6.5.7.jar:6.5.7]
	at org.springframework.security.web.FilterChainProxy$VirtualFilterChain.doFilter(FilterChainProxy.java:365) [spring-security-web-6.5.7.jar:6.5.7]
	at org.springframework.security.web.access.intercept.AuthorizationFilter.doFilter(AuthorizationFilter.java:101) [spring-security-web-6.5.7.jar:6.5.7]
	at org.springframework.security.web.FilterChainProxy$VirtualFilterChain.doFilter(FilterChainProxy.java:374) [spring-security-web-6.5.7.jar:6.5.7]
	at org.springframework.security.web.access.ExceptionTranslationFilter.doFilter(ExceptionTranslationFilter.java:125) [spring-security-web-6.5.7.jar:6.5.7]
	at org.springframework.security.web.access.ExceptionTranslationFilter.doFilter(ExceptionTranslationFilter.java:119) [spring-security-web-6.5.7.jar:6.5.7]
	at org.springframework.security.web.FilterChainProxy$VirtualFilterChain.doFilter(FilterChainProxy.java:374) [spring-security-web-6.5.7.jar:6.5.7]
	at org.springframework.security.web.authentication.AnonymousAuthenticationFilter.doFilter(AnonymousAuthenticationFilter.java:100) [spring-security-web-6.5.7.jar:6.5.7]
	at org.springframework.security.web.FilterChainProxy$VirtualFilterChain.doFilter(FilterChainProxy.java:374) [spring-security-web-6.5.7.jar:6.5.7]
	at org.springframework.security.web.servletapi.SecurityContextHolderAwareRequestFilter.doFilter(SecurityContextHolderAwareRequestFilter.java:179) [spring-security-web-6.5.7.jar:6.5.7]
	at org.springframework.security.web.FilterChainProxy$VirtualFilterChain.doFilter(FilterChainProxy.java:374) [spring-security-web-6.5.7.jar:6.5.7]
	at org.springframework.security.web.savedrequest.RequestCacheAwareFilter.doFilter(RequestCacheAwareFilter.java:63) [spring-security-web-6.5.7.jar:6.5.7]
	at org.springframework.security.web.FilterChainProxy$VirtualFilterChain.doFilter(FilterChainProxy.java:374) [spring-security-web-6.5.7.jar:6.5.7]
	at org.springframework.security.web.authentication.AuthenticationFilter.doFilterInternal(AuthenticationFilter.java:177) [spring-security-web-6.5.7.jar:6.5.7]
	at org.springframework.web.filter.OncePerRequestFilter.doFilter(OncePerRequestFilter.java:116) [spring-web-6.2.14.jar:6.2.14]
	at org.springframework.security.web.FilterChainProxy$VirtualFilterChain.doFilter(FilterChainProxy.java:374) [spring-security-web-6.5.7.jar:6.5.7]
	at org.springframework.security.oauth2.server.resource.web.authentication.BearerTokenAuthenticationFilter.doFilterInternal(BearerTokenAuthenticationFilter.java:158) [spring-security-oauth2-resource-server-6.5.7.jar:6.5.7]
	at org.springframework.web.filter.OncePerRequestFilter.doFilter(OncePerRequestFilter.java:116) [spring-web-6.2.14.jar:6.2.14]
	at org.springframework.security.web.FilterChainProxy$VirtualFilterChain.doFilter(FilterChainProxy.java:374) [spring-security-web-6.5.7.jar:6.5.7]
	at org.springframework.security.web.authentication.logout.LogoutFilter.doFilter(LogoutFilter.java:107) [spring-security-web-6.5.7.jar:6.5.7]
	at org.springframework.security.web.authentication.logout.LogoutFilter.doFilter(LogoutFilter.java:93) [spring-security-web-6.5.7.jar:6.5.7]
	at org.springframework.security.web.FilterChainProxy$VirtualFilterChain.doFilter(FilterChainProxy.java:374) [spring-security-web-6.5.7.jar:6.5.7]
	at org.springframework.web.filter.CorsFilter.doFilterInternal(CorsFilter.java:91) [spring-web-6.2.14.jar:6.2.14]
	at org.springframework.web.filter.OncePerRequestFilter.doFilter(OncePerRequestFilter.java:116) [spring-web-6.2.14.jar:6.2.14]
	at org.springframework.security.web.FilterChainProxy$VirtualFilterChain.doFilter(FilterChainProxy.java:374) [spring-security-web-6.5.7.jar:6.5.7]
	at org.springframework.security.web.header.HeaderWriterFilter.doHeadersAfter(HeaderWriterFilter.java:90) [spring-security-web-6.5.7.jar:6.5.7]
	at org.springframework.security.web.header.HeaderWriterFilter.doFilterInternal(HeaderWriterFilter.java:75) [spring-security-web-6.5.7.jar:6.5.7]
	at org.springframework.web.filter.OncePerRequestFilter.doFilter(OncePerRequestFilter.java:116) [spring-web-6.2.14.jar:6.2.14]
	at org.springframework.security.web.FilterChainProxy$VirtualFilterChain.doFilter(FilterChainProxy.java:374) [spring-security-web-6.5.7.jar:6.5.7]
	at org.springframework.security.web.context.SecurityContextHolderFilter.doFilter(SecurityContextHolderFilter.java:82) [spring-security-web-6.5.7.jar:6.5.7]
	at org.springframework.security.web.context.SecurityContextHolderFilter.doFilter(SecurityContextHolderFilter.java:69) [spring-security-web-6.5.7.jar:6.5.7]
	at org.springframework.security.web.FilterChainProxy$VirtualFilterChain.doFilter(FilterChainProxy.java:374) [spring-security-web-6.5.7.jar:6.5.7]
	at org.springframework.security.web.context.request.async.WebAsyncManagerIntegrationFilter.doFilterInternal(WebAsyncManagerIntegrationFilter.java:62) [spring-security-web-6.5.7.jar:6.5.7]
	at org.springframework.web.filter.OncePerRequestFilter.doFilter(OncePerRequestFilter.java:116) [spring-web-6.2.14.jar:6.2.14]
	at org.springframework.security.web.FilterChainProxy$VirtualFilterChain.doFilter(FilterChainProxy.java:374) [spring-security-web-6.5.7.jar:6.5.7]
	at org.springframework.security.web.session.DisableEncodeUrlFilter.doFilterInternal(DisableEncodeUrlFilter.java:42) [spring-security-web-6.5.7.jar:6.5.7]
	at org.springframework.web.filter.OncePerRequestFilter.doFilter(OncePerRequestFilter.java:116) [spring-web-6.2.14.jar:6.2.14]
	at org.springframework.security.web.FilterChainProxy$VirtualFilterChain.doFilter(FilterChainProxy.java:374) [spring-security-web-6.5.7.jar:6.5.7]
	at org.springframework.security.web.FilterChainProxy.doFilterInternal(FilterChainProxy.java:233) [spring-security-web-6.5.7.jar:6.5.7]
	at org.springframework.security.web.FilterChainProxy.doFilter(FilterChainProxy.java:191) [spring-security-web-6.5.7.jar:6.5.7]
	at org.springframework.web.filter.CompositeFilter$VirtualFilterChain.doFilter(CompositeFilter.java:113) [spring-web-6.2.14.jar:6.2.14]
	at org.springframework.web.filter.ServletRequestPathFilter.doFilter(ServletRequestPathFilter.java:52) [spring-web-6.2.14.jar:6.2.14]
	at org.springframework.web.filter.CompositeFilter$VirtualFilterChain.doFilter(CompositeFilter.java:113) [spring-web-6.2.14.jar:6.2.14]
	at org.springframework.web.filter.CompositeFilter.doFilter(CompositeFilter.java:74) [spring-web-6.2.14.jar:6.2.14]
	at org.springframework.security.config.annotation.web.configuration.WebSecurityConfiguration$CompositeFilterChainProxy.doFilter(WebSecurityConfiguration.java:319) [spring-security-config-6.5.7.jar:6.5.7]
	at org.springframework.web.filter.CompositeFilter$VirtualFilterChain.doFilter(CompositeFilter.java:113) [spring-web-6.2.14.jar:6.2.14]
	at org.springframework.web.servlet.handler.HandlerMappingIntrospector.lambda$createCacheFilter$4(HandlerMappingIntrospector.java:267) [spring-webmvc-6.2.14.jar:6.2.14]
	at org.springframework.web.filter.CompositeFilter$VirtualFilterChain.doFilter(CompositeFilter.java:113) [spring-web-6.2.14.jar:6.2.14]
	at org.springframework.web.filter.CompositeFilter.doFilter(CompositeFilter.java:74) [spring-web-6.2.14.jar:6.2.14]
	at org.springframework.security.config.annotation.web.configuration.WebMvcSecurityConfiguration$CompositeFilterChainProxy.doFilter(WebMvcSecurityConfiguration.java:240) [spring-security-config-6.5.7.jar:6.5.7]
	at org.springframework.web.filter.DelegatingFilterProxy.invokeDelegate(DelegatingFilterProxy.java:362) [spring-web-6.2.14.jar:6.2.14]
	at org.springframework.web.filter.DelegatingFilterProxy.doFilter(DelegatingFilterProxy.java:278) [spring-web-6.2.14.jar:6.2.14]
	at org.apache.catalina.core.ApplicationFilterChain.internalDoFilter(ApplicationFilterChain.java:162) [tomcat-embed-core-10.1.49.jar:10.1.49]
	at org.apache.catalina.core.ApplicationFilterChain.doFilter(ApplicationFilterChain.java:138) [tomcat-embed-core-10.1.49.jar:10.1.49]
	at org.springframework.web.filter.RequestContextFilter.doFilterInternal(RequestContextFilter.java:100) [spring-web-6.2.14.jar:6.2.14]
	at org.springframework.web.filter.OncePerRequestFilter.doFilter(OncePerRequestFilter.java:116) [spring-web-6.2.14.jar:6.2.14]
	at org.apache.catalina.core.ApplicationFilterChain.internalDoFilter(ApplicationFilterChain.java:162) [tomcat-embed-core-10.1.49.jar:10.1.49]
	at org.apache.catalina.core.ApplicationFilterChain.doFilter(ApplicationFilterChain.java:138) [tomcat-embed-core-10.1.49.jar:10.1.49]
	at org.springframework.web.filter.FormContentFilter.doFilterInternal(FormContentFilter.java:93) [spring-web-6.2.14.jar:6.2.14]
	at org.springframework.web.filter.OncePerRequestFilter.doFilter(OncePerRequestFilter.java:116) [spring-web-6.2.14.jar:6.2.14]
	at org.apache.catalina.core.ApplicationFilterChain.internalDoFilter(ApplicationFilterChain.java:162) [tomcat-embed-core-10.1.49.jar:10.1.49]
	at org.apache.catalina.core.ApplicationFilterChain.doFilter(ApplicationFilterChain.java:138) [tomcat-embed-core-10.1.49.jar:10.1.49]
	at org.springframework.web.filter.CharacterEncodingFilter.doFilterInternal(CharacterEncodingFilter.java:201) [spring-web-6.2.14.jar:6.2.14]
	at org.springframework.web.filter.OncePerRequestFilter.doFilter(OncePerRequestFilter.java:116) [spring-web-6.2.14.jar:6.2.14]
	at org.apache.catalina.core.ApplicationFilterChain.internalDoFilter(ApplicationFilterChain.java:162) [tomcat-embed-core-10.1.49.jar:10.1.49]
	at org.apache.catalina.core.ApplicationFilterChain.doFilter(ApplicationFilterChain.java:138) [tomcat-embed-core-10.1.49.jar:10.1.49]
	at org.apache.catalina.core.StandardWrapperValve.invoke(StandardWrapperValve.java:165) [tomcat-embed-core-10.1.49.jar:10.1.49]
	at org.apache.catalina.core.StandardContextValve.invoke(StandardContextValve.java:88) [tomcat-embed-core-10.1.49.jar:10.1.49]
	at org.apache.catalina.authenticator.AuthenticatorBase.invoke(AuthenticatorBase.java:482) [tomcat-embed-core-10.1.49.jar:10.1.49]
	at org.apache.catalina.core.StandardHostValve.invoke(StandardHostValve.java:113) [tomcat-embed-core-10.1.49.jar:10.1.49]
	at org.apache.catalina.valves.ErrorReportValve.invoke(ErrorReportValve.java:83) [tomcat-embed-core-10.1.49.jar:10.1.49]
	at org.apache.catalina.core.StandardEngineValve.invoke(StandardEngineValve.java:72) [tomcat-embed-core-10.1.49.jar:10.1.49]
	at org.apache.catalina.connector.CoyoteAdapter.service(CoyoteAdapter.java:342) [tomcat-embed-core-10.1.49.jar:10.1.49]
	at org.apache.coyote.http11.Http11Processor.service(Http11Processor.java:399) [tomcat-embed-core-10.1.49.jar:10.1.49]
	at org.apache.coyote.AbstractProcessorLight.process(AbstractProcessorLight.java:63) [tomcat-embed-core-10.1.49.jar:10.1.49]
	at org.apache.coyote.AbstractProtocol$ConnectionHandler.process(AbstractProtocol.java:903) [tomcat-embed-core-10.1.49.jar:10.1.49]
	at org.apache.tomcat.util.net.NioEndpoint$SocketProcessor.doRun(NioEndpoint.java:1774) [tomcat-embed-core-10.1.49.jar:10.1.49]
	at org.apache.tomcat.util.net.SocketProcessorBase.run(SocketProcessorBase.java:52) [tomcat-embed-core-10.1.49.jar:10.1.49]
	at java.base/java.lang.VirtualThread.run(VirtualThread.java:475) [?:?]
Caused by: org.springframework.dao.InvalidDataAccessApiUsageException: No EntityManager with actual transaction available for current thread - cannot reliably process 'remove' call
	at org.springframework.orm.jpa.EntityManagerFactoryUtils.convertJpaAccessExceptionIfPossible(EntityManagerFactoryUtils.java:400) ~[spring-orm-6.2.14.jar:6.2.14]
	at org.springframework.orm.jpa.vendor.HibernateJpaDialect.translateExceptionIfPossible(HibernateJpaDialect.java:246) ~[spring-orm-6.2.14.jar:6.2.14]
	at org.springframework.orm.jpa.AbstractEntityManagerFactoryBean.translateExceptionIfPossible(AbstractEntityManagerFactoryBean.java:560) ~[spring-orm-6.2.14.jar:6.2.14]
	at org.springframework.dao.support.ChainedPersistenceExceptionTranslator.translateExceptionIfPossible(ChainedPersistenceExceptionTranslator.java:61) ~[spring-tx-6.2.14.jar:6.2.14]
	at org.springframework.dao.support.DataAccessUtils.translateIfNecessary(DataAccessUtils.java:343) ~[spring-tx-6.2.14.jar:6.2.14]
	at org.springframework.dao.support.PersistenceExceptionTranslationInterceptor.invoke(PersistenceExceptionTranslationInterceptor.java:160) ~[spring-tx-6.2.14.jar:6.2.14]
	at org.springframework.aop.framework.ReflectiveMethodInvocation.proceed(ReflectiveMethodInvocation.java:184) ~[spring-aop-6.2.14.jar:6.2.14]
	at org.springframework.data.jpa.repository.support.CrudMethodMetadataPostProcessor$CrudMethodMetadataPopulatingMethodInterceptor.invoke(CrudMethodMetadataPostProcessor.java:136) ~[spring-data-jpa-3.5.6.jar:3.5.6]
	at org.springframework.aop.framework.ReflectiveMethodInvocation.proceed(ReflectiveMethodInvocation.java:184) ~[spring-aop-6.2.14.jar:6.2.14]
	at org.springframework.aop.framework.JdkDynamicAopProxy.invoke(JdkDynamicAopProxy.java:223) ~[spring-aop-6.2.14.jar:6.2.14]
	at jdk.proxy14/jdk.proxy14.$Proxy377.deleteByClientId(Unknown Source) ~[?:?]
	at com.leads.sandbox.test.project.client.ClientServiceImpl.lambda$deleteClientData$0(ClientServiceImpl.java:43) ~[classes/:?]
	at java.base/java.util.Optional.map(Optional.java:264) ~[?:?]
	at com.leads.sandbox.test.project.client.ClientServiceImpl.deleteClientData(ClientServiceImpl.java:42) ~[classes/:?]
	at com.leads.sandbox.test.project.client.ClientServiceImpl.deleteClientAddress(ClientServiceImpl.java:196) ~[classes/:?]
	at java.base/jdk.internal.reflect.DirectMethodHandleAccessor.invoke(DirectMethodHandleAccessor.java:104) ~[?:?]
	at java.base/java.lang.reflect.Method.invoke(Method.java:565) ~[?:?]
	at org.springframework.aop.support.AopUtils.invokeJoinpointUsingReflection(AopUtils.java:360) ~[spring-aop-6.2.14.jar:6.2.14]
	at org.springframework.aop.framework.CglibAopProxy$DynamicAdvisedInterceptor.intercept(CglibAopProxy.java:724) ~[spring-aop-6.2.14.jar:6.2.14]
	at com.leads.sandbox.test.project.client.ClientServiceImpl$$SpringCGLIB$$0.deleteClientAddress(<generated>) ~[classes/:?]
	at com.leads.sandbox.test.project.client.ClientController.deleteClientAddress(ClientInfoController.java:74) ~[classes/:?]
	at java.base/jdk.internal.reflect.DirectMethodHandleAccessor.invoke(DirectMethodHandleAccessor.java:104) ~[?:?]
	at java.base/java.lang.reflect.Method.invoke(Method.java:565) ~[?:?]
	at org.springframework.web.method.support.InvocableHandlerMethod.doInvoke(InvocableHandlerMethod.java:258) ~[spring-web-6.2.14.jar:6.2.14]
	at org.springframework.web.method.support.InvocableHandlerMethod.invokeForRequest(InvocableHandlerMethod.java:191) ~[spring-web-6.2.14.jar:6.2.14]
	at org.springframework.web.servlet.mvc.method.annotation.ServletInvocableHandlerMethod.invokeAndHandle(ServletInvocableHandlerMethod.java:118) ~[spring-webmvc-6.2.14.jar:6.2.14]
	at org.springframework.web.servlet.mvc.method.annotation.RequestMappingHandlerAdapter.invokeHandlerMethod(RequestMappingHandlerAdapter.java:991) ~[spring-webmvc-6.2.14.jar:6.2.14]
	at org.springframework.web.servlet.mvc.method.annotation.RequestMappingHandlerAdapter.handleInternal(RequestMappingHandlerAdapter.java:896) ~[spring-webmvc-6.2.14.jar:6.2.14]
	at org.springframework.web.servlet.mvc.method.AbstractHandlerMethodAdapter.handle(AbstractHandlerMethodAdapter.java:87) ~[spring-webmvc-6.2.14.jar:6.2.14]
	at org.springframework.web.servlet.DispatcherServlet.doDispatch(DispatcherServlet.java:1089) ~[spring-webmvc-6.2.14.jar:6.2.14]
	... 92 more
Caused by: jakarta.persistence.TransactionRequiredException: No EntityManager with actual transaction available for current thread - cannot reliably process 'remove' call
	at org.springframework.orm.jpa.SharedEntityManagerCreator$SharedEntityManagerInvocationHandler.invoke(SharedEntityManagerCreator.java:304) ~[spring-orm-6.2.14.jar:6.2.14]
	at jdk.proxy14/jdk.proxy14.$Proxy365.remove(Unknown Source) ~[?:?]
	at org.springframework.data.jpa.repository.query.JpaQueryExecution$DeleteExecution.doExecute(JpaQueryExecution.java:315) ~[spring-data-jpa-3.5.6.jar:3.5.6]
	at org.springframework.data.jpa.repository.query.JpaQueryExecution.execute(JpaQueryExecution.java:95) ~[spring-data-jpa-3.5.6.jar:3.5.6]
	at org.springframework.data.jpa.repository.query.AbstractJpaQuery.doExecute(AbstractJpaQuery.java:160) ~[spring-data-jpa-3.5.6.jar:3.5.6]
	at org.springframework.data.jpa.repository.query.AbstractJpaQuery.execute(AbstractJpaQuery.java:148) ~[spring-data-jpa-3.5.6.jar:3.5.6]
	at org.springframework.data.repository.core.support.RepositoryMethodInvoker.doInvoke(RepositoryMethodInvoker.java:170) ~[spring-data-commons-3.5.6.jar:3.5.6]
	at org.springframework.data.repository.core.support.RepositoryMethodInvoker.invoke(RepositoryMethodInvoker.java:158) ~[spring-data-commons-3.5.6.jar:3.5.6]
	at org.springframework.data.repository.core.support.QueryExecutorMethodInterceptor.doInvoke(QueryExecutorMethodInterceptor.java:170) ~[spring-data-commons-3.5.6.jar:3.5.6]
	at org.springframework.data.repository.core.support.QueryExecutorMethodInterceptor.invoke(QueryExecutorMethodInterceptor.java:149) ~[spring-data-commons-3.5.6.jar:3.5.6]
	at org.springframework.aop.framework.ReflectiveMethodInvocation.proceed(ReflectiveMethodInvocation.java:184) ~[spring-aop-6.2.14.jar:6.2.14]
	at org.springframework.data.projection.DefaultMethodInvokingMethodInterceptor.invoke(DefaultMethodInvokingMethodInterceptor.java:69) ~[spring-data-commons-3.5.6.jar:3.5.6]
	at org.springframework.aop.framework.ReflectiveMethodInvocation.proceed(ReflectiveMethodInvocation.java:184) ~[spring-aop-6.2.14.jar:6.2.14]
	at org.springframework.transaction.interceptor.TransactionAspectSupport.invokeWithinTransaction(TransactionAspectSupport.java:380) ~[spring-tx-6.2.14.jar:6.2.14]
	at org.springframework.transaction.interceptor.TransactionInterceptor.invoke(TransactionInterceptor.java:119) ~[spring-tx-6.2.14.jar:6.2.14]
	at org.springframework.aop.framework.ReflectiveMethodInvocation.proceed(ReflectiveMethodInvocation.java:184) ~[spring-aop-6.2.14.jar:6.2.14]
	at org.springframework.dao.support.PersistenceExceptionTranslationInterceptor.invoke(PersistenceExceptionTranslationInterceptor.java:138) ~[spring-tx-6.2.14.jar:6.2.14]
	at org.springframework.aop.framework.ReflectiveMethodInvocation.proceed(ReflectiveMethodInvocation.java:184) ~[spring-aop-6.2.14.jar:6.2.14]
	at org.springframework.data.jpa.repository.support.CrudMethodMetadataPostProcessor$CrudMethodMetadataPopulatingMethodInterceptor.invoke(CrudMethodMetadataPostProcessor.java:136) ~[spring-data-jpa-3.5.6.jar:3.5.6]
	at org.springframework.aop.framework.ReflectiveMethodInvocation.proceed(ReflectiveMethodInvocation.java:184) ~[spring-aop-6.2.14.jar:6.2.14]
	at org.springframework.aop.framework.JdkDynamicAopProxy.invoke(JdkDynamicAopProxy.java:223) ~[spring-aop-6.2.14.jar:6.2.14]
	at jdk.proxy14/jdk.proxy14.$Proxy377.deleteByClientId(Unknown Source) ~[?:?]
	at com.leads.sandbox.test.project.client.ClientServiceImpl.lambda$deleteClientData$0(ClientServiceImpl.java:43) ~[classes/:?]
	at java.base/java.util.Optional.map(Optional.java:264) ~[?:?]
	at com.leads.sandbox.test.project.client.ClientServiceImpl.deleteClientData(ClientServiceImpl.java:42) ~[classes/:?]
	at com.leads.sandbox.test.project.client.ClientServiceImpl.deleteClientAddress(ClientServiceImpl.java:196) ~[classes/:?]
	at java.base/jdk.internal.reflect.DirectMethodHandleAccessor.invoke(DirectMethodHandleAccessor.java:104) ~[?:?]
	at java.base/java.lang.reflect.Method.invoke(Method.java:565) ~[?:?]
	at org.springframework.aop.support.AopUtils.invokeJoinpointUsingReflection(AopUtils.java:360) ~[spring-aop-6.2.14.jar:6.2.14]
	at org.springframework.aop.framework.CglibAopProxy$DynamicAdvisedInterceptor.intercept(CglibAopProxy.java:724) ~[spring-aop-6.2.14.jar:6.2.14]
	at com.leads.sandbox.test.project.client.ClientServiceImpl$$SpringCGLIB$$0.deleteClientAddress(<generated>) ~[classes/:?]
	at com.leads.sandbox.test.project.client.ClientController.deleteClientAddress(ClientInfoController.java:74) ~[classes/:?]
	at java.base/jdk.internal.reflect.DirectMethodHandleAccessor.invoke(DirectMethodHandleAccessor.java:104) ~[?:?]
	at java.base/java.lang.reflect.Method.invoke(Method.java:565) ~[?:?]
	at org.springframework.web.method.support.InvocableHandlerMethod.doInvoke(InvocableHandlerMethod.java:258) ~[spring-web-6.2.14.jar:6.2.14]
	at org.springframework.web.method.support.InvocableHandlerMethod.invokeForRequest(InvocableHandlerMethod.java:191) ~[spring-web-6.2.14.jar:6.2.14]
	at org.springframework.web.servlet.mvc.method.annotation.ServletInvocableHandlerMethod.invokeAndHandle(ServletInvocableHandlerMethod.java:118) ~[spring-webmvc-6.2.14.jar:6.2.14]
	at org.springframework.web.servlet.mvc.method.annotation.RequestMappingHandlerAdapter.invokeHandlerMethod(RequestMappingHandlerAdapter.java:991) ~[spring-webmvc-6.2.14.jar:6.2.14]
	at org.springframework.web.servlet.mvc.method.annotation.RequestMappingHandlerAdapter.handleInternal(RequestMappingHandlerAdapter.java:896) ~[spring-webmvc-6.2.14.jar:6.2.14]
	at org.springframework.web.servlet.mvc.method.AbstractHandlerMethodAdapter.handle(AbstractHandlerMethodAdapter.java:87) ~[spring-webmvc-6.2.14.jar:6.2.14]
	at org.springframework.web.servlet.DispatcherServlet.doDispatch(DispatcherServlet.java:1089) ~[spring-webmvc-6.2.14.jar:6.2.14]
	... 92 more
11:02:44.058 [tomcat-handler-1] ERROR ServiceExceptionHandler - No EntityManager with actual transaction available for current thread - cannot reliably process 'remove' call
org.springframework.web.ErrorResponseException: 400 BAD_REQUEST, ProblemDetail[type='about:blank', title='Bad Request', status=400, detail='No EntityManager with actual transaction available for current thread - cannot reliably process 'remove' call', instance='null', properties='null']
	at com.leads.microcube.exception.ServiceExceptionHandler.handleException(ServiceExceptionHandler.java:45) [microcube.core-0.8.1.jar:0.8.1]
	at java.base/jdk.internal.reflect.DirectMethodHandleAccessor.invoke(DirectMethodHandleAccessor.java:104) ~[?:?]
	at java.base/java.lang.reflect.Method.invoke(Method.java:565) ~[?:?]
	at org.springframework.web.method.support.InvocableHandlerMethod.doInvoke(InvocableHandlerMethod.java:258) [spring-web-6.2.14.jar:6.2.14]
	at org.springframework.web.method.support.InvocableHandlerMethod.invokeForRequest(InvocableHandlerMethod.java:191) [spring-web-6.2.14.jar:6.2.14]
	at org.springframework.web.servlet.mvc.method.annotation.ServletInvocableHandlerMethod.invokeAndHandle(ServletInvocableHandlerMethod.java:118) [spring-webmvc-6.2.14.jar:6.2.14]
	at org.springframework.web.servlet.mvc.method.annotation.ExceptionHandlerExceptionResolver.doResolveHandlerMethodException(ExceptionHandlerExceptionResolver.java:471) [spring-webmvc-6.2.14.jar:6.2.14]
	at org.springframework.web.servlet.handler.AbstractHandlerMethodExceptionResolver.doResolveException(AbstractHandlerMethodExceptionResolver.java:73) [spring-webmvc-6.2.14.jar:6.2.14]
	at org.springframework.web.servlet.handler.AbstractHandlerExceptionResolver.resolveException(AbstractHandlerExceptionResolver.java:182) [spring-webmvc-6.2.14.jar:6.2.14]
	at org.springframework.web.servlet.handler.HandlerExceptionResolverComposite.resolveException(HandlerExceptionResolverComposite.java:80) [spring-webmvc-6.2.14.jar:6.2.14]
	at org.springframework.web.servlet.DispatcherServlet.processHandlerException(DispatcherServlet.java:1360) [spring-webmvc-6.2.14.jar:6.2.14]
	at org.springframework.web.servlet.DispatcherServlet.processDispatchResult(DispatcherServlet.java:1161) [spring-webmvc-6.2.14.jar:6.2.14]
	at org.springframework.web.servlet.DispatcherServlet.doDispatch(DispatcherServlet.java:1106) [spring-webmvc-6.2.14.jar:6.2.14]
	at org.springframework.web.servlet.DispatcherServlet.doService(DispatcherServlet.java:979) [spring-webmvc-6.2.14.jar:6.2.14]
	at org.springframework.web.servlet.FrameworkServlet.processRequest(FrameworkServlet.java:1014) [spring-webmvc-6.2.14.jar:6.2.14]
	at org.springframework.web.servlet.FrameworkServlet.doDelete(FrameworkServlet.java:936) [spring-webmvc-6.2.14.jar:6.2.14]
	at jakarta.servlet.http.HttpServlet.service(HttpServlet.java:596) [tomcat-embed-core-10.1.49.jar:6.0]
	at org.springframework.web.servlet.FrameworkServlet.service(FrameworkServlet.java:885) [spring-webmvc-6.2.14.jar:6.2.14]
	at jakarta.servlet.http.HttpServlet.service(HttpServlet.java:658) [tomcat-embed-core-10.1.49.jar:6.0]
	at org.apache.catalina.core.ApplicationFilterChain.internalDoFilter(ApplicationFilterChain.java:193) [tomcat-embed-core-10.1.49.jar:10.1.49]
	at org.apache.catalina.core.ApplicationFilterChain.doFilter(ApplicationFilterChain.java:138) [tomcat-embed-core-10.1.49.jar:10.1.49]
	at org.apache.tomcat.websocket.server.WsFilter.doFilter(WsFilter.java:51) [tomcat-embed-websocket-10.1.49.jar:10.1.49]
	at org.apache.catalina.core.ApplicationFilterChain.internalDoFilter(ApplicationFilterChain.java:162) [tomcat-embed-core-10.1.49.jar:10.1.49]
	at org.apache.catalina.core.ApplicationFilterChain.doFilter(ApplicationFilterChain.java:138) [tomcat-embed-core-10.1.49.jar:10.1.49]
	at org.springframework.web.filter.CompositeFilter$VirtualFilterChain.doFilter(CompositeFilter.java:108) [spring-web-6.2.14.jar:6.2.14]
	at org.springframework.web.filter.CompositeFilter$VirtualFilterChain.doFilter(CompositeFilter.java:108) [spring-web-6.2.14.jar:6.2.14]
	at org.springframework.security.web.FilterChainProxy.lambda$doFilterInternal$3(FilterChainProxy.java:231) [spring-security-web-6.5.7.jar:6.5.7]
	at org.springframework.security.web.FilterChainProxy$VirtualFilterChain.doFilter(FilterChainProxy.java:365) [spring-security-web-6.5.7.jar:6.5.7]
	at org.springframework.security.web.access.intercept.AuthorizationFilter.doFilter(AuthorizationFilter.java:101) [spring-security-web-6.5.7.jar:6.5.7]
	at org.springframework.security.web.FilterChainProxy$VirtualFilterChain.doFilter(FilterChainProxy.java:374) [spring-security-web-6.5.7.jar:6.5.7]
	at org.springframework.security.web.access.ExceptionTranslationFilter.doFilter(ExceptionTranslationFilter.java:125) [spring-security-web-6.5.7.jar:6.5.7]
	at org.springframework.security.web.access.ExceptionTranslationFilter.doFilter(ExceptionTranslationFilter.java:119) [spring-security-web-6.5.7.jar:6.5.7]
	at org.springframework.security.web.FilterChainProxy$VirtualFilterChain.doFilter(FilterChainProxy.java:374) [spring-security-web-6.5.7.jar:6.5.7]
	at org.springframework.security.web.authentication.AnonymousAuthenticationFilter.doFilter(AnonymousAuthenticationFilter.java:100) [spring-security-web-6.5.7.jar:6.5.7]
	at org.springframework.security.web.FilterChainProxy$VirtualFilterChain.doFilter(FilterChainProxy.java:374) [spring-security-web-6.5.7.jar:6.5.7]
	at org.springframework.security.web.servletapi.SecurityContextHolderAwareRequestFilter.doFilter(SecurityContextHolderAwareRequestFilter.java:179) [spring-security-web-6.5.7.jar:6.5.7]
	at org.springframework.security.web.FilterChainProxy$VirtualFilterChain.doFilter(FilterChainProxy.java:374) [spring-security-web-6.5.7.jar:6.5.7]
	at org.springframework.security.web.savedrequest.RequestCacheAwareFilter.doFilter(RequestCacheAwareFilter.java:63) [spring-security-web-6.5.7.jar:6.5.7]
	at org.springframework.security.web.FilterChainProxy$VirtualFilterChain.doFilter(FilterChainProxy.java:374) [spring-security-web-6.5.7.jar:6.5.7]
	at org.springframework.security.web.authentication.AuthenticationFilter.doFilterInternal(AuthenticationFilter.java:177) [spring-security-web-6.5.7.jar:6.5.7]
	at org.springframework.web.filter.OncePerRequestFilter.doFilter(OncePerRequestFilter.java:116) [spring-web-6.2.14.jar:6.2.14]
	at org.springframework.security.web.FilterChainProxy$VirtualFilterChain.doFilter(FilterChainProxy.java:374) [spring-security-web-6.5.7.jar:6.5.7]
	at org.springframework.security.oauth2.server.resource.web.authentication.BearerTokenAuthenticationFilter.doFilterInternal(BearerTokenAuthenticationFilter.java:158) [spring-security-oauth2-resource-server-6.5.7.jar:6.5.7]
	at org.springframework.web.filter.OncePerRequestFilter.doFilter(OncePerRequestFilter.java:116) [spring-web-6.2.14.jar:6.2.14]
	at org.springframework.security.web.FilterChainProxy$VirtualFilterChain.doFilter(FilterChainProxy.java:374) [spring-security-web-6.5.7.jar:6.5.7]
	at org.springframework.security.web.authentication.logout.LogoutFilter.doFilter(LogoutFilter.java:107) [spring-security-web-6.5.7.jar:6.5.7]
	at org.springframework.security.web.authentication.logout.LogoutFilter.doFilter(LogoutFilter.java:93) [spring-security-web-6.5.7.jar:6.5.7]
	at org.springframework.security.web.FilterChainProxy$VirtualFilterChain.doFilter(FilterChainProxy.java:374) [spring-security-web-6.5.7.jar:6.5.7]
	at org.springframework.web.filter.CorsFilter.doFilterInternal(CorsFilter.java:91) [spring-web-6.2.14.jar:6.2.14]
	at org.springframework.web.filter.OncePerRequestFilter.doFilter(OncePerRequestFilter.java:116) [spring-web-6.2.14.jar:6.2.14]
	at org.springframework.security.web.FilterChainProxy$VirtualFilterChain.doFilter(FilterChainProxy.java:374) [spring-security-web-6.5.7.jar:6.5.7]
	at org.springframework.security.web.header.HeaderWriterFilter.doHeadersAfter(HeaderWriterFilter.java:90) [spring-security-web-6.5.7.jar:6.5.7]
	at org.springframework.security.web.header.HeaderWriterFilter.doFilterInternal(HeaderWriterFilter.java:75) [spring-security-web-6.5.7.jar:6.5.7]
	at org.springframework.web.filter.OncePerRequestFilter.doFilter(OncePerRequestFilter.java:116) [spring-web-6.2.14.jar:6.2.14]
	at org.springframework.security.web.FilterChainProxy$VirtualFilterChain.doFilter(FilterChainProxy.java:374) [spring-security-web-6.5.7.jar:6.5.7]
	at org.springframework.security.web.context.SecurityContextHolderFilter.doFilter(SecurityContextHolderFilter.java:82) [spring-security-web-6.5.7.jar:6.5.7]
	at org.springframework.security.web.context.SecurityContextHolderFilter.doFilter(SecurityContextHolderFilter.java:69) [spring-security-web-6.5.7.jar:6.5.7]
	at org.springframework.security.web.FilterChainProxy$VirtualFilterChain.doFilter(FilterChainProxy.java:374) [spring-security-web-6.5.7.jar:6.5.7]
	at org.springframework.security.web.context.request.async.WebAsyncManagerIntegrationFilter.doFilterInternal(WebAsyncManagerIntegrationFilter.java:62) [spring-security-web-6.5.7.jar:6.5.7]
	at org.springframework.web.filter.OncePerRequestFilter.doFilter(OncePerRequestFilter.java:116) [spring-web-6.2.14.jar:6.2.14]
	at org.springframework.security.web.FilterChainProxy$VirtualFilterChain.doFilter(FilterChainProxy.java:374) [spring-security-web-6.5.7.jar:6.5.7]
	at org.springframework.security.web.session.DisableEncodeUrlFilter.doFilterInternal(DisableEncodeUrlFilter.java:42) [spring-security-web-6.5.7.jar:6.5.7]
	at org.springframework.web.filter.OncePerRequestFilter.doFilter(OncePerRequestFilter.java:116) [spring-web-6.2.14.jar:6.2.14]
	at org.springframework.security.web.FilterChainProxy$VirtualFilterChain.doFilter(FilterChainProxy.java:374) [spring-security-web-6.5.7.jar:6.5.7]
	at org.springframework.security.web.FilterChainProxy.doFilterInternal(FilterChainProxy.java:233) [spring-security-web-6.5.7.jar:6.5.7]
	at org.springframework.security.web.FilterChainProxy.doFilter(FilterChainProxy.java:191) [spring-security-web-6.5.7.jar:6.5.7]
	at org.springframework.web.filter.CompositeFilter$VirtualFilterChain.doFilter(CompositeFilter.java:113) [spring-web-6.2.14.jar:6.2.14]
	at org.springframework.web.filter.ServletRequestPathFilter.doFilter(ServletRequestPathFilter.java:52) [spring-web-6.2.14.jar:6.2.14]
	at org.springframework.web.filter.CompositeFilter$VirtualFilterChain.doFilter(CompositeFilter.java:113) [spring-web-6.2.14.jar:6.2.14]
	at org.springframework.web.filter.CompositeFilter.doFilter(CompositeFilter.java:74) [spring-web-6.2.14.jar:6.2.14]
	at org.springframework.security.config.annotation.web.configuration.WebSecurityConfiguration$CompositeFilterChainProxy.doFilter(WebSecurityConfiguration.java:319) [spring-security-config-6.5.7.jar:6.5.7]
	at org.springframework.web.filter.CompositeFilter$VirtualFilterChain.doFilter(CompositeFilter.java:113) [spring-web-6.2.14.jar:6.2.14]
	at org.springframework.web.servlet.handler.HandlerMappingIntrospector.lambda$createCacheFilter$4(HandlerMappingIntrospector.java:267) [spring-webmvc-6.2.14.jar:6.2.14]
	at org.springframework.web.filter.CompositeFilter$VirtualFilterChain.doFilter(CompositeFilter.java:113) [spring-web-6.2.14.jar:6.2.14]
	at org.springframework.web.filter.CompositeFilter.doFilter(CompositeFilter.java:74) [spring-web-6.2.14.jar:6.2.14]
	at org.springframework.security.config.annotation.web.configuration.WebMvcSecurityConfiguration$CompositeFilterChainProxy.doFilter(WebMvcSecurityConfiguration.java:240) [spring-security-config-6.5.7.jar:6.5.7]
	at org.springframework.web.filter.DelegatingFilterProxy.invokeDelegate(DelegatingFilterProxy.java:362) [spring-web-6.2.14.jar:6.2.14]
	at org.springframework.web.filter.DelegatingFilterProxy.doFilter(DelegatingFilterProxy.java:278) [spring-web-6.2.14.jar:6.2.14]
	at org.apache.catalina.core.ApplicationFilterChain.internalDoFilter(ApplicationFilterChain.java:162) [tomcat-embed-core-10.1.49.jar:10.1.49]
	at org.apache.catalina.core.ApplicationFilterChain.doFilter(ApplicationFilterChain.java:138) [tomcat-embed-core-10.1.49.jar:10.1.49]
	at org.springframework.web.filter.RequestContextFilter.doFilterInternal(RequestContextFilter.java:100) [spring-web-6.2.14.jar:6.2.14]
	at org.springframework.web.filter.OncePerRequestFilter.doFilter(OncePerRequestFilter.java:116) [spring-web-6.2.14.jar:6.2.14]
	at org.apache.catalina.core.ApplicationFilterChain.internalDoFilter(ApplicationFilterChain.java:162) [tomcat-embed-core-10.1.49.jar:10.1.49]
	at org.apache.catalina.core.ApplicationFilterChain.doFilter(ApplicationFilterChain.java:138) [tomcat-embed-core-10.1.49.jar:10.1.49]
	at org.springframework.web.filter.FormContentFilter.doFilterInternal(FormContentFilter.java:93) [spring-web-6.2.14.jar:6.2.14]
	at org.springframework.web.filter.OncePerRequestFilter.doFilter(OncePerRequestFilter.java:116) [spring-web-6.2.14.jar:6.2.14]
	at org.apache.catalina.core.ApplicationFilterChain.internalDoFilter(ApplicationFilterChain.java:162) [tomcat-embed-core-10.1.49.jar:10.1.49]
	at org.apache.catalina.core.ApplicationFilterChain.doFilter(ApplicationFilterChain.java:138) [tomcat-embed-core-10.1.49.jar:10.1.49]
	at org.springframework.web.filter.CharacterEncodingFilter.doFilterInternal(CharacterEncodingFilter.java:201) [spring-web-6.2.14.jar:6.2.14]
	at org.springframework.web.filter.OncePerRequestFilter.doFilter(OncePerRequestFilter.java:116) [spring-web-6.2.14.jar:6.2.14]
	at org.apache.catalina.core.ApplicationFilterChain.internalDoFilter(ApplicationFilterChain.java:162) [tomcat-embed-core-10.1.49.jar:10.1.49]
	at org.apache.catalina.core.ApplicationFilterChain.doFilter(ApplicationFilterChain.java:138) [tomcat-embed-core-10.1.49.jar:10.1.49]
	at org.apache.catalina.core.StandardWrapperValve.invoke(StandardWrapperValve.java:165) [tomcat-embed-core-10.1.49.jar:10.1.49]
	at org.apache.catalina.core.StandardContextValve.invoke(StandardContextValve.java:88) [tomcat-embed-core-10.1.49.jar:10.1.49]
	at org.apache.catalina.authenticator.AuthenticatorBase.invoke(AuthenticatorBase.java:482) [tomcat-embed-core-10.1.49.jar:10.1.49]
	at org.apache.catalina.core.StandardHostValve.invoke(StandardHostValve.java:113) [tomcat-embed-core-10.1.49.jar:10.1.49]
	at org.apache.catalina.valves.ErrorReportValve.invoke(ErrorReportValve.java:83) [tomcat-embed-core-10.1.49.jar:10.1.49]
	at org.apache.catalina.core.StandardEngineValve.invoke(StandardEngineValve.java:72) [tomcat-embed-core-10.1.49.jar:10.1.49]
	at org.apache.catalina.connector.CoyoteAdapter.service(CoyoteAdapter.java:342) [tomcat-embed-core-10.1.49.jar:10.1.49]
	at org.apache.coyote.http11.Http11Processor.service(Http11Processor.java:399) [tomcat-embed-core-10.1.49.jar:10.1.49]
	at org.apache.coyote.AbstractProcessorLight.process(AbstractProcessorLight.java:63) [tomcat-embed-core-10.1.49.jar:10.1.49]
	at org.apache.coyote.AbstractProtocol$ConnectionHandler.process(AbstractProtocol.java:903) [tomcat-embed-core-10.1.49.jar:10.1.49]
	at org.apache.tomcat.util.net.NioEndpoint$SocketProcessor.doRun(NioEndpoint.java:1774) [tomcat-embed-core-10.1.49.jar:10.1.49]
	at org.apache.tomcat.util.net.SocketProcessorBase.run(SocketProcessorBase.java:52) [tomcat-embed-core-10.1.49.jar:10.1.49]
	at java.base/java.lang.VirtualThread.run(VirtualThread.java:475) [?:?]
Caused by: org.springframework.dao.InvalidDataAccessApiUsageException: No EntityManager with actual transaction available for current thread - cannot reliably process 'remove' call
	at org.springframework.orm.jpa.EntityManagerFactoryUtils.convertJpaAccessExceptionIfPossible(EntityManagerFactoryUtils.java:400) ~[spring-orm-6.2.14.jar:6.2.14]
	at org.springframework.orm.jpa.vendor.HibernateJpaDialect.translateExceptionIfPossible(HibernateJpaDialect.java:246) ~[spring-orm-6.2.14.jar:6.2.14]
	at org.springframework.orm.jpa.AbstractEntityManagerFactoryBean.translateExceptionIfPossible(AbstractEntityManagerFactoryBean.java:560) ~[spring-orm-6.2.14.jar:6.2.14]
	at org.springframework.dao.support.ChainedPersistenceExceptionTranslator.translateExceptionIfPossible(ChainedPersistenceExceptionTranslator.java:61) ~[spring-tx-6.2.14.jar:6.2.14]
	at org.springframework.dao.support.DataAccessUtils.translateIfNecessary(DataAccessUtils.java:343) ~[spring-tx-6.2.14.jar:6.2.14]
	at org.springframework.dao.support.PersistenceExceptionTranslationInterceptor.invoke(PersistenceExceptionTranslationInterceptor.java:160) ~[spring-tx-6.2.14.jar:6.2.14]
	at org.springframework.aop.framework.ReflectiveMethodInvocation.proceed(ReflectiveMethodInvocation.java:184) ~[spring-aop-6.2.14.jar:6.2.14]
	at org.springframework.data.jpa.repository.support.CrudMethodMetadataPostProcessor$CrudMethodMetadataPopulatingMethodInterceptor.invoke(CrudMethodMetadataPostProcessor.java:136) ~[spring-data-jpa-3.5.6.jar:3.5.6]
	at org.springframework.aop.framework.ReflectiveMethodInvocation.proceed(ReflectiveMethodInvocation.java:184) ~[spring-aop-6.2.14.jar:6.2.14]
	at org.springframework.aop.framework.JdkDynamicAopProxy.invoke(JdkDynamicAopProxy.java:223) ~[spring-aop-6.2.14.jar:6.2.14]
	at jdk.proxy15/jdk.proxy15.$Proxy395.deleteByClientId(Unknown Source) ~[?:?]
	at com.leads.sandbox.test.project.client.ClientServiceImpl.lambda$deleteClientData$0(ClientServiceImpl.java:41) ~[classes/:?]
	at java.base/java.util.Optional.map(Optional.java:264) ~[?:?]
	at com.leads.sandbox.test.project.client.ClientServiceImpl.deleteClientData(ClientServiceImpl.java:40) ~[classes/:?]
	at com.leads.sandbox.test.project.client.ClientServiceImpl.deleteClientAddress(ClientServiceImpl.java:191) ~[classes/:?]
	at java.base/jdk.internal.reflect.DirectMethodHandleAccessor.invoke(DirectMethodHandleAccessor.java:104) ~[?:?]
	at java.base/java.lang.reflect.Method.invoke(Method.java:565) ~[?:?]
	at org.springframework.aop.support.AopUtils.invokeJoinpointUsingReflection(AopUtils.java:360) ~[spring-aop-6.2.14.jar:6.2.14]
	at org.springframework.aop.framework.CglibAopProxy$DynamicAdvisedInterceptor.intercept(CglibAopProxy.java:724) ~[spring-aop-6.2.14.jar:6.2.14]
	at com.leads.sandbox.test.project.client.ClientServiceImpl$$SpringCGLIB$$0.deleteClientAddress(<generated>) ~[classes/:?]
	at com.leads.sandbox.test.project.client.ClientController.deleteClientAddress(ClientInfoController.java:74) ~[classes/:?]
	at java.base/jdk.internal.reflect.DirectMethodHandleAccessor.invoke(DirectMethodHandleAccessor.java:104) ~[?:?]
	at java.base/java.lang.reflect.Method.invoke(Method.java:565) ~[?:?]
	at org.springframework.web.method.support.InvocableHandlerMethod.doInvoke(InvocableHandlerMethod.java:258) ~[spring-web-6.2.14.jar:6.2.14]
	at org.springframework.web.method.support.InvocableHandlerMethod.invokeForRequest(InvocableHandlerMethod.java:191) ~[spring-web-6.2.14.jar:6.2.14]
	at org.springframework.web.servlet.mvc.method.annotation.ServletInvocableHandlerMethod.invokeAndHandle(ServletInvocableHandlerMethod.java:118) ~[spring-webmvc-6.2.14.jar:6.2.14]
	at org.springframework.web.servlet.mvc.method.annotation.RequestMappingHandlerAdapter.invokeHandlerMethod(RequestMappingHandlerAdapter.java:991) ~[spring-webmvc-6.2.14.jar:6.2.14]
	at org.springframework.web.servlet.mvc.method.annotation.RequestMappingHandlerAdapter.handleInternal(RequestMappingHandlerAdapter.java:896) ~[spring-webmvc-6.2.14.jar:6.2.14]
	at org.springframework.web.servlet.mvc.method.AbstractHandlerMethodAdapter.handle(AbstractHandlerMethodAdapter.java:87) ~[spring-webmvc-6.2.14.jar:6.2.14]
	at org.springframework.web.servlet.DispatcherServlet.doDispatch(DispatcherServlet.java:1089) ~[spring-webmvc-6.2.14.jar:6.2.14]
	... 92 more
Caused by: jakarta.persistence.TransactionRequiredException: No EntityManager with actual transaction available for current thread - cannot reliably process 'remove' call
	at org.springframework.orm.jpa.SharedEntityManagerCreator$SharedEntityManagerInvocationHandler.invoke(SharedEntityManagerCreator.java:304) ~[spring-orm-6.2.14.jar:6.2.14]
	at jdk.proxy15/jdk.proxy15.$Proxy383.remove(Unknown Source) ~[?:?]
	at org.springframework.data.jpa.repository.query.JpaQueryExecution$DeleteExecution.doExecute(JpaQueryExecution.java:315) ~[spring-data-jpa-3.5.6.jar:3.5.6]
	at org.springframework.data.jpa.repository.query.JpaQueryExecution.execute(JpaQueryExecution.java:95) ~[spring-data-jpa-3.5.6.jar:3.5.6]
	at org.springframework.data.jpa.repository.query.AbstractJpaQuery.doExecute(AbstractJpaQuery.java:160) ~[spring-data-jpa-3.5.6.jar:3.5.6]
	at org.springframework.data.jpa.repository.query.AbstractJpaQuery.execute(AbstractJpaQuery.java:148) ~[spring-data-jpa-3.5.6.jar:3.5.6]
	at org.springframework.data.repository.core.support.RepositoryMethodInvoker.doInvoke(RepositoryMethodInvoker.java:170) ~[spring-data-commons-3.5.6.jar:3.5.6]
	at org.springframework.data.repository.core.support.RepositoryMethodInvoker.invoke(RepositoryMethodInvoker.java:158) ~[spring-data-commons-3.5.6.jar:3.5.6]
	at org.springframework.data.repository.core.support.QueryExecutorMethodInterceptor.doInvoke(QueryExecutorMethodInterceptor.java:170) ~[spring-data-commons-3.5.6.jar:3.5.6]
	at org.springframework.data.repository.core.support.QueryExecutorMethodInterceptor.invoke(QueryExecutorMethodInterceptor.java:149) ~[spring-data-commons-3.5.6.jar:3.5.6]
	at org.springframework.aop.framework.ReflectiveMethodInvocation.proceed(ReflectiveMethodInvocation.java:184) ~[spring-aop-6.2.14.jar:6.2.14]
	at org.springframework.data.projection.DefaultMethodInvokingMethodInterceptor.invoke(DefaultMethodInvokingMethodInterceptor.java:69) ~[spring-data-commons-3.5.6.jar:3.5.6]
	at org.springframework.aop.framework.ReflectiveMethodInvocation.proceed(ReflectiveMethodInvocation.java:184) ~[spring-aop-6.2.14.jar:6.2.14]
	at org.springframework.transaction.interceptor.TransactionAspectSupport.invokeWithinTransaction(TransactionAspectSupport.java:380) ~[spring-tx-6.2.14.jar:6.2.14]
	at org.springframework.transaction.interceptor.TransactionInterceptor.invoke(TransactionInterceptor.java:119) ~[spring-tx-6.2.14.jar:6.2.14]
	at org.springframework.aop.framework.ReflectiveMethodInvocation.proceed(ReflectiveMethodInvocation.java:184) ~[spring-aop-6.2.14.jar:6.2.14]
	at org.springframework.dao.support.PersistenceExceptionTranslationInterceptor.invoke(PersistenceExceptionTranslationInterceptor.java:138) ~[spring-tx-6.2.14.jar:6.2.14]
	at org.springframework.aop.framework.ReflectiveMethodInvocation.proceed(ReflectiveMethodInvocation.java:184) ~[spring-aop-6.2.14.jar:6.2.14]
	at org.springframework.data.jpa.repository.support.CrudMethodMetadataPostProcessor$CrudMethodMetadataPopulatingMethodInterceptor.invoke(CrudMethodMetadataPostProcessor.java:136) ~[spring-data-jpa-3.5.6.jar:3.5.6]
	at org.springframework.aop.framework.ReflectiveMethodInvocation.proceed(ReflectiveMethodInvocation.java:184) ~[spring-aop-6.2.14.jar:6.2.14]
	at org.springframework.aop.framework.JdkDynamicAopProxy.invoke(JdkDynamicAopProxy.java:223) ~[spring-aop-6.2.14.jar:6.2.14]
	at jdk.proxy15/jdk.proxy15.$Proxy395.deleteByClientId(Unknown Source) ~[?:?]
	at com.leads.sandbox.test.project.client.ClientServiceImpl.lambda$deleteClientData$0(ClientServiceImpl.java:41) ~[classes/:?]
	at java.base/java.util.Optional.map(Optional.java:264) ~[?:?]
	at com.leads.sandbox.test.project.client.ClientServiceImpl.deleteClientData(ClientServiceImpl.java:40) ~[classes/:?]
	at com.leads.sandbox.test.project.client.ClientServiceImpl.deleteClientAddress(ClientServiceImpl.java:191) ~[classes/:?]
	at java.base/jdk.internal.reflect.DirectMethodHandleAccessor.invoke(DirectMethodHandleAccessor.java:104) ~[?:?]
	at java.base/java.lang.reflect.Method.invoke(Method.java:565) ~[?:?]
	at org.springframework.aop.support.AopUtils.invokeJoinpointUsingReflection(AopUtils.java:360) ~[spring-aop-6.2.14.jar:6.2.14]
	at org.springframework.aop.framework.CglibAopProxy$DynamicAdvisedInterceptor.intercept(CglibAopProxy.java:724) ~[spring-aop-6.2.14.jar:6.2.14]
	at com.leads.sandbox.test.project.client.ClientServiceImpl$$SpringCGLIB$$0.deleteClientAddress(<generated>) ~[classes/:?]
	at com.leads.sandbox.test.project.client.ClientController.deleteClientAddress(ClientInfoController.java:74) ~[classes/:?]
	at java.base/jdk.internal.reflect.DirectMethodHandleAccessor.invoke(DirectMethodHandleAccessor.java:104) ~[?:?]
	at java.base/java.lang.reflect.Method.invoke(Method.java:565) ~[?:?]
	at org.springframework.web.method.support.InvocableHandlerMethod.doInvoke(InvocableHandlerMethod.java:258) ~[spring-web-6.2.14.jar:6.2.14]
	at org.springframework.web.method.support.InvocableHandlerMethod.invokeForRequest(InvocableHandlerMethod.java:191) ~[spring-web-6.2.14.jar:6.2.14]
	at org.springframework.web.servlet.mvc.method.annotation.ServletInvocableHandlerMethod.invokeAndHandle(ServletInvocableHandlerMethod.java:118) ~[spring-webmvc-6.2.14.jar:6.2.14]
	at org.springframework.web.servlet.mvc.method.annotation.RequestMappingHandlerAdapter.invokeHandlerMethod(RequestMappingHandlerAdapter.java:991) ~[spring-webmvc-6.2.14.jar:6.2.14]
	at org.springframework.web.servlet.mvc.method.annotation.RequestMappingHandlerAdapter.handleInternal(RequestMappingHandlerAdapter.java:896) ~[spring-webmvc-6.2.14.jar:6.2.14]
	at org.springframework.web.servlet.mvc.method.AbstractHandlerMethodAdapter.handle(AbstractHandlerMethodAdapter.java:87) ~[spring-webmvc-6.2.14.jar:6.2.14]
	at org.springframework.web.servlet.DispatcherServlet.doDispatch(DispatcherServlet.java:1089) ~[spring-webmvc-6.2.14.jar:6.2.14]
	... 92 more
11:05:39.911 [tomcat-handler-2] ERROR ServiceExceptionHandler - No static resource api/clients.
org.springframework.web.servlet.resource.NoResourceFoundException: No static resource api/clients.
	at org.springframework.web.servlet.resource.ResourceHttpRequestHandler.handleRequest(ResourceHttpRequestHandler.java:585) ~[spring-webmvc-6.2.14.jar:6.2.14]
	at org.springframework.web.servlet.mvc.HttpRequestHandlerAdapter.handle(HttpRequestHandlerAdapter.java:52) ~[spring-webmvc-6.2.14.jar:6.2.14]
	at org.springframework.web.servlet.DispatcherServlet.doDispatch(DispatcherServlet.java:1089) [spring-webmvc-6.2.14.jar:6.2.14]
	at org.springframework.web.servlet.DispatcherServlet.doService(DispatcherServlet.java:979) [spring-webmvc-6.2.14.jar:6.2.14]
	at org.springframework.web.servlet.FrameworkServlet.processRequest(FrameworkServlet.java:1014) [spring-webmvc-6.2.14.jar:6.2.14]
	at org.springframework.web.servlet.FrameworkServlet.doDelete(FrameworkServlet.java:936) [spring-webmvc-6.2.14.jar:6.2.14]
	at jakarta.servlet.http.HttpServlet.service(HttpServlet.java:596) [tomcat-embed-core-10.1.49.jar:6.0]
	at org.springframework.web.servlet.FrameworkServlet.service(FrameworkServlet.java:885) [spring-webmvc-6.2.14.jar:6.2.14]
	at jakarta.servlet.http.HttpServlet.service(HttpServlet.java:658) [tomcat-embed-core-10.1.49.jar:6.0]
	at org.apache.catalina.core.ApplicationFilterChain.internalDoFilter(ApplicationFilterChain.java:193) [tomcat-embed-core-10.1.49.jar:10.1.49]
	at org.apache.catalina.core.ApplicationFilterChain.doFilter(ApplicationFilterChain.java:138) [tomcat-embed-core-10.1.49.jar:10.1.49]
	at org.apache.tomcat.websocket.server.WsFilter.doFilter(WsFilter.java:51) [tomcat-embed-websocket-10.1.49.jar:10.1.49]
	at org.apache.catalina.core.ApplicationFilterChain.internalDoFilter(ApplicationFilterChain.java:162) [tomcat-embed-core-10.1.49.jar:10.1.49]
	at org.apache.catalina.core.ApplicationFilterChain.doFilter(ApplicationFilterChain.java:138) [tomcat-embed-core-10.1.49.jar:10.1.49]
	at org.springframework.web.filter.CompositeFilter$VirtualFilterChain.doFilter(CompositeFilter.java:108) [spring-web-6.2.14.jar:6.2.14]
	at org.springframework.web.filter.CompositeFilter$VirtualFilterChain.doFilter(CompositeFilter.java:108) [spring-web-6.2.14.jar:6.2.14]
	at org.springframework.security.web.FilterChainProxy.lambda$doFilterInternal$3(FilterChainProxy.java:231) [spring-security-web-6.5.7.jar:6.5.7]
	at org.springframework.security.web.FilterChainProxy$VirtualFilterChain.doFilter(FilterChainProxy.java:365) [spring-security-web-6.5.7.jar:6.5.7]
	at org.springframework.security.web.access.intercept.AuthorizationFilter.doFilter(AuthorizationFilter.java:101) [spring-security-web-6.5.7.jar:6.5.7]
	at org.springframework.security.web.FilterChainProxy$VirtualFilterChain.doFilter(FilterChainProxy.java:374) [spring-security-web-6.5.7.jar:6.5.7]
	at org.springframework.security.web.access.ExceptionTranslationFilter.doFilter(ExceptionTranslationFilter.java:125) [spring-security-web-6.5.7.jar:6.5.7]
	at org.springframework.security.web.access.ExceptionTranslationFilter.doFilter(ExceptionTranslationFilter.java:119) [spring-security-web-6.5.7.jar:6.5.7]
	at org.springframework.security.web.FilterChainProxy$VirtualFilterChain.doFilter(FilterChainProxy.java:374) [spring-security-web-6.5.7.jar:6.5.7]
	at org.springframework.security.web.authentication.AnonymousAuthenticationFilter.doFilter(AnonymousAuthenticationFilter.java:100) [spring-security-web-6.5.7.jar:6.5.7]
	at org.springframework.security.web.FilterChainProxy$VirtualFilterChain.doFilter(FilterChainProxy.java:374) [spring-security-web-6.5.7.jar:6.5.7]
	at org.springframework.security.web.servletapi.SecurityContextHolderAwareRequestFilter.doFilter(SecurityContextHolderAwareRequestFilter.java:179) [spring-security-web-6.5.7.jar:6.5.7]
	at org.springframework.security.web.FilterChainProxy$VirtualFilterChain.doFilter(FilterChainProxy.java:374) [spring-security-web-6.5.7.jar:6.5.7]
	at org.springframework.security.web.savedrequest.RequestCacheAwareFilter.doFilter(RequestCacheAwareFilter.java:63) [spring-security-web-6.5.7.jar:6.5.7]
	at org.springframework.security.web.FilterChainProxy$VirtualFilterChain.doFilter(FilterChainProxy.java:374) [spring-security-web-6.5.7.jar:6.5.7]
	at org.springframework.security.web.authentication.AuthenticationFilter.doFilterInternal(AuthenticationFilter.java:177) [spring-security-web-6.5.7.jar:6.5.7]
	at org.springframework.web.filter.OncePerRequestFilter.doFilter(OncePerRequestFilter.java:116) [spring-web-6.2.14.jar:6.2.14]
	at org.springframework.security.web.FilterChainProxy$VirtualFilterChain.doFilter(FilterChainProxy.java:374) [spring-security-web-6.5.7.jar:6.5.7]
	at org.springframework.security.oauth2.server.resource.web.authentication.BearerTokenAuthenticationFilter.doFilterInternal(BearerTokenAuthenticationFilter.java:158) [spring-security-oauth2-resource-server-6.5.7.jar:6.5.7]
	at org.springframework.web.filter.OncePerRequestFilter.doFilter(OncePerRequestFilter.java:116) [spring-web-6.2.14.jar:6.2.14]
	at org.springframework.security.web.FilterChainProxy$VirtualFilterChain.doFilter(FilterChainProxy.java:374) [spring-security-web-6.5.7.jar:6.5.7]
	at org.springframework.security.web.authentication.logout.LogoutFilter.doFilter(LogoutFilter.java:107) [spring-security-web-6.5.7.jar:6.5.7]
	at org.springframework.security.web.authentication.logout.LogoutFilter.doFilter(LogoutFilter.java:93) [spring-security-web-6.5.7.jar:6.5.7]
	at org.springframework.security.web.FilterChainProxy$VirtualFilterChain.doFilter(FilterChainProxy.java:374) [spring-security-web-6.5.7.jar:6.5.7]
	at org.springframework.web.filter.CorsFilter.doFilterInternal(CorsFilter.java:91) [spring-web-6.2.14.jar:6.2.14]
	at org.springframework.web.filter.OncePerRequestFilter.doFilter(OncePerRequestFilter.java:116) [spring-web-6.2.14.jar:6.2.14]
	at org.springframework.security.web.FilterChainProxy$VirtualFilterChain.doFilter(FilterChainProxy.java:374) [spring-security-web-6.5.7.jar:6.5.7]
	at org.springframework.security.web.header.HeaderWriterFilter.doHeadersAfter(HeaderWriterFilter.java:90) [spring-security-web-6.5.7.jar:6.5.7]
	at org.springframework.security.web.header.HeaderWriterFilter.doFilterInternal(HeaderWriterFilter.java:75) [spring-security-web-6.5.7.jar:6.5.7]
	at org.springframework.web.filter.OncePerRequestFilter.doFilter(OncePerRequestFilter.java:116) [spring-web-6.2.14.jar:6.2.14]
	at org.springframework.security.web.FilterChainProxy$VirtualFilterChain.doFilter(FilterChainProxy.java:374) [spring-security-web-6.5.7.jar:6.5.7]
	at org.springframework.security.web.context.SecurityContextHolderFilter.doFilter(SecurityContextHolderFilter.java:82) [spring-security-web-6.5.7.jar:6.5.7]
	at org.springframework.security.web.context.SecurityContextHolderFilter.doFilter(SecurityContextHolderFilter.java:69) [spring-security-web-6.5.7.jar:6.5.7]
	at org.springframework.security.web.FilterChainProxy$VirtualFilterChain.doFilter(FilterChainProxy.java:374) [spring-security-web-6.5.7.jar:6.5.7]
	at org.springframework.security.web.context.request.async.WebAsyncManagerIntegrationFilter.doFilterInternal(WebAsyncManagerIntegrationFilter.java:62) [spring-security-web-6.5.7.jar:6.5.7]
	at org.springframework.web.filter.OncePerRequestFilter.doFilter(OncePerRequestFilter.java:116) [spring-web-6.2.14.jar:6.2.14]
	at org.springframework.security.web.FilterChainProxy$VirtualFilterChain.doFilter(FilterChainProxy.java:374) [spring-security-web-6.5.7.jar:6.5.7]
	at org.springframework.security.web.session.DisableEncodeUrlFilter.doFilterInternal(DisableEncodeUrlFilter.java:42) [spring-security-web-6.5.7.jar:6.5.7]
	at org.springframework.web.filter.OncePerRequestFilter.doFilter(OncePerRequestFilter.java:116) [spring-web-6.2.14.jar:6.2.14]
	at org.springframework.security.web.FilterChainProxy$VirtualFilterChain.doFilter(FilterChainProxy.java:374) [spring-security-web-6.5.7.jar:6.5.7]
	at org.springframework.security.web.FilterChainProxy.doFilterInternal(FilterChainProxy.java:233) [spring-security-web-6.5.7.jar:6.5.7]
	at org.springframework.security.web.FilterChainProxy.doFilter(FilterChainProxy.java:191) [spring-security-web-6.5.7.jar:6.5.7]
	at org.springframework.web.filter.CompositeFilter$VirtualFilterChain.doFilter(CompositeFilter.java:113) [spring-web-6.2.14.jar:6.2.14]
	at org.springframework.web.filter.ServletRequestPathFilter.doFilter(ServletRequestPathFilter.java:52) [spring-web-6.2.14.jar:6.2.14]
	at org.springframework.web.filter.CompositeFilter$VirtualFilterChain.doFilter(CompositeFilter.java:113) [spring-web-6.2.14.jar:6.2.14]
	at org.springframework.web.filter.CompositeFilter.doFilter(CompositeFilter.java:74) [spring-web-6.2.14.jar:6.2.14]
	at org.springframework.security.config.annotation.web.configuration.WebSecurityConfiguration$CompositeFilterChainProxy.doFilter(WebSecurityConfiguration.java:319) [spring-security-config-6.5.7.jar:6.5.7]
	at org.springframework.web.filter.CompositeFilter$VirtualFilterChain.doFilter(CompositeFilter.java:113) [spring-web-6.2.14.jar:6.2.14]
	at org.springframework.web.servlet.handler.HandlerMappingIntrospector.lambda$createCacheFilter$4(HandlerMappingIntrospector.java:267) [spring-webmvc-6.2.14.jar:6.2.14]
	at org.springframework.web.filter.CompositeFilter$VirtualFilterChain.doFilter(CompositeFilter.java:113) [spring-web-6.2.14.jar:6.2.14]
	at org.springframework.web.filter.CompositeFilter.doFilter(CompositeFilter.java:74) [spring-web-6.2.14.jar:6.2.14]
	at org.springframework.security.config.annotation.web.configuration.WebMvcSecurityConfiguration$CompositeFilterChainProxy.doFilter(WebMvcSecurityConfiguration.java:240) [spring-security-config-6.5.7.jar:6.5.7]
	at org.springframework.web.filter.DelegatingFilterProxy.invokeDelegate(DelegatingFilterProxy.java:362) [spring-web-6.2.14.jar:6.2.14]
	at org.springframework.web.filter.DelegatingFilterProxy.doFilter(DelegatingFilterProxy.java:278) [spring-web-6.2.14.jar:6.2.14]
	at org.apache.catalina.core.ApplicationFilterChain.internalDoFilter(ApplicationFilterChain.java:162) [tomcat-embed-core-10.1.49.jar:10.1.49]
	at org.apache.catalina.core.ApplicationFilterChain.doFilter(ApplicationFilterChain.java:138) [tomcat-embed-core-10.1.49.jar:10.1.49]
	at org.springframework.web.filter.RequestContextFilter.doFilterInternal(RequestContextFilter.java:100) [spring-web-6.2.14.jar:6.2.14]
	at org.springframework.web.filter.OncePerRequestFilter.doFilter(OncePerRequestFilter.java:116) [spring-web-6.2.14.jar:6.2.14]
	at org.apache.catalina.core.ApplicationFilterChain.internalDoFilter(ApplicationFilterChain.java:162) [tomcat-embed-core-10.1.49.jar:10.1.49]
	at org.apache.catalina.core.ApplicationFilterChain.doFilter(ApplicationFilterChain.java:138) [tomcat-embed-core-10.1.49.jar:10.1.49]
	at org.springframework.web.filter.FormContentFilter.doFilterInternal(FormContentFilter.java:93) [spring-web-6.2.14.jar:6.2.14]
	at org.springframework.web.filter.OncePerRequestFilter.doFilter(OncePerRequestFilter.java:116) [spring-web-6.2.14.jar:6.2.14]
	at org.apache.catalina.core.ApplicationFilterChain.internalDoFilter(ApplicationFilterChain.java:162) [tomcat-embed-core-10.1.49.jar:10.1.49]
	at org.apache.catalina.core.ApplicationFilterChain.doFilter(ApplicationFilterChain.java:138) [tomcat-embed-core-10.1.49.jar:10.1.49]
	at org.springframework.web.filter.CharacterEncodingFilter.doFilterInternal(CharacterEncodingFilter.java:201) [spring-web-6.2.14.jar:6.2.14]
	at org.springframework.web.filter.OncePerRequestFilter.doFilter(OncePerRequestFilter.java:116) [spring-web-6.2.14.jar:6.2.14]
	at org.apache.catalina.core.ApplicationFilterChain.internalDoFilter(ApplicationFilterChain.java:162) [tomcat-embed-core-10.1.49.jar:10.1.49]
	at org.apache.catalina.core.ApplicationFilterChain.doFilter(ApplicationFilterChain.java:138) [tomcat-embed-core-10.1.49.jar:10.1.49]
	at org.apache.catalina.core.StandardWrapperValve.invoke(StandardWrapperValve.java:165) [tomcat-embed-core-10.1.49.jar:10.1.49]
	at org.apache.catalina.core.StandardContextValve.invoke(StandardContextValve.java:88) [tomcat-embed-core-10.1.49.jar:10.1.49]
	at org.apache.catalina.authenticator.AuthenticatorBase.invoke(AuthenticatorBase.java:482) [tomcat-embed-core-10.1.49.jar:10.1.49]
	at org.apache.catalina.core.StandardHostValve.invoke(StandardHostValve.java:113) [tomcat-embed-core-10.1.49.jar:10.1.49]
	at org.apache.catalina.valves.ErrorReportValve.invoke(ErrorReportValve.java:83) [tomcat-embed-core-10.1.49.jar:10.1.49]
	at org.apache.catalina.core.StandardEngineValve.invoke(StandardEngineValve.java:72) [tomcat-embed-core-10.1.49.jar:10.1.49]
	at org.apache.catalina.connector.CoyoteAdapter.service(CoyoteAdapter.java:342) [tomcat-embed-core-10.1.49.jar:10.1.49]
	at org.apache.coyote.http11.Http11Processor.service(Http11Processor.java:399) [tomcat-embed-core-10.1.49.jar:10.1.49]
	at org.apache.coyote.AbstractProcessorLight.process(AbstractProcessorLight.java:63) [tomcat-embed-core-10.1.49.jar:10.1.49]
	at org.apache.coyote.AbstractProtocol$ConnectionHandler.process(AbstractProtocol.java:903) [tomcat-embed-core-10.1.49.jar:10.1.49]
	at org.apache.tomcat.util.net.NioEndpoint$SocketProcessor.doRun(NioEndpoint.java:1774) [tomcat-embed-core-10.1.49.jar:10.1.49]
	at org.apache.tomcat.util.net.SocketProcessorBase.run(SocketProcessorBase.java:52) [tomcat-embed-core-10.1.49.jar:10.1.49]
	at java.base/java.lang.VirtualThread.run(VirtualThread.java:475) [?:?]
11:05:42.541 [tomcat-handler-4] ERROR ServiceExceptionHandler - No static resource api/clients.
org.springframework.web.servlet.resource.NoResourceFoundException: No static resource api/clients.
	at org.springframework.web.servlet.resource.ResourceHttpRequestHandler.handleRequest(ResourceHttpRequestHandler.java:585) ~[spring-webmvc-6.2.14.jar:6.2.14]
	at org.springframework.web.servlet.mvc.HttpRequestHandlerAdapter.handle(HttpRequestHandlerAdapter.java:52) ~[spring-webmvc-6.2.14.jar:6.2.14]
	at org.springframework.web.servlet.DispatcherServlet.doDispatch(DispatcherServlet.java:1089) [spring-webmvc-6.2.14.jar:6.2.14]
	at org.springframework.web.servlet.DispatcherServlet.doService(DispatcherServlet.java:979) [spring-webmvc-6.2.14.jar:6.2.14]
	at org.springframework.web.servlet.FrameworkServlet.processRequest(FrameworkServlet.java:1014) [spring-webmvc-6.2.14.jar:6.2.14]
	at org.springframework.web.servlet.FrameworkServlet.doGet(FrameworkServlet.java:903) [spring-webmvc-6.2.14.jar:6.2.14]
	at jakarta.servlet.http.HttpServlet.service(HttpServlet.java:564) [tomcat-embed-core-10.1.49.jar:6.0]
	at org.springframework.web.servlet.FrameworkServlet.service(FrameworkServlet.java:885) [spring-webmvc-6.2.14.jar:6.2.14]
	at jakarta.servlet.http.HttpServlet.service(HttpServlet.java:658) [tomcat-embed-core-10.1.49.jar:6.0]
	at org.apache.catalina.core.ApplicationFilterChain.internalDoFilter(ApplicationFilterChain.java:193) [tomcat-embed-core-10.1.49.jar:10.1.49]
	at org.apache.catalina.core.ApplicationFilterChain.doFilter(ApplicationFilterChain.java:138) [tomcat-embed-core-10.1.49.jar:10.1.49]
	at org.apache.tomcat.websocket.server.WsFilter.doFilter(WsFilter.java:51) [tomcat-embed-websocket-10.1.49.jar:10.1.49]
	at org.apache.catalina.core.ApplicationFilterChain.internalDoFilter(ApplicationFilterChain.java:162) [tomcat-embed-core-10.1.49.jar:10.1.49]
	at org.apache.catalina.core.ApplicationFilterChain.doFilter(ApplicationFilterChain.java:138) [tomcat-embed-core-10.1.49.jar:10.1.49]
	at org.springframework.web.filter.CompositeFilter$VirtualFilterChain.doFilter(CompositeFilter.java:108) [spring-web-6.2.14.jar:6.2.14]
	at org.springframework.web.filter.CompositeFilter$VirtualFilterChain.doFilter(CompositeFilter.java:108) [spring-web-6.2.14.jar:6.2.14]
	at org.springframework.security.web.FilterChainProxy.lambda$doFilterInternal$3(FilterChainProxy.java:231) [spring-security-web-6.5.7.jar:6.5.7]
	at org.springframework.security.web.FilterChainProxy$VirtualFilterChain.doFilter(FilterChainProxy.java:365) [spring-security-web-6.5.7.jar:6.5.7]
	at org.springframework.security.web.access.intercept.AuthorizationFilter.doFilter(AuthorizationFilter.java:101) [spring-security-web-6.5.7.jar:6.5.7]
	at org.springframework.security.web.FilterChainProxy$VirtualFilterChain.doFilter(FilterChainProxy.java:374) [spring-security-web-6.5.7.jar:6.5.7]
	at org.springframework.security.web.access.ExceptionTranslationFilter.doFilter(ExceptionTranslationFilter.java:125) [spring-security-web-6.5.7.jar:6.5.7]
	at org.springframework.security.web.access.ExceptionTranslationFilter.doFilter(ExceptionTranslationFilter.java:119) [spring-security-web-6.5.7.jar:6.5.7]
	at org.springframework.security.web.FilterChainProxy$VirtualFilterChain.doFilter(FilterChainProxy.java:374) [spring-security-web-6.5.7.jar:6.5.7]
	at org.springframework.security.web.authentication.AnonymousAuthenticationFilter.doFilter(AnonymousAuthenticationFilter.java:100) [spring-security-web-6.5.7.jar:6.5.7]
	at org.springframework.security.web.FilterChainProxy$VirtualFilterChain.doFilter(FilterChainProxy.java:374) [spring-security-web-6.5.7.jar:6.5.7]
	at org.springframework.security.web.servletapi.SecurityContextHolderAwareRequestFilter.doFilter(SecurityContextHolderAwareRequestFilter.java:179) [spring-security-web-6.5.7.jar:6.5.7]
	at org.springframework.security.web.FilterChainProxy$VirtualFilterChain.doFilter(FilterChainProxy.java:374) [spring-security-web-6.5.7.jar:6.5.7]
	at org.springframework.security.web.savedrequest.RequestCacheAwareFilter.doFilter(RequestCacheAwareFilter.java:63) [spring-security-web-6.5.7.jar:6.5.7]
	at org.springframework.security.web.FilterChainProxy$VirtualFilterChain.doFilter(FilterChainProxy.java:374) [spring-security-web-6.5.7.jar:6.5.7]
	at org.springframework.security.web.authentication.AuthenticationFilter.doFilterInternal(AuthenticationFilter.java:177) [spring-security-web-6.5.7.jar:6.5.7]
	at org.springframework.web.filter.OncePerRequestFilter.doFilter(OncePerRequestFilter.java:116) [spring-web-6.2.14.jar:6.2.14]
	at org.springframework.security.web.FilterChainProxy$VirtualFilterChain.doFilter(FilterChainProxy.java:374) [spring-security-web-6.5.7.jar:6.5.7]
	at org.springframework.security.oauth2.server.resource.web.authentication.BearerTokenAuthenticationFilter.doFilterInternal(BearerTokenAuthenticationFilter.java:158) [spring-security-oauth2-resource-server-6.5.7.jar:6.5.7]
	at org.springframework.web.filter.OncePerRequestFilter.doFilter(OncePerRequestFilter.java:116) [spring-web-6.2.14.jar:6.2.14]
	at org.springframework.security.web.FilterChainProxy$VirtualFilterChain.doFilter(FilterChainProxy.java:374) [spring-security-web-6.5.7.jar:6.5.7]
	at org.springframework.security.web.authentication.logout.LogoutFilter.doFilter(LogoutFilter.java:107) [spring-security-web-6.5.7.jar:6.5.7]
	at org.springframework.security.web.authentication.logout.LogoutFilter.doFilter(LogoutFilter.java:93) [spring-security-web-6.5.7.jar:6.5.7]
	at org.springframework.security.web.FilterChainProxy$VirtualFilterChain.doFilter(FilterChainProxy.java:374) [spring-security-web-6.5.7.jar:6.5.7]
	at org.springframework.web.filter.CorsFilter.doFilterInternal(CorsFilter.java:91) [spring-web-6.2.14.jar:6.2.14]
	at org.springframework.web.filter.OncePerRequestFilter.doFilter(OncePerRequestFilter.java:116) [spring-web-6.2.14.jar:6.2.14]
	at org.springframework.security.web.FilterChainProxy$VirtualFilterChain.doFilter(FilterChainProxy.java:374) [spring-security-web-6.5.7.jar:6.5.7]
	at org.springframework.security.web.header.HeaderWriterFilter.doHeadersAfter(HeaderWriterFilter.java:90) [spring-security-web-6.5.7.jar:6.5.7]
	at org.springframework.security.web.header.HeaderWriterFilter.doFilterInternal(HeaderWriterFilter.java:75) [spring-security-web-6.5.7.jar:6.5.7]
	at org.springframework.web.filter.OncePerRequestFilter.doFilter(OncePerRequestFilter.java:116) [spring-web-6.2.14.jar:6.2.14]
	at org.springframework.security.web.FilterChainProxy$VirtualFilterChain.doFilter(FilterChainProxy.java:374) [spring-security-web-6.5.7.jar:6.5.7]
	at org.springframework.security.web.context.SecurityContextHolderFilter.doFilter(SecurityContextHolderFilter.java:82) [spring-security-web-6.5.7.jar:6.5.7]
	at org.springframework.security.web.context.SecurityContextHolderFilter.doFilter(SecurityContextHolderFilter.java:69) [spring-security-web-6.5.7.jar:6.5.7]
	at org.springframework.security.web.FilterChainProxy$VirtualFilterChain.doFilter(FilterChainProxy.java:374) [spring-security-web-6.5.7.jar:6.5.7]
	at org.springframework.security.web.context.request.async.WebAsyncManagerIntegrationFilter.doFilterInternal(WebAsyncManagerIntegrationFilter.java:62) [spring-security-web-6.5.7.jar:6.5.7]
	at org.springframework.web.filter.OncePerRequestFilter.doFilter(OncePerRequestFilter.java:116) [spring-web-6.2.14.jar:6.2.14]
	at org.springframework.security.web.FilterChainProxy$VirtualFilterChain.doFilter(FilterChainProxy.java:374) [spring-security-web-6.5.7.jar:6.5.7]
	at org.springframework.security.web.session.DisableEncodeUrlFilter.doFilterInternal(DisableEncodeUrlFilter.java:42) [spring-security-web-6.5.7.jar:6.5.7]
	at org.springframework.web.filter.OncePerRequestFilter.doFilter(OncePerRequestFilter.java:116) [spring-web-6.2.14.jar:6.2.14]
	at org.springframework.security.web.FilterChainProxy$VirtualFilterChain.doFilter(FilterChainProxy.java:374) [spring-security-web-6.5.7.jar:6.5.7]
	at org.springframework.security.web.FilterChainProxy.doFilterInternal(FilterChainProxy.java:233) [spring-security-web-6.5.7.jar:6.5.7]
	at org.springframework.security.web.FilterChainProxy.doFilter(FilterChainProxy.java:191) [spring-security-web-6.5.7.jar:6.5.7]
	at org.springframework.web.filter.CompositeFilter$VirtualFilterChain.doFilter(CompositeFilter.java:113) [spring-web-6.2.14.jar:6.2.14]
	at org.springframework.web.filter.ServletRequestPathFilter.doFilter(ServletRequestPathFilter.java:52) [spring-web-6.2.14.jar:6.2.14]
	at org.springframework.web.filter.CompositeFilter$VirtualFilterChain.doFilter(CompositeFilter.java:113) [spring-web-6.2.14.jar:6.2.14]
	at org.springframework.web.filter.CompositeFilter.doFilter(CompositeFilter.java:74) [spring-web-6.2.14.jar:6.2.14]
	at org.springframework.security.config.annotation.web.configuration.WebSecurityConfiguration$CompositeFilterChainProxy.doFilter(WebSecurityConfiguration.java:319) [spring-security-config-6.5.7.jar:6.5.7]
	at org.springframework.web.filter.CompositeFilter$VirtualFilterChain.doFilter(CompositeFilter.java:113) [spring-web-6.2.14.jar:6.2.14]
	at org.springframework.web.servlet.handler.HandlerMappingIntrospector.lambda$createCacheFilter$4(HandlerMappingIntrospector.java:267) [spring-webmvc-6.2.14.jar:6.2.14]
	at org.springframework.web.filter.CompositeFilter$VirtualFilterChain.doFilter(CompositeFilter.java:113) [spring-web-6.2.14.jar:6.2.14]
	at org.springframework.web.filter.CompositeFilter.doFilter(CompositeFilter.java:74) [spring-web-6.2.14.jar:6.2.14]
	at org.springframework.security.config.annotation.web.configuration.WebMvcSecurityConfiguration$CompositeFilterChainProxy.doFilter(WebMvcSecurityConfiguration.java:240) [spring-security-config-6.5.7.jar:6.5.7]
	at org.springframework.web.filter.DelegatingFilterProxy.invokeDelegate(DelegatingFilterProxy.java:362) [spring-web-6.2.14.jar:6.2.14]
	at org.springframework.web.filter.DelegatingFilterProxy.doFilter(DelegatingFilterProxy.java:278) [spring-web-6.2.14.jar:6.2.14]
	at org.apache.catalina.core.ApplicationFilterChain.internalDoFilter(ApplicationFilterChain.java:162) [tomcat-embed-core-10.1.49.jar:10.1.49]
	at org.apache.catalina.core.ApplicationFilterChain.doFilter(ApplicationFilterChain.java:138) [tomcat-embed-core-10.1.49.jar:10.1.49]
	at org.springframework.web.filter.RequestContextFilter.doFilterInternal(RequestContextFilter.java:100) [spring-web-6.2.14.jar:6.2.14]
	at org.springframework.web.filter.OncePerRequestFilter.doFilter(OncePerRequestFilter.java:116) [spring-web-6.2.14.jar:6.2.14]
	at org.apache.catalina.core.ApplicationFilterChain.internalDoFilter(ApplicationFilterChain.java:162) [tomcat-embed-core-10.1.49.jar:10.1.49]
	at org.apache.catalina.core.ApplicationFilterChain.doFilter(ApplicationFilterChain.java:138) [tomcat-embed-core-10.1.49.jar:10.1.49]
	at org.springframework.web.filter.FormContentFilter.doFilterInternal(FormContentFilter.java:93) [spring-web-6.2.14.jar:6.2.14]
	at org.springframework.web.filter.OncePerRequestFilter.doFilter(OncePerRequestFilter.java:116) [spring-web-6.2.14.jar:6.2.14]
	at org.apache.catalina.core.ApplicationFilterChain.internalDoFilter(ApplicationFilterChain.java:162) [tomcat-embed-core-10.1.49.jar:10.1.49]
	at org.apache.catalina.core.ApplicationFilterChain.doFilter(ApplicationFilterChain.java:138) [tomcat-embed-core-10.1.49.jar:10.1.49]
	at org.springframework.web.filter.CharacterEncodingFilter.doFilterInternal(CharacterEncodingFilter.java:201) [spring-web-6.2.14.jar:6.2.14]
	at org.springframework.web.filter.OncePerRequestFilter.doFilter(OncePerRequestFilter.java:116) [spring-web-6.2.14.jar:6.2.14]
	at org.apache.catalina.core.ApplicationFilterChain.internalDoFilter(ApplicationFilterChain.java:162) [tomcat-embed-core-10.1.49.jar:10.1.49]
	at org.apache.catalina.core.ApplicationFilterChain.doFilter(ApplicationFilterChain.java:138) [tomcat-embed-core-10.1.49.jar:10.1.49]
	at org.apache.catalina.core.StandardWrapperValve.invoke(StandardWrapperValve.java:165) [tomcat-embed-core-10.1.49.jar:10.1.49]
	at org.apache.catalina.core.StandardContextValve.invoke(StandardContextValve.java:88) [tomcat-embed-core-10.1.49.jar:10.1.49]
	at org.apache.catalina.authenticator.AuthenticatorBase.invoke(AuthenticatorBase.java:482) [tomcat-embed-core-10.1.49.jar:10.1.49]
	at org.apache.catalina.core.StandardHostValve.invoke(StandardHostValve.java:113) [tomcat-embed-core-10.1.49.jar:10.1.49]
	at org.apache.catalina.valves.ErrorReportValve.invoke(ErrorReportValve.java:83) [tomcat-embed-core-10.1.49.jar:10.1.49]
	at org.apache.catalina.core.StandardEngineValve.invoke(StandardEngineValve.java:72) [tomcat-embed-core-10.1.49.jar:10.1.49]
	at org.apache.catalina.connector.CoyoteAdapter.service(CoyoteAdapter.java:342) [tomcat-embed-core-10.1.49.jar:10.1.49]
	at org.apache.coyote.http11.Http11Processor.service(Http11Processor.java:399) [tomcat-embed-core-10.1.49.jar:10.1.49]
	at org.apache.coyote.AbstractProcessorLight.process(AbstractProcessorLight.java:63) [tomcat-embed-core-10.1.49.jar:10.1.49]
	at org.apache.coyote.AbstractProtocol$ConnectionHandler.process(AbstractProtocol.java:903) [tomcat-embed-core-10.1.49.jar:10.1.49]
	at org.apache.tomcat.util.net.NioEndpoint$SocketProcessor.doRun(NioEndpoint.java:1774) [tomcat-embed-core-10.1.49.jar:10.1.49]
	at org.apache.tomcat.util.net.SocketProcessorBase.run(SocketProcessorBase.java:52) [tomcat-embed-core-10.1.49.jar:10.1.49]
	at java.base/java.lang.VirtualThread.run(VirtualThread.java:475) [?:?]
11:05:47.368 [tomcat-handler-6] ERROR ServiceExceptionHandler - No static resource api/clients.
org.springframework.web.servlet.resource.NoResourceFoundException: No static resource api/clients.
	at org.springframework.web.servlet.resource.ResourceHttpRequestHandler.handleRequest(ResourceHttpRequestHandler.java:585) ~[spring-webmvc-6.2.14.jar:6.2.14]
	at org.springframework.web.servlet.mvc.HttpRequestHandlerAdapter.handle(HttpRequestHandlerAdapter.java:52) ~[spring-webmvc-6.2.14.jar:6.2.14]
	at org.springframework.web.servlet.DispatcherServlet.doDispatch(DispatcherServlet.java:1089) [spring-webmvc-6.2.14.jar:6.2.14]
	at org.springframework.web.servlet.DispatcherServlet.doService(DispatcherServlet.java:979) [spring-webmvc-6.2.14.jar:6.2.14]
	at org.springframework.web.servlet.FrameworkServlet.processRequest(FrameworkServlet.java:1014) [spring-webmvc-6.2.14.jar:6.2.14]
	at org.springframework.web.servlet.FrameworkServlet.doGet(FrameworkServlet.java:903) [spring-webmvc-6.2.14.jar:6.2.14]
	at jakarta.servlet.http.HttpServlet.service(HttpServlet.java:564) [tomcat-embed-core-10.1.49.jar:6.0]
	at org.springframework.web.servlet.FrameworkServlet.service(FrameworkServlet.java:885) [spring-webmvc-6.2.14.jar:6.2.14]
	at jakarta.servlet.http.HttpServlet.service(HttpServlet.java:658) [tomcat-embed-core-10.1.49.jar:6.0]
	at org.apache.catalina.core.ApplicationFilterChain.internalDoFilter(ApplicationFilterChain.java:193) [tomcat-embed-core-10.1.49.jar:10.1.49]
	at org.apache.catalina.core.ApplicationFilterChain.doFilter(ApplicationFilterChain.java:138) [tomcat-embed-core-10.1.49.jar:10.1.49]
	at org.apache.tomcat.websocket.server.WsFilter.doFilter(WsFilter.java:51) [tomcat-embed-websocket-10.1.49.jar:10.1.49]
	at org.apache.catalina.core.ApplicationFilterChain.internalDoFilter(ApplicationFilterChain.java:162) [tomcat-embed-core-10.1.49.jar:10.1.49]
	at org.apache.catalina.core.ApplicationFilterChain.doFilter(ApplicationFilterChain.java:138) [tomcat-embed-core-10.1.49.jar:10.1.49]
	at org.springframework.web.filter.CompositeFilter$VirtualFilterChain.doFilter(CompositeFilter.java:108) [spring-web-6.2.14.jar:6.2.14]
	at org.springframework.web.filter.CompositeFilter$VirtualFilterChain.doFilter(CompositeFilter.java:108) [spring-web-6.2.14.jar:6.2.14]
	at org.springframework.security.web.FilterChainProxy.lambda$doFilterInternal$3(FilterChainProxy.java:231) [spring-security-web-6.5.7.jar:6.5.7]
	at org.springframework.security.web.FilterChainProxy$VirtualFilterChain.doFilter(FilterChainProxy.java:365) [spring-security-web-6.5.7.jar:6.5.7]
	at org.springframework.security.web.access.intercept.AuthorizationFilter.doFilter(AuthorizationFilter.java:101) [spring-security-web-6.5.7.jar:6.5.7]
	at org.springframework.security.web.FilterChainProxy$VirtualFilterChain.doFilter(FilterChainProxy.java:374) [spring-security-web-6.5.7.jar:6.5.7]
	at org.springframework.security.web.access.ExceptionTranslationFilter.doFilter(ExceptionTranslationFilter.java:125) [spring-security-web-6.5.7.jar:6.5.7]
	at org.springframework.security.web.access.ExceptionTranslationFilter.doFilter(ExceptionTranslationFilter.java:119) [spring-security-web-6.5.7.jar:6.5.7]
	at org.springframework.security.web.FilterChainProxy$VirtualFilterChain.doFilter(FilterChainProxy.java:374) [spring-security-web-6.5.7.jar:6.5.7]
	at org.springframework.security.web.authentication.AnonymousAuthenticationFilter.doFilter(AnonymousAuthenticationFilter.java:100) [spring-security-web-6.5.7.jar:6.5.7]
	at org.springframework.security.web.FilterChainProxy$VirtualFilterChain.doFilter(FilterChainProxy.java:374) [spring-security-web-6.5.7.jar:6.5.7]
	at org.springframework.security.web.servletapi.SecurityContextHolderAwareRequestFilter.doFilter(SecurityContextHolderAwareRequestFilter.java:179) [spring-security-web-6.5.7.jar:6.5.7]
	at org.springframework.security.web.FilterChainProxy$VirtualFilterChain.doFilter(FilterChainProxy.java:374) [spring-security-web-6.5.7.jar:6.5.7]
	at org.springframework.security.web.savedrequest.RequestCacheAwareFilter.doFilter(RequestCacheAwareFilter.java:63) [spring-security-web-6.5.7.jar:6.5.7]
	at org.springframework.security.web.FilterChainProxy$VirtualFilterChain.doFilter(FilterChainProxy.java:374) [spring-security-web-6.5.7.jar:6.5.7]
	at org.springframework.security.web.authentication.AuthenticationFilter.doFilterInternal(AuthenticationFilter.java:177) [spring-security-web-6.5.7.jar:6.5.7]
	at org.springframework.web.filter.OncePerRequestFilter.doFilter(OncePerRequestFilter.java:116) [spring-web-6.2.14.jar:6.2.14]
	at org.springframework.security.web.FilterChainProxy$VirtualFilterChain.doFilter(FilterChainProxy.java:374) [spring-security-web-6.5.7.jar:6.5.7]
	at org.springframework.security.oauth2.server.resource.web.authentication.BearerTokenAuthenticationFilter.doFilterInternal(BearerTokenAuthenticationFilter.java:158) [spring-security-oauth2-resource-server-6.5.7.jar:6.5.7]
	at org.springframework.web.filter.OncePerRequestFilter.doFilter(OncePerRequestFilter.java:116) [spring-web-6.2.14.jar:6.2.14]
	at org.springframework.security.web.FilterChainProxy$VirtualFilterChain.doFilter(FilterChainProxy.java:374) [spring-security-web-6.5.7.jar:6.5.7]
	at org.springframework.security.web.authentication.logout.LogoutFilter.doFilter(LogoutFilter.java:107) [spring-security-web-6.5.7.jar:6.5.7]
	at org.springframework.security.web.authentication.logout.LogoutFilter.doFilter(LogoutFilter.java:93) [spring-security-web-6.5.7.jar:6.5.7]
	at org.springframework.security.web.FilterChainProxy$VirtualFilterChain.doFilter(FilterChainProxy.java:374) [spring-security-web-6.5.7.jar:6.5.7]
	at org.springframework.web.filter.CorsFilter.doFilterInternal(CorsFilter.java:91) [spring-web-6.2.14.jar:6.2.14]
	at org.springframework.web.filter.OncePerRequestFilter.doFilter(OncePerRequestFilter.java:116) [spring-web-6.2.14.jar:6.2.14]
	at org.springframework.security.web.FilterChainProxy$VirtualFilterChain.doFilter(FilterChainProxy.java:374) [spring-security-web-6.5.7.jar:6.5.7]
	at org.springframework.security.web.header.HeaderWriterFilter.doHeadersAfter(HeaderWriterFilter.java:90) [spring-security-web-6.5.7.jar:6.5.7]
	at org.springframework.security.web.header.HeaderWriterFilter.doFilterInternal(HeaderWriterFilter.java:75) [spring-security-web-6.5.7.jar:6.5.7]
	at org.springframework.web.filter.OncePerRequestFilter.doFilter(OncePerRequestFilter.java:116) [spring-web-6.2.14.jar:6.2.14]
	at org.springframework.security.web.FilterChainProxy$VirtualFilterChain.doFilter(FilterChainProxy.java:374) [spring-security-web-6.5.7.jar:6.5.7]
	at org.springframework.security.web.context.SecurityContextHolderFilter.doFilter(SecurityContextHolderFilter.java:82) [spring-security-web-6.5.7.jar:6.5.7]
	at org.springframework.security.web.context.SecurityContextHolderFilter.doFilter(SecurityContextHolderFilter.java:69) [spring-security-web-6.5.7.jar:6.5.7]
	at org.springframework.security.web.FilterChainProxy$VirtualFilterChain.doFilter(FilterChainProxy.java:374) [spring-security-web-6.5.7.jar:6.5.7]
	at org.springframework.security.web.context.request.async.WebAsyncManagerIntegrationFilter.doFilterInternal(WebAsyncManagerIntegrationFilter.java:62) [spring-security-web-6.5.7.jar:6.5.7]
	at org.springframework.web.filter.OncePerRequestFilter.doFilter(OncePerRequestFilter.java:116) [spring-web-6.2.14.jar:6.2.14]
	at org.springframework.security.web.FilterChainProxy$VirtualFilterChain.doFilter(FilterChainProxy.java:374) [spring-security-web-6.5.7.jar:6.5.7]
	at org.springframework.security.web.session.DisableEncodeUrlFilter.doFilterInternal(DisableEncodeUrlFilter.java:42) [spring-security-web-6.5.7.jar:6.5.7]
	at org.springframework.web.filter.OncePerRequestFilter.doFilter(OncePerRequestFilter.java:116) [spring-web-6.2.14.jar:6.2.14]
	at org.springframework.security.web.FilterChainProxy$VirtualFilterChain.doFilter(FilterChainProxy.java:374) [spring-security-web-6.5.7.jar:6.5.7]
	at org.springframework.security.web.FilterChainProxy.doFilterInternal(FilterChainProxy.java:233) [spring-security-web-6.5.7.jar:6.5.7]
	at org.springframework.security.web.FilterChainProxy.doFilter(FilterChainProxy.java:191) [spring-security-web-6.5.7.jar:6.5.7]
	at org.springframework.web.filter.CompositeFilter$VirtualFilterChain.doFilter(CompositeFilter.java:113) [spring-web-6.2.14.jar:6.2.14]
	at org.springframework.web.filter.ServletRequestPathFilter.doFilter(ServletRequestPathFilter.java:52) [spring-web-6.2.14.jar:6.2.14]
	at org.springframework.web.filter.CompositeFilter$VirtualFilterChain.doFilter(CompositeFilter.java:113) [spring-web-6.2.14.jar:6.2.14]
	at org.springframework.web.filter.CompositeFilter.doFilter(CompositeFilter.java:74) [spring-web-6.2.14.jar:6.2.14]
	at org.springframework.security.config.annotation.web.configuration.WebSecurityConfiguration$CompositeFilterChainProxy.doFilter(WebSecurityConfiguration.java:319) [spring-security-config-6.5.7.jar:6.5.7]
	at org.springframework.web.filter.CompositeFilter$VirtualFilterChain.doFilter(CompositeFilter.java:113) [spring-web-6.2.14.jar:6.2.14]
	at org.springframework.web.servlet.handler.HandlerMappingIntrospector.lambda$createCacheFilter$4(HandlerMappingIntrospector.java:267) [spring-webmvc-6.2.14.jar:6.2.14]
	at org.springframework.web.filter.CompositeFilter$VirtualFilterChain.doFilter(CompositeFilter.java:113) [spring-web-6.2.14.jar:6.2.14]
	at org.springframework.web.filter.CompositeFilter.doFilter(CompositeFilter.java:74) [spring-web-6.2.14.jar:6.2.14]
	at org.springframework.security.config.annotation.web.configuration.WebMvcSecurityConfiguration$CompositeFilterChainProxy.doFilter(WebMvcSecurityConfiguration.java:240) [spring-security-config-6.5.7.jar:6.5.7]
	at org.springframework.web.filter.DelegatingFilterProxy.invokeDelegate(DelegatingFilterProxy.java:362) [spring-web-6.2.14.jar:6.2.14]
	at org.springframework.web.filter.DelegatingFilterProxy.doFilter(DelegatingFilterProxy.java:278) [spring-web-6.2.14.jar:6.2.14]
	at org.apache.catalina.core.ApplicationFilterChain.internalDoFilter(ApplicationFilterChain.java:162) [tomcat-embed-core-10.1.49.jar:10.1.49]
	at org.apache.catalina.core.ApplicationFilterChain.doFilter(ApplicationFilterChain.java:138) [tomcat-embed-core-10.1.49.jar:10.1.49]
	at org.springframework.web.filter.RequestContextFilter.doFilterInternal(RequestContextFilter.java:100) [spring-web-6.2.14.jar:6.2.14]
	at org.springframework.web.filter.OncePerRequestFilter.doFilter(OncePerRequestFilter.java:116) [spring-web-6.2.14.jar:6.2.14]
	at org.apache.catalina.core.ApplicationFilterChain.internalDoFilter(ApplicationFilterChain.java:162) [tomcat-embed-core-10.1.49.jar:10.1.49]
	at org.apache.catalina.core.ApplicationFilterChain.doFilter(ApplicationFilterChain.java:138) [tomcat-embed-core-10.1.49.jar:10.1.49]
	at org.springframework.web.filter.FormContentFilter.doFilterInternal(FormContentFilter.java:93) [spring-web-6.2.14.jar:6.2.14]
	at org.springframework.web.filter.OncePerRequestFilter.doFilter(OncePerRequestFilter.java:116) [spring-web-6.2.14.jar:6.2.14]
	at org.apache.catalina.core.ApplicationFilterChain.internalDoFilter(ApplicationFilterChain.java:162) [tomcat-embed-core-10.1.49.jar:10.1.49]
	at org.apache.catalina.core.ApplicationFilterChain.doFilter(ApplicationFilterChain.java:138) [tomcat-embed-core-10.1.49.jar:10.1.49]
	at org.springframework.web.filter.CharacterEncodingFilter.doFilterInternal(CharacterEncodingFilter.java:201) [spring-web-6.2.14.jar:6.2.14]
	at org.springframework.web.filter.OncePerRequestFilter.doFilter(OncePerRequestFilter.java:116) [spring-web-6.2.14.jar:6.2.14]
	at org.apache.catalina.core.ApplicationFilterChain.internalDoFilter(ApplicationFilterChain.java:162) [tomcat-embed-core-10.1.49.jar:10.1.49]
	at org.apache.catalina.core.ApplicationFilterChain.doFilter(ApplicationFilterChain.java:138) [tomcat-embed-core-10.1.49.jar:10.1.49]
	at org.apache.catalina.core.StandardWrapperValve.invoke(StandardWrapperValve.java:165) [tomcat-embed-core-10.1.49.jar:10.1.49]
	at org.apache.catalina.core.StandardContextValve.invoke(StandardContextValve.java:88) [tomcat-embed-core-10.1.49.jar:10.1.49]
	at org.apache.catalina.authenticator.AuthenticatorBase.invoke(AuthenticatorBase.java:482) [tomcat-embed-core-10.1.49.jar:10.1.49]
	at org.apache.catalina.core.StandardHostValve.invoke(StandardHostValve.java:113) [tomcat-embed-core-10.1.49.jar:10.1.49]
	at org.apache.catalina.valves.ErrorReportValve.invoke(ErrorReportValve.java:83) [tomcat-embed-core-10.1.49.jar:10.1.49]
	at org.apache.catalina.core.StandardEngineValve.invoke(StandardEngineValve.java:72) [tomcat-embed-core-10.1.49.jar:10.1.49]
	at org.apache.catalina.connector.CoyoteAdapter.service(CoyoteAdapter.java:342) [tomcat-embed-core-10.1.49.jar:10.1.49]
	at org.apache.coyote.http11.Http11Processor.service(Http11Processor.java:399) [tomcat-embed-core-10.1.49.jar:10.1.49]
	at org.apache.coyote.AbstractProcessorLight.process(AbstractProcessorLight.java:63) [tomcat-embed-core-10.1.49.jar:10.1.49]
	at org.apache.coyote.AbstractProtocol$ConnectionHandler.process(AbstractProtocol.java:903) [tomcat-embed-core-10.1.49.jar:10.1.49]
	at org.apache.tomcat.util.net.NioEndpoint$SocketProcessor.doRun(NioEndpoint.java:1774) [tomcat-embed-core-10.1.49.jar:10.1.49]
	at org.apache.tomcat.util.net.SocketProcessorBase.run(SocketProcessorBase.java:52) [tomcat-embed-core-10.1.49.jar:10.1.49]
	at java.base/java.lang.VirtualThread.run(VirtualThread.java:475) [?:?]
11:05:47.873 [tomcat-handler-8] ERROR ServiceExceptionHandler - No static resource api/clients.
org.springframework.web.servlet.resource.NoResourceFoundException: No static resource api/clients.
	at org.springframework.web.servlet.resource.ResourceHttpRequestHandler.handleRequest(ResourceHttpRequestHandler.java:585) ~[spring-webmvc-6.2.14.jar:6.2.14]
	at org.springframework.web.servlet.mvc.HttpRequestHandlerAdapter.handle(HttpRequestHandlerAdapter.java:52) ~[spring-webmvc-6.2.14.jar:6.2.14]
	at org.springframework.web.servlet.DispatcherServlet.doDispatch(DispatcherServlet.java:1089) [spring-webmvc-6.2.14.jar:6.2.14]
	at org.springframework.web.servlet.DispatcherServlet.doService(DispatcherServlet.java:979) [spring-webmvc-6.2.14.jar:6.2.14]
	at org.springframework.web.servlet.FrameworkServlet.processRequest(FrameworkServlet.java:1014) [spring-webmvc-6.2.14.jar:6.2.14]
	at org.springframework.web.servlet.FrameworkServlet.doGet(FrameworkServlet.java:903) [spring-webmvc-6.2.14.jar:6.2.14]
	at jakarta.servlet.http.HttpServlet.service(HttpServlet.java:564) [tomcat-embed-core-10.1.49.jar:6.0]
	at org.springframework.web.servlet.FrameworkServlet.service(FrameworkServlet.java:885) [spring-webmvc-6.2.14.jar:6.2.14]
	at jakarta.servlet.http.HttpServlet.service(HttpServlet.java:658) [tomcat-embed-core-10.1.49.jar:6.0]
	at org.apache.catalina.core.ApplicationFilterChain.internalDoFilter(ApplicationFilterChain.java:193) [tomcat-embed-core-10.1.49.jar:10.1.49]
	at org.apache.catalina.core.ApplicationFilterChain.doFilter(ApplicationFilterChain.java:138) [tomcat-embed-core-10.1.49.jar:10.1.49]
	at org.apache.tomcat.websocket.server.WsFilter.doFilter(WsFilter.java:51) [tomcat-embed-websocket-10.1.49.jar:10.1.49]
	at org.apache.catalina.core.ApplicationFilterChain.internalDoFilter(ApplicationFilterChain.java:162) [tomcat-embed-core-10.1.49.jar:10.1.49]
	at org.apache.catalina.core.ApplicationFilterChain.doFilter(ApplicationFilterChain.java:138) [tomcat-embed-core-10.1.49.jar:10.1.49]
	at org.springframework.web.filter.CompositeFilter$VirtualFilterChain.doFilter(CompositeFilter.java:108) [spring-web-6.2.14.jar:6.2.14]
	at org.springframework.web.filter.CompositeFilter$VirtualFilterChain.doFilter(CompositeFilter.java:108) [spring-web-6.2.14.jar:6.2.14]
	at org.springframework.security.web.FilterChainProxy.lambda$doFilterInternal$3(FilterChainProxy.java:231) [spring-security-web-6.5.7.jar:6.5.7]
	at org.springframework.security.web.FilterChainProxy$VirtualFilterChain.doFilter(FilterChainProxy.java:365) [spring-security-web-6.5.7.jar:6.5.7]
	at org.springframework.security.web.access.intercept.AuthorizationFilter.doFilter(AuthorizationFilter.java:101) [spring-security-web-6.5.7.jar:6.5.7]
	at org.springframework.security.web.FilterChainProxy$VirtualFilterChain.doFilter(FilterChainProxy.java:374) [spring-security-web-6.5.7.jar:6.5.7]
	at org.springframework.security.web.access.ExceptionTranslationFilter.doFilter(ExceptionTranslationFilter.java:125) [spring-security-web-6.5.7.jar:6.5.7]
	at org.springframework.security.web.access.ExceptionTranslationFilter.doFilter(ExceptionTranslationFilter.java:119) [spring-security-web-6.5.7.jar:6.5.7]
	at org.springframework.security.web.FilterChainProxy$VirtualFilterChain.doFilter(FilterChainProxy.java:374) [spring-security-web-6.5.7.jar:6.5.7]
	at org.springframework.security.web.authentication.AnonymousAuthenticationFilter.doFilter(AnonymousAuthenticationFilter.java:100) [spring-security-web-6.5.7.jar:6.5.7]
	at org.springframework.security.web.FilterChainProxy$VirtualFilterChain.doFilter(FilterChainProxy.java:374) [spring-security-web-6.5.7.jar:6.5.7]
	at org.springframework.security.web.servletapi.SecurityContextHolderAwareRequestFilter.doFilter(SecurityContextHolderAwareRequestFilter.java:179) [spring-security-web-6.5.7.jar:6.5.7]
	at org.springframework.security.web.FilterChainProxy$VirtualFilterChain.doFilter(FilterChainProxy.java:374) [spring-security-web-6.5.7.jar:6.5.7]
	at org.springframework.security.web.savedrequest.RequestCacheAwareFilter.doFilter(RequestCacheAwareFilter.java:63) [spring-security-web-6.5.7.jar:6.5.7]
	at org.springframework.security.web.FilterChainProxy$VirtualFilterChain.doFilter(FilterChainProxy.java:374) [spring-security-web-6.5.7.jar:6.5.7]
	at org.springframework.security.web.authentication.AuthenticationFilter.doFilterInternal(AuthenticationFilter.java:177) [spring-security-web-6.5.7.jar:6.5.7]
	at org.springframework.web.filter.OncePerRequestFilter.doFilter(OncePerRequestFilter.java:116) [spring-web-6.2.14.jar:6.2.14]
	at org.springframework.security.web.FilterChainProxy$VirtualFilterChain.doFilter(FilterChainProxy.java:374) [spring-security-web-6.5.7.jar:6.5.7]
	at org.springframework.security.oauth2.server.resource.web.authentication.BearerTokenAuthenticationFilter.doFilterInternal(BearerTokenAuthenticationFilter.java:158) [spring-security-oauth2-resource-server-6.5.7.jar:6.5.7]
	at org.springframework.web.filter.OncePerRequestFilter.doFilter(OncePerRequestFilter.java:116) [spring-web-6.2.14.jar:6.2.14]
	at org.springframework.security.web.FilterChainProxy$VirtualFilterChain.doFilter(FilterChainProxy.java:374) [spring-security-web-6.5.7.jar:6.5.7]
	at org.springframework.security.web.authentication.logout.LogoutFilter.doFilter(LogoutFilter.java:107) [spring-security-web-6.5.7.jar:6.5.7]
	at org.springframework.security.web.authentication.logout.LogoutFilter.doFilter(LogoutFilter.java:93) [spring-security-web-6.5.7.jar:6.5.7]
	at org.springframework.security.web.FilterChainProxy$VirtualFilterChain.doFilter(FilterChainProxy.java:374) [spring-security-web-6.5.7.jar:6.5.7]
	at org.springframework.web.filter.CorsFilter.doFilterInternal(CorsFilter.java:91) [spring-web-6.2.14.jar:6.2.14]
	at org.springframework.web.filter.OncePerRequestFilter.doFilter(OncePerRequestFilter.java:116) [spring-web-6.2.14.jar:6.2.14]
	at org.springframework.security.web.FilterChainProxy$VirtualFilterChain.doFilter(FilterChainProxy.java:374) [spring-security-web-6.5.7.jar:6.5.7]
	at org.springframework.security.web.header.HeaderWriterFilter.doHeadersAfter(HeaderWriterFilter.java:90) [spring-security-web-6.5.7.jar:6.5.7]
	at org.springframework.security.web.header.HeaderWriterFilter.doFilterInternal(HeaderWriterFilter.java:75) [spring-security-web-6.5.7.jar:6.5.7]
	at org.springframework.web.filter.OncePerRequestFilter.doFilter(OncePerRequestFilter.java:116) [spring-web-6.2.14.jar:6.2.14]
	at org.springframework.security.web.FilterChainProxy$VirtualFilterChain.doFilter(FilterChainProxy.java:374) [spring-security-web-6.5.7.jar:6.5.7]
	at org.springframework.security.web.context.SecurityContextHolderFilter.doFilter(SecurityContextHolderFilter.java:82) [spring-security-web-6.5.7.jar:6.5.7]
	at org.springframework.security.web.context.SecurityContextHolderFilter.doFilter(SecurityContextHolderFilter.java:69) [spring-security-web-6.5.7.jar:6.5.7]
	at org.springframework.security.web.FilterChainProxy$VirtualFilterChain.doFilter(FilterChainProxy.java:374) [spring-security-web-6.5.7.jar:6.5.7]
	at org.springframework.security.web.context.request.async.WebAsyncManagerIntegrationFilter.doFilterInternal(WebAsyncManagerIntegrationFilter.java:62) [spring-security-web-6.5.7.jar:6.5.7]
	at org.springframework.web.filter.OncePerRequestFilter.doFilter(OncePerRequestFilter.java:116) [spring-web-6.2.14.jar:6.2.14]
	at org.springframework.security.web.FilterChainProxy$VirtualFilterChain.doFilter(FilterChainProxy.java:374) [spring-security-web-6.5.7.jar:6.5.7]
	at org.springframework.security.web.session.DisableEncodeUrlFilter.doFilterInternal(DisableEncodeUrlFilter.java:42) [spring-security-web-6.5.7.jar:6.5.7]
	at org.springframework.web.filter.OncePerRequestFilter.doFilter(OncePerRequestFilter.java:116) [spring-web-6.2.14.jar:6.2.14]
	at org.springframework.security.web.FilterChainProxy$VirtualFilterChain.doFilter(FilterChainProxy.java:374) [spring-security-web-6.5.7.jar:6.5.7]
	at org.springframework.security.web.FilterChainProxy.doFilterInternal(FilterChainProxy.java:233) [spring-security-web-6.5.7.jar:6.5.7]
	at org.springframework.security.web.FilterChainProxy.doFilter(FilterChainProxy.java:191) [spring-security-web-6.5.7.jar:6.5.7]
	at org.springframework.web.filter.CompositeFilter$VirtualFilterChain.doFilter(CompositeFilter.java:113) [spring-web-6.2.14.jar:6.2.14]
	at org.springframework.web.filter.ServletRequestPathFilter.doFilter(ServletRequestPathFilter.java:52) [spring-web-6.2.14.jar:6.2.14]
	at org.springframework.web.filter.CompositeFilter$VirtualFilterChain.doFilter(CompositeFilter.java:113) [spring-web-6.2.14.jar:6.2.14]
	at org.springframework.web.filter.CompositeFilter.doFilter(CompositeFilter.java:74) [spring-web-6.2.14.jar:6.2.14]
	at org.springframework.security.config.annotation.web.configuration.WebSecurityConfiguration$CompositeFilterChainProxy.doFilter(WebSecurityConfiguration.java:319) [spring-security-config-6.5.7.jar:6.5.7]
	at org.springframework.web.filter.CompositeFilter$VirtualFilterChain.doFilter(CompositeFilter.java:113) [spring-web-6.2.14.jar:6.2.14]
	at org.springframework.web.servlet.handler.HandlerMappingIntrospector.lambda$createCacheFilter$4(HandlerMappingIntrospector.java:267) [spring-webmvc-6.2.14.jar:6.2.14]
	at org.springframework.web.filter.CompositeFilter$VirtualFilterChain.doFilter(CompositeFilter.java:113) [spring-web-6.2.14.jar:6.2.14]
	at org.springframework.web.filter.CompositeFilter.doFilter(CompositeFilter.java:74) [spring-web-6.2.14.jar:6.2.14]
	at org.springframework.security.config.annotation.web.configuration.WebMvcSecurityConfiguration$CompositeFilterChainProxy.doFilter(WebMvcSecurityConfiguration.java:240) [spring-security-config-6.5.7.jar:6.5.7]
	at org.springframework.web.filter.DelegatingFilterProxy.invokeDelegate(DelegatingFilterProxy.java:362) [spring-web-6.2.14.jar:6.2.14]
	at org.springframework.web.filter.DelegatingFilterProxy.doFilter(DelegatingFilterProxy.java:278) [spring-web-6.2.14.jar:6.2.14]
	at org.apache.catalina.core.ApplicationFilterChain.internalDoFilter(ApplicationFilterChain.java:162) [tomcat-embed-core-10.1.49.jar:10.1.49]
	at org.apache.catalina.core.ApplicationFilterChain.doFilter(ApplicationFilterChain.java:138) [tomcat-embed-core-10.1.49.jar:10.1.49]
	at org.springframework.web.filter.RequestContextFilter.doFilterInternal(RequestContextFilter.java:100) [spring-web-6.2.14.jar:6.2.14]
	at org.springframework.web.filter.OncePerRequestFilter.doFilter(OncePerRequestFilter.java:116) [spring-web-6.2.14.jar:6.2.14]
	at org.apache.catalina.core.ApplicationFilterChain.internalDoFilter(ApplicationFilterChain.java:162) [tomcat-embed-core-10.1.49.jar:10.1.49]
	at org.apache.catalina.core.ApplicationFilterChain.doFilter(ApplicationFilterChain.java:138) [tomcat-embed-core-10.1.49.jar:10.1.49]
	at org.springframework.web.filter.FormContentFilter.doFilterInternal(FormContentFilter.java:93) [spring-web-6.2.14.jar:6.2.14]
	at org.springframework.web.filter.OncePerRequestFilter.doFilter(OncePerRequestFilter.java:116) [spring-web-6.2.14.jar:6.2.14]
	at org.apache.catalina.core.ApplicationFilterChain.internalDoFilter(ApplicationFilterChain.java:162) [tomcat-embed-core-10.1.49.jar:10.1.49]
	at org.apache.catalina.core.ApplicationFilterChain.doFilter(ApplicationFilterChain.java:138) [tomcat-embed-core-10.1.49.jar:10.1.49]
	at org.springframework.web.filter.CharacterEncodingFilter.doFilterInternal(CharacterEncodingFilter.java:201) [spring-web-6.2.14.jar:6.2.14]
	at org.springframework.web.filter.OncePerRequestFilter.doFilter(OncePerRequestFilter.java:116) [spring-web-6.2.14.jar:6.2.14]
	at org.apache.catalina.core.ApplicationFilterChain.internalDoFilter(ApplicationFilterChain.java:162) [tomcat-embed-core-10.1.49.jar:10.1.49]
	at org.apache.catalina.core.ApplicationFilterChain.doFilter(ApplicationFilterChain.java:138) [tomcat-embed-core-10.1.49.jar:10.1.49]
	at org.apache.catalina.core.StandardWrapperValve.invoke(StandardWrapperValve.java:165) [tomcat-embed-core-10.1.49.jar:10.1.49]
	at org.apache.catalina.core.StandardContextValve.invoke(StandardContextValve.java:88) [tomcat-embed-core-10.1.49.jar:10.1.49]
	at org.apache.catalina.authenticator.AuthenticatorBase.invoke(AuthenticatorBase.java:482) [tomcat-embed-core-10.1.49.jar:10.1.49]
	at org.apache.catalina.core.StandardHostValve.invoke(StandardHostValve.java:113) [tomcat-embed-core-10.1.49.jar:10.1.49]
	at org.apache.catalina.valves.ErrorReportValve.invoke(ErrorReportValve.java:83) [tomcat-embed-core-10.1.49.jar:10.1.49]
	at org.apache.catalina.core.StandardEngineValve.invoke(StandardEngineValve.java:72) [tomcat-embed-core-10.1.49.jar:10.1.49]
	at org.apache.catalina.connector.CoyoteAdapter.service(CoyoteAdapter.java:342) [tomcat-embed-core-10.1.49.jar:10.1.49]
	at org.apache.coyote.http11.Http11Processor.service(Http11Processor.java:399) [tomcat-embed-core-10.1.49.jar:10.1.49]
	at org.apache.coyote.AbstractProcessorLight.process(AbstractProcessorLight.java:63) [tomcat-embed-core-10.1.49.jar:10.1.49]
	at org.apache.coyote.AbstractProtocol$ConnectionHandler.process(AbstractProtocol.java:903) [tomcat-embed-core-10.1.49.jar:10.1.49]
	at org.apache.tomcat.util.net.NioEndpoint$SocketProcessor.doRun(NioEndpoint.java:1774) [tomcat-embed-core-10.1.49.jar:10.1.49]
	at org.apache.tomcat.util.net.SocketProcessorBase.run(SocketProcessorBase.java:52) [tomcat-embed-core-10.1.49.jar:10.1.49]
	at java.base/java.lang.VirtualThread.run(VirtualThread.java:475) [?:?]
11:05:48.217 [tomcat-handler-10] ERROR ServiceExceptionHandler - No static resource api/clients.
org.springframework.web.servlet.resource.NoResourceFoundException: No static resource api/clients.
	at org.springframework.web.servlet.resource.ResourceHttpRequestHandler.handleRequest(ResourceHttpRequestHandler.java:585) ~[spring-webmvc-6.2.14.jar:6.2.14]
	at org.springframework.web.servlet.mvc.HttpRequestHandlerAdapter.handle(HttpRequestHandlerAdapter.java:52) ~[spring-webmvc-6.2.14.jar:6.2.14]
	at org.springframework.web.servlet.DispatcherServlet.doDispatch(DispatcherServlet.java:1089) [spring-webmvc-6.2.14.jar:6.2.14]
	at org.springframework.web.servlet.DispatcherServlet.doService(DispatcherServlet.java:979) [spring-webmvc-6.2.14.jar:6.2.14]
	at org.springframework.web.servlet.FrameworkServlet.processRequest(FrameworkServlet.java:1014) [spring-webmvc-6.2.14.jar:6.2.14]
	at org.springframework.web.servlet.FrameworkServlet.doGet(FrameworkServlet.java:903) [spring-webmvc-6.2.14.jar:6.2.14]
	at jakarta.servlet.http.HttpServlet.service(HttpServlet.java:564) [tomcat-embed-core-10.1.49.jar:6.0]
	at org.springframework.web.servlet.FrameworkServlet.service(FrameworkServlet.java:885) [spring-webmvc-6.2.14.jar:6.2.14]
	at jakarta.servlet.http.HttpServlet.service(HttpServlet.java:658) [tomcat-embed-core-10.1.49.jar:6.0]
	at org.apache.catalina.core.ApplicationFilterChain.internalDoFilter(ApplicationFilterChain.java:193) [tomcat-embed-core-10.1.49.jar:10.1.49]
	at org.apache.catalina.core.ApplicationFilterChain.doFilter(ApplicationFilterChain.java:138) [tomcat-embed-core-10.1.49.jar:10.1.49]
	at org.apache.tomcat.websocket.server.WsFilter.doFilter(WsFilter.java:51) [tomcat-embed-websocket-10.1.49.jar:10.1.49]
	at org.apache.catalina.core.ApplicationFilterChain.internalDoFilter(ApplicationFilterChain.java:162) [tomcat-embed-core-10.1.49.jar:10.1.49]
	at org.apache.catalina.core.ApplicationFilterChain.doFilter(ApplicationFilterChain.java:138) [tomcat-embed-core-10.1.49.jar:10.1.49]
	at org.springframework.web.filter.CompositeFilter$VirtualFilterChain.doFilter(CompositeFilter.java:108) [spring-web-6.2.14.jar:6.2.14]
	at org.springframework.web.filter.CompositeFilter$VirtualFilterChain.doFilter(CompositeFilter.java:108) [spring-web-6.2.14.jar:6.2.14]
	at org.springframework.security.web.FilterChainProxy.lambda$doFilterInternal$3(FilterChainProxy.java:231) [spring-security-web-6.5.7.jar:6.5.7]
	at org.springframework.security.web.FilterChainProxy$VirtualFilterChain.doFilter(FilterChainProxy.java:365) [spring-security-web-6.5.7.jar:6.5.7]
	at org.springframework.security.web.access.intercept.AuthorizationFilter.doFilter(AuthorizationFilter.java:101) [spring-security-web-6.5.7.jar:6.5.7]
	at org.springframework.security.web.FilterChainProxy$VirtualFilterChain.doFilter(FilterChainProxy.java:374) [spring-security-web-6.5.7.jar:6.5.7]
	at org.springframework.security.web.access.ExceptionTranslationFilter.doFilter(ExceptionTranslationFilter.java:125) [spring-security-web-6.5.7.jar:6.5.7]
	at org.springframework.security.web.access.ExceptionTranslationFilter.doFilter(ExceptionTranslationFilter.java:119) [spring-security-web-6.5.7.jar:6.5.7]
	at org.springframework.security.web.FilterChainProxy$VirtualFilterChain.doFilter(FilterChainProxy.java:374) [spring-security-web-6.5.7.jar:6.5.7]
	at org.springframework.security.web.authentication.AnonymousAuthenticationFilter.doFilter(AnonymousAuthenticationFilter.java:100) [spring-security-web-6.5.7.jar:6.5.7]
	at org.springframework.security.web.FilterChainProxy$VirtualFilterChain.doFilter(FilterChainProxy.java:374) [spring-security-web-6.5.7.jar:6.5.7]
	at org.springframework.security.web.servletapi.SecurityContextHolderAwareRequestFilter.doFilter(SecurityContextHolderAwareRequestFilter.java:179) [spring-security-web-6.5.7.jar:6.5.7]
	at org.springframework.security.web.FilterChainProxy$VirtualFilterChain.doFilter(FilterChainProxy.java:374) [spring-security-web-6.5.7.jar:6.5.7]
	at org.springframework.security.web.savedrequest.RequestCacheAwareFilter.doFilter(RequestCacheAwareFilter.java:63) [spring-security-web-6.5.7.jar:6.5.7]
	at org.springframework.security.web.FilterChainProxy$VirtualFilterChain.doFilter(FilterChainProxy.java:374) [spring-security-web-6.5.7.jar:6.5.7]
	at org.springframework.security.web.authentication.AuthenticationFilter.doFilterInternal(AuthenticationFilter.java:177) [spring-security-web-6.5.7.jar:6.5.7]
	at org.springframework.web.filter.OncePerRequestFilter.doFilter(OncePerRequestFilter.java:116) [spring-web-6.2.14.jar:6.2.14]
	at org.springframework.security.web.FilterChainProxy$VirtualFilterChain.doFilter(FilterChainProxy.java:374) [spring-security-web-6.5.7.jar:6.5.7]
	at org.springframework.security.oauth2.server.resource.web.authentication.BearerTokenAuthenticationFilter.doFilterInternal(BearerTokenAuthenticationFilter.java:158) [spring-security-oauth2-resource-server-6.5.7.jar:6.5.7]
	at org.springframework.web.filter.OncePerRequestFilter.doFilter(OncePerRequestFilter.java:116) [spring-web-6.2.14.jar:6.2.14]
	at org.springframework.security.web.FilterChainProxy$VirtualFilterChain.doFilter(FilterChainProxy.java:374) [spring-security-web-6.5.7.jar:6.5.7]
	at org.springframework.security.web.authentication.logout.LogoutFilter.doFilter(LogoutFilter.java:107) [spring-security-web-6.5.7.jar:6.5.7]
	at org.springframework.security.web.authentication.logout.LogoutFilter.doFilter(LogoutFilter.java:93) [spring-security-web-6.5.7.jar:6.5.7]
	at org.springframework.security.web.FilterChainProxy$VirtualFilterChain.doFilter(FilterChainProxy.java:374) [spring-security-web-6.5.7.jar:6.5.7]
	at org.springframework.web.filter.CorsFilter.doFilterInternal(CorsFilter.java:91) [spring-web-6.2.14.jar:6.2.14]
	at org.springframework.web.filter.OncePerRequestFilter.doFilter(OncePerRequestFilter.java:116) [spring-web-6.2.14.jar:6.2.14]
	at org.springframework.security.web.FilterChainProxy$VirtualFilterChain.doFilter(FilterChainProxy.java:374) [spring-security-web-6.5.7.jar:6.5.7]
	at org.springframework.security.web.header.HeaderWriterFilter.doHeadersAfter(HeaderWriterFilter.java:90) [spring-security-web-6.5.7.jar:6.5.7]
	at org.springframework.security.web.header.HeaderWriterFilter.doFilterInternal(HeaderWriterFilter.java:75) [spring-security-web-6.5.7.jar:6.5.7]
	at org.springframework.web.filter.OncePerRequestFilter.doFilter(OncePerRequestFilter.java:116) [spring-web-6.2.14.jar:6.2.14]
	at org.springframework.security.web.FilterChainProxy$VirtualFilterChain.doFilter(FilterChainProxy.java:374) [spring-security-web-6.5.7.jar:6.5.7]
	at org.springframework.security.web.context.SecurityContextHolderFilter.doFilter(SecurityContextHolderFilter.java:82) [spring-security-web-6.5.7.jar:6.5.7]
	at org.springframework.security.web.context.SecurityContextHolderFilter.doFilter(SecurityContextHolderFilter.java:69) [spring-security-web-6.5.7.jar:6.5.7]
	at org.springframework.security.web.FilterChainProxy$VirtualFilterChain.doFilter(FilterChainProxy.java:374) [spring-security-web-6.5.7.jar:6.5.7]
	at org.springframework.security.web.context.request.async.WebAsyncManagerIntegrationFilter.doFilterInternal(WebAsyncManagerIntegrationFilter.java:62) [spring-security-web-6.5.7.jar:6.5.7]
	at org.springframework.web.filter.OncePerRequestFilter.doFilter(OncePerRequestFilter.java:116) [spring-web-6.2.14.jar:6.2.14]
	at org.springframework.security.web.FilterChainProxy$VirtualFilterChain.doFilter(FilterChainProxy.java:374) [spring-security-web-6.5.7.jar:6.5.7]
	at org.springframework.security.web.session.DisableEncodeUrlFilter.doFilterInternal(DisableEncodeUrlFilter.java:42) [spring-security-web-6.5.7.jar:6.5.7]
	at org.springframework.web.filter.OncePerRequestFilter.doFilter(OncePerRequestFilter.java:116) [spring-web-6.2.14.jar:6.2.14]
	at org.springframework.security.web.FilterChainProxy$VirtualFilterChain.doFilter(FilterChainProxy.java:374) [spring-security-web-6.5.7.jar:6.5.7]
	at org.springframework.security.web.FilterChainProxy.doFilterInternal(FilterChainProxy.java:233) [spring-security-web-6.5.7.jar:6.5.7]
	at org.springframework.security.web.FilterChainProxy.doFilter(FilterChainProxy.java:191) [spring-security-web-6.5.7.jar:6.5.7]
	at org.springframework.web.filter.CompositeFilter$VirtualFilterChain.doFilter(CompositeFilter.java:113) [spring-web-6.2.14.jar:6.2.14]
	at org.springframework.web.filter.ServletRequestPathFilter.doFilter(ServletRequestPathFilter.java:52) [spring-web-6.2.14.jar:6.2.14]
	at org.springframework.web.filter.CompositeFilter$VirtualFilterChain.doFilter(CompositeFilter.java:113) [spring-web-6.2.14.jar:6.2.14]
	at org.springframework.web.filter.CompositeFilter.doFilter(CompositeFilter.java:74) [spring-web-6.2.14.jar:6.2.14]
	at org.springframework.security.config.annotation.web.configuration.WebSecurityConfiguration$CompositeFilterChainProxy.doFilter(WebSecurityConfiguration.java:319) [spring-security-config-6.5.7.jar:6.5.7]
	at org.springframework.web.filter.CompositeFilter$VirtualFilterChain.doFilter(CompositeFilter.java:113) [spring-web-6.2.14.jar:6.2.14]
	at org.springframework.web.servlet.handler.HandlerMappingIntrospector.lambda$createCacheFilter$4(HandlerMappingIntrospector.java:267) [spring-webmvc-6.2.14.jar:6.2.14]
	at org.springframework.web.filter.CompositeFilter$VirtualFilterChain.doFilter(CompositeFilter.java:113) [spring-web-6.2.14.jar:6.2.14]
	at org.springframework.web.filter.CompositeFilter.doFilter(CompositeFilter.java:74) [spring-web-6.2.14.jar:6.2.14]
	at org.springframework.security.config.annotation.web.configuration.WebMvcSecurityConfiguration$CompositeFilterChainProxy.doFilter(WebMvcSecurityConfiguration.java:240) [spring-security-config-6.5.7.jar:6.5.7]
	at org.springframework.web.filter.DelegatingFilterProxy.invokeDelegate(DelegatingFilterProxy.java:362) [spring-web-6.2.14.jar:6.2.14]
	at org.springframework.web.filter.DelegatingFilterProxy.doFilter(DelegatingFilterProxy.java:278) [spring-web-6.2.14.jar:6.2.14]
	at org.apache.catalina.core.ApplicationFilterChain.internalDoFilter(ApplicationFilterChain.java:162) [tomcat-embed-core-10.1.49.jar:10.1.49]
	at org.apache.catalina.core.ApplicationFilterChain.doFilter(ApplicationFilterChain.java:138) [tomcat-embed-core-10.1.49.jar:10.1.49]
	at org.springframework.web.filter.RequestContextFilter.doFilterInternal(RequestContextFilter.java:100) [spring-web-6.2.14.jar:6.2.14]
	at org.springframework.web.filter.OncePerRequestFilter.doFilter(OncePerRequestFilter.java:116) [spring-web-6.2.14.jar:6.2.14]
	at org.apache.catalina.core.ApplicationFilterChain.internalDoFilter(ApplicationFilterChain.java:162) [tomcat-embed-core-10.1.49.jar:10.1.49]
	at org.apache.catalina.core.ApplicationFilterChain.doFilter(ApplicationFilterChain.java:138) [tomcat-embed-core-10.1.49.jar:10.1.49]
	at org.springframework.web.filter.FormContentFilter.doFilterInternal(FormContentFilter.java:93) [spring-web-6.2.14.jar:6.2.14]
	at org.springframework.web.filter.OncePerRequestFilter.doFilter(OncePerRequestFilter.java:116) [spring-web-6.2.14.jar:6.2.14]
	at org.apache.catalina.core.ApplicationFilterChain.internalDoFilter(ApplicationFilterChain.java:162) [tomcat-embed-core-10.1.49.jar:10.1.49]
	at org.apache.catalina.core.ApplicationFilterChain.doFilter(ApplicationFilterChain.java:138) [tomcat-embed-core-10.1.49.jar:10.1.49]
	at org.springframework.web.filter.CharacterEncodingFilter.doFilterInternal(CharacterEncodingFilter.java:201) [spring-web-6.2.14.jar:6.2.14]
	at org.springframework.web.filter.OncePerRequestFilter.doFilter(OncePerRequestFilter.java:116) [spring-web-6.2.14.jar:6.2.14]
	at org.apache.catalina.core.ApplicationFilterChain.internalDoFilter(ApplicationFilterChain.java:162) [tomcat-embed-core-10.1.49.jar:10.1.49]
	at org.apache.catalina.core.ApplicationFilterChain.doFilter(ApplicationFilterChain.java:138) [tomcat-embed-core-10.1.49.jar:10.1.49]
	at org.apache.catalina.core.StandardWrapperValve.invoke(StandardWrapperValve.java:165) [tomcat-embed-core-10.1.49.jar:10.1.49]
	at org.apache.catalina.core.StandardContextValve.invoke(StandardContextValve.java:88) [tomcat-embed-core-10.1.49.jar:10.1.49]
	at org.apache.catalina.authenticator.AuthenticatorBase.invoke(AuthenticatorBase.java:482) [tomcat-embed-core-10.1.49.jar:10.1.49]
	at org.apache.catalina.core.StandardHostValve.invoke(StandardHostValve.java:113) [tomcat-embed-core-10.1.49.jar:10.1.49]
	at org.apache.catalina.valves.ErrorReportValve.invoke(ErrorReportValve.java:83) [tomcat-embed-core-10.1.49.jar:10.1.49]
	at org.apache.catalina.core.StandardEngineValve.invoke(StandardEngineValve.java:72) [tomcat-embed-core-10.1.49.jar:10.1.49]
	at org.apache.catalina.connector.CoyoteAdapter.service(CoyoteAdapter.java:342) [tomcat-embed-core-10.1.49.jar:10.1.49]
	at org.apache.coyote.http11.Http11Processor.service(Http11Processor.java:399) [tomcat-embed-core-10.1.49.jar:10.1.49]
	at org.apache.coyote.AbstractProcessorLight.process(AbstractProcessorLight.java:63) [tomcat-embed-core-10.1.49.jar:10.1.49]
	at org.apache.coyote.AbstractProtocol$ConnectionHandler.process(AbstractProtocol.java:903) [tomcat-embed-core-10.1.49.jar:10.1.49]
	at org.apache.tomcat.util.net.NioEndpoint$SocketProcessor.doRun(NioEndpoint.java:1774) [tomcat-embed-core-10.1.49.jar:10.1.49]
	at org.apache.tomcat.util.net.SocketProcessorBase.run(SocketProcessorBase.java:52) [tomcat-embed-core-10.1.49.jar:10.1.49]
	at java.base/java.lang.VirtualThread.run(VirtualThread.java:475) [?:?]
11:31:16.435 [tomcat-handler-1] ERROR ServiceExceptionHandler - No EntityManager with actual transaction available for current thread - cannot reliably process 'remove' call
org.springframework.web.ErrorResponseException: 400 BAD_REQUEST, ProblemDetail[type='about:blank', title='Bad Request', status=400, detail='No EntityManager with actual transaction available for current thread - cannot reliably process 'remove' call', instance='null', properties='null']
	at com.leads.microcube.exception.ServiceExceptionHandler.handleException(ServiceExceptionHandler.java:45) [microcube.core-0.8.1.jar:0.8.1]
	at java.base/jdk.internal.reflect.DirectMethodHandleAccessor.invoke(DirectMethodHandleAccessor.java:104) ~[?:?]
	at java.base/java.lang.reflect.Method.invoke(Method.java:565) ~[?:?]
	at org.springframework.web.method.support.InvocableHandlerMethod.doInvoke(InvocableHandlerMethod.java:258) [spring-web-6.2.14.jar:6.2.14]
	at org.springframework.web.method.support.InvocableHandlerMethod.invokeForRequest(InvocableHandlerMethod.java:191) [spring-web-6.2.14.jar:6.2.14]
	at org.springframework.web.servlet.mvc.method.annotation.ServletInvocableHandlerMethod.invokeAndHandle(ServletInvocableHandlerMethod.java:118) [spring-webmvc-6.2.14.jar:6.2.14]
	at org.springframework.web.servlet.mvc.method.annotation.ExceptionHandlerExceptionResolver.doResolveHandlerMethodException(ExceptionHandlerExceptionResolver.java:471) [spring-webmvc-6.2.14.jar:6.2.14]
	at org.springframework.web.servlet.handler.AbstractHandlerMethodExceptionResolver.doResolveException(AbstractHandlerMethodExceptionResolver.java:73) [spring-webmvc-6.2.14.jar:6.2.14]
	at org.springframework.web.servlet.handler.AbstractHandlerExceptionResolver.resolveException(AbstractHandlerExceptionResolver.java:182) [spring-webmvc-6.2.14.jar:6.2.14]
	at org.springframework.web.servlet.handler.HandlerExceptionResolverComposite.resolveException(HandlerExceptionResolverComposite.java:80) [spring-webmvc-6.2.14.jar:6.2.14]
	at org.springframework.web.servlet.DispatcherServlet.processHandlerException(DispatcherServlet.java:1360) [spring-webmvc-6.2.14.jar:6.2.14]
	at org.springframework.web.servlet.DispatcherServlet.processDispatchResult(DispatcherServlet.java:1161) [spring-webmvc-6.2.14.jar:6.2.14]
	at org.springframework.web.servlet.DispatcherServlet.doDispatch(DispatcherServlet.java:1106) [spring-webmvc-6.2.14.jar:6.2.14]
	at org.springframework.web.servlet.DispatcherServlet.doService(DispatcherServlet.java:979) [spring-webmvc-6.2.14.jar:6.2.14]
	at org.springframework.web.servlet.FrameworkServlet.processRequest(FrameworkServlet.java:1014) [spring-webmvc-6.2.14.jar:6.2.14]
	at org.springframework.web.servlet.FrameworkServlet.doDelete(FrameworkServlet.java:936) [spring-webmvc-6.2.14.jar:6.2.14]
	at jakarta.servlet.http.HttpServlet.service(HttpServlet.java:596) [tomcat-embed-core-10.1.49.jar:6.0]
	at org.springframework.web.servlet.FrameworkServlet.service(FrameworkServlet.java:885) [spring-webmvc-6.2.14.jar:6.2.14]
	at jakarta.servlet.http.HttpServlet.service(HttpServlet.java:658) [tomcat-embed-core-10.1.49.jar:6.0]
	at org.apache.catalina.core.ApplicationFilterChain.internalDoFilter(ApplicationFilterChain.java:193) [tomcat-embed-core-10.1.49.jar:10.1.49]
	at org.apache.catalina.core.ApplicationFilterChain.doFilter(ApplicationFilterChain.java:138) [tomcat-embed-core-10.1.49.jar:10.1.49]
	at org.apache.tomcat.websocket.server.WsFilter.doFilter(WsFilter.java:51) [tomcat-embed-websocket-10.1.49.jar:10.1.49]
	at org.apache.catalina.core.ApplicationFilterChain.internalDoFilter(ApplicationFilterChain.java:162) [tomcat-embed-core-10.1.49.jar:10.1.49]
	at org.apache.catalina.core.ApplicationFilterChain.doFilter(ApplicationFilterChain.java:138) [tomcat-embed-core-10.1.49.jar:10.1.49]
	at org.springframework.web.filter.CompositeFilter$VirtualFilterChain.doFilter(CompositeFilter.java:108) [spring-web-6.2.14.jar:6.2.14]
	at org.springframework.web.filter.CompositeFilter$VirtualFilterChain.doFilter(CompositeFilter.java:108) [spring-web-6.2.14.jar:6.2.14]
	at org.springframework.security.web.FilterChainProxy.lambda$doFilterInternal$3(FilterChainProxy.java:231) [spring-security-web-6.5.7.jar:6.5.7]
	at org.springframework.security.web.FilterChainProxy$VirtualFilterChain.doFilter(FilterChainProxy.java:365) [spring-security-web-6.5.7.jar:6.5.7]
	at org.springframework.security.web.access.intercept.AuthorizationFilter.doFilter(AuthorizationFilter.java:101) [spring-security-web-6.5.7.jar:6.5.7]
	at org.springframework.security.web.FilterChainProxy$VirtualFilterChain.doFilter(FilterChainProxy.java:374) [spring-security-web-6.5.7.jar:6.5.7]
	at org.springframework.security.web.access.ExceptionTranslationFilter.doFilter(ExceptionTranslationFilter.java:125) [spring-security-web-6.5.7.jar:6.5.7]
	at org.springframework.security.web.access.ExceptionTranslationFilter.doFilter(ExceptionTranslationFilter.java:119) [spring-security-web-6.5.7.jar:6.5.7]
	at org.springframework.security.web.FilterChainProxy$VirtualFilterChain.doFilter(FilterChainProxy.java:374) [spring-security-web-6.5.7.jar:6.5.7]
	at org.springframework.security.web.authentication.AnonymousAuthenticationFilter.doFilter(AnonymousAuthenticationFilter.java:100) [spring-security-web-6.5.7.jar:6.5.7]
	at org.springframework.security.web.FilterChainProxy$VirtualFilterChain.doFilter(FilterChainProxy.java:374) [spring-security-web-6.5.7.jar:6.5.7]
	at org.springframework.security.web.servletapi.SecurityContextHolderAwareRequestFilter.doFilter(SecurityContextHolderAwareRequestFilter.java:179) [spring-security-web-6.5.7.jar:6.5.7]
	at org.springframework.security.web.FilterChainProxy$VirtualFilterChain.doFilter(FilterChainProxy.java:374) [spring-security-web-6.5.7.jar:6.5.7]
	at org.springframework.security.web.savedrequest.RequestCacheAwareFilter.doFilter(RequestCacheAwareFilter.java:63) [spring-security-web-6.5.7.jar:6.5.7]
	at org.springframework.security.web.FilterChainProxy$VirtualFilterChain.doFilter(FilterChainProxy.java:374) [spring-security-web-6.5.7.jar:6.5.7]
	at org.springframework.security.web.authentication.AuthenticationFilter.doFilterInternal(AuthenticationFilter.java:177) [spring-security-web-6.5.7.jar:6.5.7]
	at org.springframework.web.filter.OncePerRequestFilter.doFilter(OncePerRequestFilter.java:116) [spring-web-6.2.14.jar:6.2.14]
	at org.springframework.security.web.FilterChainProxy$VirtualFilterChain.doFilter(FilterChainProxy.java:374) [spring-security-web-6.5.7.jar:6.5.7]
	at org.springframework.security.oauth2.server.resource.web.authentication.BearerTokenAuthenticationFilter.doFilterInternal(BearerTokenAuthenticationFilter.java:158) [spring-security-oauth2-resource-server-6.5.7.jar:6.5.7]
	at org.springframework.web.filter.OncePerRequestFilter.doFilter(OncePerRequestFilter.java:116) [spring-web-6.2.14.jar:6.2.14]
	at org.springframework.security.web.FilterChainProxy$VirtualFilterChain.doFilter(FilterChainProxy.java:374) [spring-security-web-6.5.7.jar:6.5.7]
	at org.springframework.security.web.authentication.logout.LogoutFilter.doFilter(LogoutFilter.java:107) [spring-security-web-6.5.7.jar:6.5.7]
	at org.springframework.security.web.authentication.logout.LogoutFilter.doFilter(LogoutFilter.java:93) [spring-security-web-6.5.7.jar:6.5.7]
	at org.springframework.security.web.FilterChainProxy$VirtualFilterChain.doFilter(FilterChainProxy.java:374) [spring-security-web-6.5.7.jar:6.5.7]
	at org.springframework.web.filter.CorsFilter.doFilterInternal(CorsFilter.java:91) [spring-web-6.2.14.jar:6.2.14]
	at org.springframework.web.filter.OncePerRequestFilter.doFilter(OncePerRequestFilter.java:116) [spring-web-6.2.14.jar:6.2.14]
	at org.springframework.security.web.FilterChainProxy$VirtualFilterChain.doFilter(FilterChainProxy.java:374) [spring-security-web-6.5.7.jar:6.5.7]
	at org.springframework.security.web.header.HeaderWriterFilter.doHeadersAfter(HeaderWriterFilter.java:90) [spring-security-web-6.5.7.jar:6.5.7]
	at org.springframework.security.web.header.HeaderWriterFilter.doFilterInternal(HeaderWriterFilter.java:75) [spring-security-web-6.5.7.jar:6.5.7]
	at org.springframework.web.filter.OncePerRequestFilter.doFilter(OncePerRequestFilter.java:116) [spring-web-6.2.14.jar:6.2.14]
	at org.springframework.security.web.FilterChainProxy$VirtualFilterChain.doFilter(FilterChainProxy.java:374) [spring-security-web-6.5.7.jar:6.5.7]
	at org.springframework.security.web.context.SecurityContextHolderFilter.doFilter(SecurityContextHolderFilter.java:82) [spring-security-web-6.5.7.jar:6.5.7]
	at org.springframework.security.web.context.SecurityContextHolderFilter.doFilter(SecurityContextHolderFilter.java:69) [spring-security-web-6.5.7.jar:6.5.7]
	at org.springframework.security.web.FilterChainProxy$VirtualFilterChain.doFilter(FilterChainProxy.java:374) [spring-security-web-6.5.7.jar:6.5.7]
	at org.springframework.security.web.context.request.async.WebAsyncManagerIntegrationFilter.doFilterInternal(WebAsyncManagerIntegrationFilter.java:62) [spring-security-web-6.5.7.jar:6.5.7]
	at org.springframework.web.filter.OncePerRequestFilter.doFilter(OncePerRequestFilter.java:116) [spring-web-6.2.14.jar:6.2.14]
	at org.springframework.security.web.FilterChainProxy$VirtualFilterChain.doFilter(FilterChainProxy.java:374) [spring-security-web-6.5.7.jar:6.5.7]
	at org.springframework.security.web.session.DisableEncodeUrlFilter.doFilterInternal(DisableEncodeUrlFilter.java:42) [spring-security-web-6.5.7.jar:6.5.7]
	at org.springframework.web.filter.OncePerRequestFilter.doFilter(OncePerRequestFilter.java:116) [spring-web-6.2.14.jar:6.2.14]
	at org.springframework.security.web.FilterChainProxy$VirtualFilterChain.doFilter(FilterChainProxy.java:374) [spring-security-web-6.5.7.jar:6.5.7]
	at org.springframework.security.web.FilterChainProxy.doFilterInternal(FilterChainProxy.java:233) [spring-security-web-6.5.7.jar:6.5.7]
	at org.springframework.security.web.FilterChainProxy.doFilter(FilterChainProxy.java:191) [spring-security-web-6.5.7.jar:6.5.7]
	at org.springframework.web.filter.CompositeFilter$VirtualFilterChain.doFilter(CompositeFilter.java:113) [spring-web-6.2.14.jar:6.2.14]
	at org.springframework.web.filter.ServletRequestPathFilter.doFilter(ServletRequestPathFilter.java:52) [spring-web-6.2.14.jar:6.2.14]
	at org.springframework.web.filter.CompositeFilter$VirtualFilterChain.doFilter(CompositeFilter.java:113) [spring-web-6.2.14.jar:6.2.14]
	at org.springframework.web.filter.CompositeFilter.doFilter(CompositeFilter.java:74) [spring-web-6.2.14.jar:6.2.14]
	at org.springframework.security.config.annotation.web.configuration.WebSecurityConfiguration$CompositeFilterChainProxy.doFilter(WebSecurityConfiguration.java:319) [spring-security-config-6.5.7.jar:6.5.7]
	at org.springframework.web.filter.CompositeFilter$VirtualFilterChain.doFilter(CompositeFilter.java:113) [spring-web-6.2.14.jar:6.2.14]
	at org.springframework.web.servlet.handler.HandlerMappingIntrospector.lambda$createCacheFilter$4(HandlerMappingIntrospector.java:267) [spring-webmvc-6.2.14.jar:6.2.14]
	at org.springframework.web.filter.CompositeFilter$VirtualFilterChain.doFilter(CompositeFilter.java:113) [spring-web-6.2.14.jar:6.2.14]
	at org.springframework.web.filter.CompositeFilter.doFilter(CompositeFilter.java:74) [spring-web-6.2.14.jar:6.2.14]
	at org.springframework.security.config.annotation.web.configuration.WebMvcSecurityConfiguration$CompositeFilterChainProxy.doFilter(WebMvcSecurityConfiguration.java:240) [spring-security-config-6.5.7.jar:6.5.7]
	at org.springframework.web.filter.DelegatingFilterProxy.invokeDelegate(DelegatingFilterProxy.java:362) [spring-web-6.2.14.jar:6.2.14]
	at org.springframework.web.filter.DelegatingFilterProxy.doFilter(DelegatingFilterProxy.java:278) [spring-web-6.2.14.jar:6.2.14]
	at org.apache.catalina.core.ApplicationFilterChain.internalDoFilter(ApplicationFilterChain.java:162) [tomcat-embed-core-10.1.49.jar:10.1.49]
	at org.apache.catalina.core.ApplicationFilterChain.doFilter(ApplicationFilterChain.java:138) [tomcat-embed-core-10.1.49.jar:10.1.49]
	at org.springframework.web.filter.RequestContextFilter.doFilterInternal(RequestContextFilter.java:100) [spring-web-6.2.14.jar:6.2.14]
	at org.springframework.web.filter.OncePerRequestFilter.doFilter(OncePerRequestFilter.java:116) [spring-web-6.2.14.jar:6.2.14]
	at org.apache.catalina.core.ApplicationFilterChain.internalDoFilter(ApplicationFilterChain.java:162) [tomcat-embed-core-10.1.49.jar:10.1.49]
	at org.apache.catalina.core.ApplicationFilterChain.doFilter(ApplicationFilterChain.java:138) [tomcat-embed-core-10.1.49.jar:10.1.49]
	at org.springframework.web.filter.FormContentFilter.doFilterInternal(FormContentFilter.java:93) [spring-web-6.2.14.jar:6.2.14]
	at org.springframework.web.filter.OncePerRequestFilter.doFilter(OncePerRequestFilter.java:116) [spring-web-6.2.14.jar:6.2.14]
	at org.apache.catalina.core.ApplicationFilterChain.internalDoFilter(ApplicationFilterChain.java:162) [tomcat-embed-core-10.1.49.jar:10.1.49]
	at org.apache.catalina.core.ApplicationFilterChain.doFilter(ApplicationFilterChain.java:138) [tomcat-embed-core-10.1.49.jar:10.1.49]
	at org.springframework.web.filter.CharacterEncodingFilter.doFilterInternal(CharacterEncodingFilter.java:201) [spring-web-6.2.14.jar:6.2.14]
	at org.springframework.web.filter.OncePerRequestFilter.doFilter(OncePerRequestFilter.java:116) [spring-web-6.2.14.jar:6.2.14]
	at org.apache.catalina.core.ApplicationFilterChain.internalDoFilter(ApplicationFilterChain.java:162) [tomcat-embed-core-10.1.49.jar:10.1.49]
	at org.apache.catalina.core.ApplicationFilterChain.doFilter(ApplicationFilterChain.java:138) [tomcat-embed-core-10.1.49.jar:10.1.49]
	at org.apache.catalina.core.StandardWrapperValve.invoke(StandardWrapperValve.java:165) [tomcat-embed-core-10.1.49.jar:10.1.49]
	at org.apache.catalina.core.StandardContextValve.invoke(StandardContextValve.java:88) [tomcat-embed-core-10.1.49.jar:10.1.49]
	at org.apache.catalina.authenticator.AuthenticatorBase.invoke(AuthenticatorBase.java:482) [tomcat-embed-core-10.1.49.jar:10.1.49]
	at org.apache.catalina.core.StandardHostValve.invoke(StandardHostValve.java:113) [tomcat-embed-core-10.1.49.jar:10.1.49]
	at org.apache.catalina.valves.ErrorReportValve.invoke(ErrorReportValve.java:83) [tomcat-embed-core-10.1.49.jar:10.1.49]
	at org.apache.catalina.core.StandardEngineValve.invoke(StandardEngineValve.java:72) [tomcat-embed-core-10.1.49.jar:10.1.49]
	at org.apache.catalina.connector.CoyoteAdapter.service(CoyoteAdapter.java:342) [tomcat-embed-core-10.1.49.jar:10.1.49]
	at org.apache.coyote.http11.Http11Processor.service(Http11Processor.java:399) [tomcat-embed-core-10.1.49.jar:10.1.49]
	at org.apache.coyote.AbstractProcessorLight.process(AbstractProcessorLight.java:63) [tomcat-embed-core-10.1.49.jar:10.1.49]
	at org.apache.coyote.AbstractProtocol$ConnectionHandler.process(AbstractProtocol.java:903) [tomcat-embed-core-10.1.49.jar:10.1.49]
	at org.apache.tomcat.util.net.NioEndpoint$SocketProcessor.doRun(NioEndpoint.java:1774) [tomcat-embed-core-10.1.49.jar:10.1.49]
	at org.apache.tomcat.util.net.SocketProcessorBase.run(SocketProcessorBase.java:52) [tomcat-embed-core-10.1.49.jar:10.1.49]
	at java.base/java.lang.VirtualThread.run(VirtualThread.java:475) [?:?]
Caused by: org.springframework.dao.InvalidDataAccessApiUsageException: No EntityManager with actual transaction available for current thread - cannot reliably process 'remove' call
	at org.springframework.orm.jpa.EntityManagerFactoryUtils.convertJpaAccessExceptionIfPossible(EntityManagerFactoryUtils.java:400) ~[spring-orm-6.2.14.jar:6.2.14]
	at org.springframework.orm.jpa.vendor.HibernateJpaDialect.translateExceptionIfPossible(HibernateJpaDialect.java:246) ~[spring-orm-6.2.14.jar:6.2.14]
	at org.springframework.orm.jpa.AbstractEntityManagerFactoryBean.translateExceptionIfPossible(AbstractEntityManagerFactoryBean.java:560) ~[spring-orm-6.2.14.jar:6.2.14]
	at org.springframework.dao.support.ChainedPersistenceExceptionTranslator.translateExceptionIfPossible(ChainedPersistenceExceptionTranslator.java:61) ~[spring-tx-6.2.14.jar:6.2.14]
	at org.springframework.dao.support.DataAccessUtils.translateIfNecessary(DataAccessUtils.java:343) ~[spring-tx-6.2.14.jar:6.2.14]
	at org.springframework.dao.support.PersistenceExceptionTranslationInterceptor.invoke(PersistenceExceptionTranslationInterceptor.java:160) ~[spring-tx-6.2.14.jar:6.2.14]
	at org.springframework.aop.framework.ReflectiveMethodInvocation.proceed(ReflectiveMethodInvocation.java:184) ~[spring-aop-6.2.14.jar:6.2.14]
	at org.springframework.data.jpa.repository.support.CrudMethodMetadataPostProcessor$CrudMethodMetadataPopulatingMethodInterceptor.invoke(CrudMethodMetadataPostProcessor.java:136) ~[spring-data-jpa-3.5.6.jar:3.5.6]
	at org.springframework.aop.framework.ReflectiveMethodInvocation.proceed(ReflectiveMethodInvocation.java:184) ~[spring-aop-6.2.14.jar:6.2.14]
	at org.springframework.aop.framework.JdkDynamicAopProxy.invoke(JdkDynamicAopProxy.java:223) ~[spring-aop-6.2.14.jar:6.2.14]
	at jdk.proxy5/jdk.proxy5.$Proxy243.deleteByClientId(Unknown Source) ~[?:?]
	at com.leads.sandbox.test.project.client.ClientServiceImpl.lambda$deleteClientData$0(ClientServiceImpl.java:42) ~[classes/:?]
	at java.base/java.util.Optional.map(Optional.java:264) ~[?:?]
	at com.leads.sandbox.test.project.client.ClientServiceImpl.deleteClientData(ClientServiceImpl.java:41) ~[classes/:?]
	at com.leads.sandbox.test.project.client.ClientServiceImpl.deleteClientAddress(ClientServiceImpl.java:193) ~[classes/:?]
	at java.base/jdk.internal.reflect.DirectMethodHandleAccessor.invoke(DirectMethodHandleAccessor.java:104) ~[?:?]
	at java.base/java.lang.reflect.Method.invoke(Method.java:565) ~[?:?]
	at org.springframework.aop.support.AopUtils.invokeJoinpointUsingReflection(AopUtils.java:360) ~[spring-aop-6.2.14.jar:6.2.14]
	at org.springframework.aop.framework.CglibAopProxy$DynamicAdvisedInterceptor.intercept(CglibAopProxy.java:724) ~[spring-aop-6.2.14.jar:6.2.14]
	at com.leads.sandbox.test.project.client.ClientServiceImpl$$SpringCGLIB$$0.deleteClientAddress(<generated>) ~[classes/:?]
	at com.leads.sandbox.test.project.client.ClientController.deleteClientAddress(ClientInfoController.java:74) ~[classes/:?]
	at java.base/jdk.internal.reflect.DirectMethodHandleAccessor.invoke(DirectMethodHandleAccessor.java:104) ~[?:?]
	at java.base/java.lang.reflect.Method.invoke(Method.java:565) ~[?:?]
	at org.springframework.web.method.support.InvocableHandlerMethod.doInvoke(InvocableHandlerMethod.java:258) ~[spring-web-6.2.14.jar:6.2.14]
	at org.springframework.web.method.support.InvocableHandlerMethod.invokeForRequest(InvocableHandlerMethod.java:191) ~[spring-web-6.2.14.jar:6.2.14]
	at org.springframework.web.servlet.mvc.method.annotation.ServletInvocableHandlerMethod.invokeAndHandle(ServletInvocableHandlerMethod.java:118) ~[spring-webmvc-6.2.14.jar:6.2.14]
	at org.springframework.web.servlet.mvc.method.annotation.RequestMappingHandlerAdapter.invokeHandlerMethod(RequestMappingHandlerAdapter.java:991) ~[spring-webmvc-6.2.14.jar:6.2.14]
	at org.springframework.web.servlet.mvc.method.annotation.RequestMappingHandlerAdapter.handleInternal(RequestMappingHandlerAdapter.java:896) ~[spring-webmvc-6.2.14.jar:6.2.14]
	at org.springframework.web.servlet.mvc.method.AbstractHandlerMethodAdapter.handle(AbstractHandlerMethodAdapter.java:87) ~[spring-webmvc-6.2.14.jar:6.2.14]
	at org.springframework.web.servlet.DispatcherServlet.doDispatch(DispatcherServlet.java:1089) ~[spring-webmvc-6.2.14.jar:6.2.14]
	... 92 more
Caused by: jakarta.persistence.TransactionRequiredException: No EntityManager with actual transaction available for current thread - cannot reliably process 'remove' call
	at org.springframework.orm.jpa.SharedEntityManagerCreator$SharedEntityManagerInvocationHandler.invoke(SharedEntityManagerCreator.java:304) ~[spring-orm-6.2.14.jar:6.2.14]
	at jdk.proxy5/jdk.proxy5.$Proxy231.remove(Unknown Source) ~[?:?]
	at org.springframework.data.jpa.repository.query.JpaQueryExecution$DeleteExecution.doExecute(JpaQueryExecution.java:315) ~[spring-data-jpa-3.5.6.jar:3.5.6]
	at org.springframework.data.jpa.repository.query.JpaQueryExecution.execute(JpaQueryExecution.java:95) ~[spring-data-jpa-3.5.6.jar:3.5.6]
	at org.springframework.data.jpa.repository.query.AbstractJpaQuery.doExecute(AbstractJpaQuery.java:160) ~[spring-data-jpa-3.5.6.jar:3.5.6]
	at org.springframework.data.jpa.repository.query.AbstractJpaQuery.execute(AbstractJpaQuery.java:148) ~[spring-data-jpa-3.5.6.jar:3.5.6]
	at org.springframework.data.repository.core.support.RepositoryMethodInvoker.doInvoke(RepositoryMethodInvoker.java:170) ~[spring-data-commons-3.5.6.jar:3.5.6]
	at org.springframework.data.repository.core.support.RepositoryMethodInvoker.invoke(RepositoryMethodInvoker.java:158) ~[spring-data-commons-3.5.6.jar:3.5.6]
	at org.springframework.data.repository.core.support.QueryExecutorMethodInterceptor.doInvoke(QueryExecutorMethodInterceptor.java:170) ~[spring-data-commons-3.5.6.jar:3.5.6]
	at org.springframework.data.repository.core.support.QueryExecutorMethodInterceptor.invoke(QueryExecutorMethodInterceptor.java:149) ~[spring-data-commons-3.5.6.jar:3.5.6]
	at org.springframework.aop.framework.ReflectiveMethodInvocation.proceed(ReflectiveMethodInvocation.java:184) ~[spring-aop-6.2.14.jar:6.2.14]
	at org.springframework.data.projection.DefaultMethodInvokingMethodInterceptor.invoke(DefaultMethodInvokingMethodInterceptor.java:69) ~[spring-data-commons-3.5.6.jar:3.5.6]
	at org.springframework.aop.framework.ReflectiveMethodInvocation.proceed(ReflectiveMethodInvocation.java:184) ~[spring-aop-6.2.14.jar:6.2.14]
	at org.springframework.transaction.interceptor.TransactionAspectSupport.invokeWithinTransaction(TransactionAspectSupport.java:380) ~[spring-tx-6.2.14.jar:6.2.14]
	at org.springframework.transaction.interceptor.TransactionInterceptor.invoke(TransactionInterceptor.java:119) ~[spring-tx-6.2.14.jar:6.2.14]
	at org.springframework.aop.framework.ReflectiveMethodInvocation.proceed(ReflectiveMethodInvocation.java:184) ~[spring-aop-6.2.14.jar:6.2.14]
	at org.springframework.dao.support.PersistenceExceptionTranslationInterceptor.invoke(PersistenceExceptionTranslationInterceptor.java:138) ~[spring-tx-6.2.14.jar:6.2.14]
	at org.springframework.aop.framework.ReflectiveMethodInvocation.proceed(ReflectiveMethodInvocation.java:184) ~[spring-aop-6.2.14.jar:6.2.14]
	at org.springframework.data.jpa.repository.support.CrudMethodMetadataPostProcessor$CrudMethodMetadataPopulatingMethodInterceptor.invoke(CrudMethodMetadataPostProcessor.java:136) ~[spring-data-jpa-3.5.6.jar:3.5.6]
	at org.springframework.aop.framework.ReflectiveMethodInvocation.proceed(ReflectiveMethodInvocation.java:184) ~[spring-aop-6.2.14.jar:6.2.14]
	at org.springframework.aop.framework.JdkDynamicAopProxy.invoke(JdkDynamicAopProxy.java:223) ~[spring-aop-6.2.14.jar:6.2.14]
	at jdk.proxy5/jdk.proxy5.$Proxy243.deleteByClientId(Unknown Source) ~[?:?]
	at com.leads.sandbox.test.project.client.ClientServiceImpl.lambda$deleteClientData$0(ClientServiceImpl.java:42) ~[classes/:?]
	at java.base/java.util.Optional.map(Optional.java:264) ~[?:?]
	at com.leads.sandbox.test.project.client.ClientServiceImpl.deleteClientData(ClientServiceImpl.java:41) ~[classes/:?]
	at com.leads.sandbox.test.project.client.ClientServiceImpl.deleteClientAddress(ClientServiceImpl.java:193) ~[classes/:?]
	at java.base/jdk.internal.reflect.DirectMethodHandleAccessor.invoke(DirectMethodHandleAccessor.java:104) ~[?:?]
	at java.base/java.lang.reflect.Method.invoke(Method.java:565) ~[?:?]
	at org.springframework.aop.support.AopUtils.invokeJoinpointUsingReflection(AopUtils.java:360) ~[spring-aop-6.2.14.jar:6.2.14]
	at org.springframework.aop.framework.CglibAopProxy$DynamicAdvisedInterceptor.intercept(CglibAopProxy.java:724) ~[spring-aop-6.2.14.jar:6.2.14]
	at com.leads.sandbox.test.project.client.ClientServiceImpl$$SpringCGLIB$$0.deleteClientAddress(<generated>) ~[classes/:?]
	at com.leads.sandbox.test.project.client.ClientController.deleteClientAddress(ClientInfoController.java:74) ~[classes/:?]
	at java.base/jdk.internal.reflect.DirectMethodHandleAccessor.invoke(DirectMethodHandleAccessor.java:104) ~[?:?]
	at java.base/java.lang.reflect.Method.invoke(Method.java:565) ~[?:?]
	at org.springframework.web.method.support.InvocableHandlerMethod.doInvoke(InvocableHandlerMethod.java:258) ~[spring-web-6.2.14.jar:6.2.14]
	at org.springframework.web.method.support.InvocableHandlerMethod.invokeForRequest(InvocableHandlerMethod.java:191) ~[spring-web-6.2.14.jar:6.2.14]
	at org.springframework.web.servlet.mvc.method.annotation.ServletInvocableHandlerMethod.invokeAndHandle(ServletInvocableHandlerMethod.java:118) ~[spring-webmvc-6.2.14.jar:6.2.14]
	at org.springframework.web.servlet.mvc.method.annotation.RequestMappingHandlerAdapter.invokeHandlerMethod(RequestMappingHandlerAdapter.java:991) ~[spring-webmvc-6.2.14.jar:6.2.14]
	at org.springframework.web.servlet.mvc.method.annotation.RequestMappingHandlerAdapter.handleInternal(RequestMappingHandlerAdapter.java:896) ~[spring-webmvc-6.2.14.jar:6.2.14]
	at org.springframework.web.servlet.mvc.method.AbstractHandlerMethodAdapter.handle(AbstractHandlerMethodAdapter.java:87) ~[spring-webmvc-6.2.14.jar:6.2.14]
	at org.springframework.web.servlet.DispatcherServlet.doDispatch(DispatcherServlet.java:1089) ~[spring-webmvc-6.2.14.jar:6.2.14]
	... 92 more
